<?xml version="1.0" encoding="utf-8"?>
<!-- Generated by PRONEXUS WORKS -->
<link:linkbase xmlns:link="http://www.xbrl.org/2003/linkbase" xmlns:xsi="http://www.w3.org/2001/XMLSchema-instance" xmlns:xbrli="http://www.xbrl.org/2003/instance" xmlns:xlink="http://www.w3.org/1999/xlink">
  <link:labelLink xlink:type="extended" xlink:role="http://www.xbrl.org/2003/role/link">
    <link:loc xlink:type="locator" xlink:href="jpcrp030000-asr-001_E34082-000_2020-03-31_01_2020-06-30.xsd#jpcrp030000-asr_E34082-000_HirokazuYoshinagaMember" xlink:label="HirokazuYoshinagaMember" />
    <link:loc xlink:type="locator" xlink:href="jpcrp030000-asr-001_E34082-000_2020-03-31_01_2020-06-30.xsd#jpcrp030000-asr_E34082-000_MasahisaKishimotoMember" xlink:label="MasahisaKishimotoMember" />
    <link:loc xlink:type="locator" xlink:href="jpcrp030000-asr-001_E34082-000_2020-03-31_01_2020-06-30.xsd#jpcrp030000-asr_E34082-000_AkifumiIkenagaMember" xlink:label="AkifumiIkenagaMember" />
    <link:loc xlink:type="locator" xlink:href="jpcrp030000-asr-001_E34082-000_2020-03-31_01_2020-06-30.xsd#jpcrp030000-asr_E34082-000_DaisukeFujiokaMember" xlink:label="DaisukeFujiokaMember" />
    <link:loc xlink:type="locator" xlink:href="jpcrp030000-asr-001_E34082-000_2020-03-31_01_2020-06-30.xsd#jpcrp030000-asr_E34082-000_KuniyukiHashimotoMember" xlink:label="KuniyukiHashimotoMember" />
    <link:loc xlink:type="locator" xlink:href="jpcrp030000-asr-001_E34082-000_2020-03-31_01_2020-06-30.xsd#jpcrp030000-asr_E34082-000_HidekiSasabeMember" xlink:label="HidekiSasabeMember" />
    <link:loc xlink:type="locator" xlink:href="jpcrp030000-asr-001_E34082-000_2020-03-31_01_2020-06-30.xsd#jpcrp030000-asr_E34082-000_DescriptionForTheFirstYearOfPreparationOfConsolidatedFinancialStatementsFinancialInformation" xlink:label="DescriptionForTheFirstYearOfPreparationOfConsolidatedFinancialStatementsFinancialInformation" />
    <link:loc xlink:type="locator" xlink:href="http://disclosure.edinet-fsa.go.jp/taxonomy/jppfs/2019-11-01/jppfs_cor_2019-11-01.xsd#jppfs_cor_CumulativeEffectsOfChangesInAccountingPolicies" xlink:label="CumulativeEffectsOfChangesInAccountingPolicies" />
    <link:label xlink:type="resource" xlink:label="label_CumulativeEffectsOfChangesInAccountingPolicies" xml:lang="ja" xlink:role="http://www.xbrl.org/2003/role/periodStartLabel" id="label_CumulativeEffectsOfChangesInAccountingPolicies">会計方針の変更による累積的影響額</link:label>
    <link:labelArc xlink:type="arc" xlink:arcrole="http://www.xbrl.org/2003/arcrole/concept-label" xlink:from="CumulativeEffectsOfChangesInAccountingPolicies" xlink:to="label_CumulativeEffectsOfChangesInAccountingPolicies" />
    <link:loc xlink:type="locator" xlink:href="http://disclosure.edinet-fsa.go.jp/taxonomy/jppfs/2019-11-01/jppfs_cor_2019-11-01.xsd#jppfs_cor_RestatedBalance" xlink:label="RestatedBalance" />
    <link:label xlink:type="resource" xlink:label="label_RestatedBalance" xml:lang="ja" xlink:role="http://www.xbrl.org/2003/role/periodStartLabel" id="label_RestatedBalance">会計方針の変更を反映した当期首残高</link:label>
    <link:labelArc xlink:type="arc" xlink:arcrole="http://www.xbrl.org/2003/arcrole/concept-label" xlink:from="RestatedBalance" xlink:to="label_RestatedBalance" />
    <link:label xlink:type="resource" xlink:label="label_DescriptionForTheFirstYearOfPreparationOfConsolidatedFinancialStatementsFinancialInformation" xml:lang="ja" xlink:role="http://www.xbrl.org/2003/role/label" id="label_DescriptionForTheFirstYearOfPreparationOfConsolidatedFinancialStatementsFinancialInformation">連結財務諸表の作成初年度である場合の記載</link:label>
    <link:labelArc xlink:type="arc" xlink:arcrole="http://www.xbrl.org/2003/arcrole/concept-label" xlink:from="DescriptionForTheFirstYearOfPreparationOfConsolidatedFinancialStatementsFinancialInformation" xlink:to="label_DescriptionForTheFirstYearOfPreparationOfConsolidatedFinancialStatementsFinancialInformation" />
    <link:label xlink:type="resource" xlink:label="label_DescriptionForTheFirstYearOfPreparationOfConsolidatedFinancialStatementsFinancialInformation_2" xml:lang="ja" xlink:role="http://www.xbrl.org/2003/role/verboseLabel" id="label_DescriptionForTheFirstYearOfPreparationOfConsolidatedFinancialStatementsFinancialInformation_2">連結財務諸表の作成初年度である場合の記載、経理の状況</link:label>
    <link:labelArc xlink:type="arc" xlink:arcrole="http://www.xbrl.org/2003/arcrole/concept-label" xlink:from="DescriptionForTheFirstYearOfPreparationOfConsolidatedFinancialStatementsFinancialInformation" xlink:to="label_DescriptionForTheFirstYearOfPreparationOfConsolidatedFinancialStatementsFinancialInformation_2" />
    <link:label xlink:type="resource" xlink:label="label_HirokazuYoshinagaMember" xml:lang="ja" xlink:role="http://www.xbrl.org/2003/role/verboseLabel" id="label_HirokazuYoshinagaMember">吉永　浩和 [メンバー]</link:label>
    <link:labelArc xlink:type="arc" xlink:arcrole="http://www.xbrl.org/2003/arcrole/concept-label" xlink:from="HirokazuYoshinagaMember" xlink:to="label_HirokazuYoshinagaMember" />
    <link:label xlink:type="resource" xlink:label="label_HirokazuYoshinagaMember_2" xml:lang="ja" xlink:role="http://www.xbrl.org/2003/role/label" id="label_HirokazuYoshinagaMember_2">吉永　浩和</link:label>
    <link:labelArc xlink:type="arc" xlink:arcrole="http://www.xbrl.org/2003/arcrole/concept-label" xlink:from="HirokazuYoshinagaMember" xlink:to="label_HirokazuYoshinagaMember_2" />
    <link:label xlink:type="resource" xlink:label="label_MasahisaKishimotoMember" xml:lang="ja" xlink:role="http://www.xbrl.org/2003/role/verboseLabel" id="label_MasahisaKishimotoMember">岸本　雅久 [メンバー]</link:label>
    <link:labelArc xlink:type="arc" xlink:arcrole="http://www.xbrl.org/2003/arcrole/concept-label" xlink:from="MasahisaKishimotoMember" xlink:to="label_MasahisaKishimotoMember" />
    <link:label xlink:type="resource" xlink:label="label_MasahisaKishimotoMember_2" xml:lang="ja" xlink:role="http://www.xbrl.org/2003/role/label" id="label_MasahisaKishimotoMember_2">岸本　雅久</link:label>
    <link:labelArc xlink:type="arc" xlink:arcrole="http://www.xbrl.org/2003/arcrole/concept-label" xlink:from="MasahisaKishimotoMember" xlink:to="label_MasahisaKishimotoMember_2" />
    <link:label xlink:type="resource" xlink:label="label_AkifumiIkenagaMember" xml:lang="ja" xlink:role="http://www.xbrl.org/2003/role/verboseLabel" id="label_AkifumiIkenagaMember">池永　彰文 [メンバー]</link:label>
    <link:labelArc xlink:type="arc" xlink:arcrole="http://www.xbrl.org/2003/arcrole/concept-label" xlink:from="AkifumiIkenagaMember" xlink:to="label_AkifumiIkenagaMember" />
    <link:label xlink:type="resource" xlink:label="label_AkifumiIkenagaMember_2" xml:lang="ja" xlink:role="http://www.xbrl.org/2003/role/label" id="label_AkifumiIkenagaMember_2">池永　彰文</link:label>
    <link:labelArc xlink:type="arc" xlink:arcrole="http://www.xbrl.org/2003/arcrole/concept-label" xlink:from="AkifumiIkenagaMember" xlink:to="label_AkifumiIkenagaMember_2" />
    <link:label xlink:type="resource" xlink:label="label_DaisukeFujiokaMember" xml:lang="ja" xlink:role="http://www.xbrl.org/2003/role/verboseLabel" id="label_DaisukeFujiokaMember">藤岡　大祐[メンバー]</link:label>
    <link:labelArc xlink:type="arc" xlink:arcrole="http://www.xbrl.org/2003/arcrole/concept-label" xlink:from="DaisukeFujiokaMember" xlink:to="label_DaisukeFujiokaMember" />
    <link:label xlink:type="resource" xlink:label="label_DaisukeFujiokaMember_2" xml:lang="ja" xlink:role="http://www.xbrl.org/2003/role/label" id="label_DaisukeFujiokaMember_2">藤岡　大祐</link:label>
    <link:labelArc xlink:type="arc" xlink:arcrole="http://www.xbrl.org/2003/arcrole/concept-label" xlink:from="DaisukeFujiokaMember" xlink:to="label_DaisukeFujiokaMember_2" />
    <link:label xlink:type="resource" xlink:label="label_KuniyukiHashimotoMember" xml:lang="ja" xlink:role="http://www.xbrl.org/2003/role/verboseLabel" id="label_KuniyukiHashimotoMember">橋本　訓幸 [メンバー]</link:label>
    <link:labelArc xlink:type="arc" xlink:arcrole="http://www.xbrl.org/2003/arcrole/concept-label" xlink:from="KuniyukiHashimotoMember" xlink:to="label_KuniyukiHashimotoMember" />
    <link:label xlink:type="resource" xlink:label="label_KuniyukiHashimotoMember_2" xml:lang="ja" xlink:role="http://www.xbrl.org/2003/role/label" id="label_KuniyukiHashimotoMember_2">橋本　訓幸</link:label>
    <link:labelArc xlink:type="arc" xlink:arcrole="http://www.xbrl.org/2003/arcrole/concept-label" xlink:from="KuniyukiHashimotoMember" xlink:to="label_KuniyukiHashimotoMember_2" />
    <link:label xlink:type="resource" xlink:label="label_HidekiSasabeMember" xml:lang="ja" xlink:role="http://www.xbrl.org/2003/role/verboseLabel" id="label_HidekiSasabeMember">笹部　秀樹 [メンバー]</link:label>
    <link:labelArc xlink:type="arc" xlink:arcrole="http://www.xbrl.org/2003/arcrole/concept-label" xlink:from="HidekiSasabeMember" xlink:to="label_HidekiSasabeMember" />
    <link:label xlink:type="resource" xlink:label="label_HidekiSasabeMember_2" xml:lang="ja" xlink:role="http://www.xbrl.org/2003/role/label" id="label_HidekiSasabeMember_2">笹部　秀樹</link:label>
    <link:labelArc xlink:type="arc" xlink:arcrole="http://www.xbrl.org/2003/arcrole/concept-label" xlink:from="HidekiSasabeMember" xlink:to="label_HidekiSasabeMember_2" />
  </link:labelLink>
</link:linkbase>