<?xml version="1.0" encoding="utf-8"?>
<!-- Generated by PRONEXUS WORKS -->
<link:linkbase xmlns:link="http://www.xbrl.org/2003/linkbase" xmlns:xsi="http://www.w3.org/2001/XMLSchema-instance" xmlns:xbrli="http://www.xbrl.org/2003/instance" xmlns:xlink="http://www.w3.org/1999/xlink">
  <link:labelLink xlink:type="extended" xlink:role="http://www.xbrl.org/2003/role/link">
    <link:loc xlink:type="locator" xlink:href="jpcrp030000-asr-001_E34082-000_2020-03-31_01_2020-06-30.xsd#jpcrp030000-asr_E34082-000_HirokazuYoshinagaMember" xlink:label="HirokazuYoshinagaMember" />
    <link:loc xlink:type="locator" xlink:href="jpcrp030000-asr-001_E34082-000_2020-03-31_01_2020-06-30.xsd#jpcrp030000-asr_E34082-000_MasahisaKishimotoMember" xlink:label="MasahisaKishimotoMember" />
    <link:loc xlink:type="locator" xlink:href="jpcrp030000-asr-001_E34082-000_2020-03-31_01_2020-06-30.xsd#jpcrp030000-asr_E34082-000_AkifumiIkenagaMember" xlink:label="AkifumiIkenagaMember" />
    <link:loc xlink:type="locator" xlink:href="jpcrp030000-asr-001_E34082-000_2020-03-31_01_2020-06-30.xsd#jpcrp030000-asr_E34082-000_DaisukeFujiokaMember" xlink:label="DaisukeFujiokaMember" />
    <link:loc xlink:type="locator" xlink:href="jpcrp030000-asr-001_E34082-000_2020-03-31_01_2020-06-30.xsd#jpcrp030000-asr_E34082-000_KuniyukiHashimotoMember" xlink:label="KuniyukiHashimotoMember" />
    <link:loc xlink:type="locator" xlink:href="jpcrp030000-asr-001_E34082-000_2020-03-31_01_2020-06-30.xsd#jpcrp030000-asr_E34082-000_HidekiSasabeMember" xlink:label="HidekiSasabeMember" />
    <link:loc xlink:type="locator" xlink:href="jpcrp030000-asr-001_E34082-000_2020-03-31_01_2020-06-30.xsd#jpcrp030000-asr_E34082-000_DescriptionForTheFirstYearOfPreparationOfConsolidatedFinancialStatementsFinancialInformation" xlink:label="DescriptionForTheFirstYearOfPreparationOfConsolidatedFinancialStatementsFinancialInformation" />
    <link:loc xlink:type="locator" xlink:href="http://disclosure.edinet-fsa.go.jp/taxonomy/jppfs/2019-11-01/jppfs_cor_2019-11-01.xsd#jppfs_cor_CumulativeEffectsOfChangesInAccountingPolicies" xlink:label="CumulativeEffectsOfChangesInAccountingPolicies" />
    <link:label xlink:type="resource" xlink:label="label_CumulativeEffectsOfChangesInAccountingPolicies" xml:lang="en" xlink:role="http://www.xbrl.org/2003/role/periodStartLabel" id="label_CumulativeEffectsOfChangesInAccountingPolicies">Cumulative effects of changes in accounting policies</link:label>
    <link:labelArc xlink:type="arc" xlink:arcrole="http://www.xbrl.org/2003/arcrole/concept-label" xlink:from="CumulativeEffectsOfChangesInAccountingPolicies" xlink:to="label_CumulativeEffectsOfChangesInAccountingPolicies" />
    <link:loc xlink:type="locator" xlink:href="http://disclosure.edinet-fsa.go.jp/taxonomy/jppfs/2019-11-01/jppfs_cor_2019-11-01.xsd#jppfs_cor_RestatedBalance" xlink:label="RestatedBalance" />
    <link:label xlink:type="resource" xlink:label="label_RestatedBalance" xml:lang="en" xlink:role="http://www.xbrl.org/2003/role/periodStartLabel" id="label_RestatedBalance">Restated balance</link:label>
    <link:labelArc xlink:type="arc" xlink:arcrole="http://www.xbrl.org/2003/arcrole/concept-label" xlink:from="RestatedBalance" xlink:to="label_RestatedBalance" />
    <link:label xlink:type="resource" xlink:label="label_DescriptionForTheFirstYearOfPreparationOfConsolidatedFinancialStatementsFinancialInformation" xml:lang="en" xlink:role="http://www.xbrl.org/2003/role/label" id="label_DescriptionForTheFirstYearOfPreparationOfConsolidatedFinancialStatementsFinancialInformation">Description for the first year of preparation of consolidated financial statements</link:label>
    <link:labelArc xlink:type="arc" xlink:arcrole="http://www.xbrl.org/2003/arcrole/concept-label" xlink:from="DescriptionForTheFirstYearOfPreparationOfConsolidatedFinancialStatementsFinancialInformation" xlink:to="label_DescriptionForTheFirstYearOfPreparationOfConsolidatedFinancialStatementsFinancialInformation" />
    <link:label xlink:type="resource" xlink:label="label_DescriptionForTheFirstYearOfPreparationOfConsolidatedFinancialStatementsFinancialInformation_2" xml:lang="en" xlink:role="http://www.xbrl.org/2003/role/verboseLabel" id="label_DescriptionForTheFirstYearOfPreparationOfConsolidatedFinancialStatementsFinancialInformation_2">Description for the first year of preparation of consolidated financial statements, Financial information</link:label>
    <link:labelArc xlink:type="arc" xlink:arcrole="http://www.xbrl.org/2003/arcrole/concept-label" xlink:from="DescriptionForTheFirstYearOfPreparationOfConsolidatedFinancialStatementsFinancialInformation" xlink:to="label_DescriptionForTheFirstYearOfPreparationOfConsolidatedFinancialStatementsFinancialInformation_2" />
    <link:label xlink:type="resource" xlink:label="label_HirokazuYoshinagaMember" xml:lang="en" xlink:role="http://www.xbrl.org/2003/role/verboseLabel" id="label_HirokazuYoshinagaMember">Hirokazu Yoshinaga [member]</link:label>
    <link:labelArc xlink:type="arc" xlink:arcrole="http://www.xbrl.org/2003/arcrole/concept-label" xlink:from="HirokazuYoshinagaMember" xlink:to="label_HirokazuYoshinagaMember" />
    <link:label xlink:type="resource" xlink:label="label_HirokazuYoshinagaMember_2" xml:lang="en" xlink:role="http://www.xbrl.org/2003/role/label" id="label_HirokazuYoshinagaMember_2">Hirokazu Yoshinaga</link:label>
    <link:labelArc xlink:type="arc" xlink:arcrole="http://www.xbrl.org/2003/arcrole/concept-label" xlink:from="HirokazuYoshinagaMember" xlink:to="label_HirokazuYoshinagaMember_2" />
    <link:label xlink:type="resource" xlink:label="label_MasahisaKishimotoMember" xml:lang="en" xlink:role="http://www.xbrl.org/2003/role/verboseLabel" id="label_MasahisaKishimotoMember">Masahisa Kishimoto [member]</link:label>
    <link:labelArc xlink:type="arc" xlink:arcrole="http://www.xbrl.org/2003/arcrole/concept-label" xlink:from="MasahisaKishimotoMember" xlink:to="label_MasahisaKishimotoMember" />
    <link:label xlink:type="resource" xlink:label="label_MasahisaKishimotoMember_2" xml:lang="en" xlink:role="http://www.xbrl.org/2003/role/label" id="label_MasahisaKishimotoMember_2">Masahisa Kishimoto</link:label>
    <link:labelArc xlink:type="arc" xlink:arcrole="http://www.xbrl.org/2003/arcrole/concept-label" xlink:from="MasahisaKishimotoMember" xlink:to="label_MasahisaKishimotoMember_2" />
    <link:label xlink:type="resource" xlink:label="label_AkifumiIkenagaMember" xml:lang="en" xlink:role="http://www.xbrl.org/2003/role/verboseLabel" id="label_AkifumiIkenagaMember">Akifumi Ikenaga [member]</link:label>
    <link:labelArc xlink:type="arc" xlink:arcrole="http://www.xbrl.org/2003/arcrole/concept-label" xlink:from="AkifumiIkenagaMember" xlink:to="label_AkifumiIkenagaMember" />
    <link:label xlink:type="resource" xlink:label="label_AkifumiIkenagaMember_2" xml:lang="en" xlink:role="http://www.xbrl.org/2003/role/label" id="label_AkifumiIkenagaMember_2">Akifumi Ikenaga</link:label>
    <link:labelArc xlink:type="arc" xlink:arcrole="http://www.xbrl.org/2003/arcrole/concept-label" xlink:from="AkifumiIkenagaMember" xlink:to="label_AkifumiIkenagaMember_2" />
    <link:label xlink:type="resource" xlink:label="label_DaisukeFujiokaMember" xml:lang="en" xlink:role="http://www.xbrl.org/2003/role/verboseLabel" id="label_DaisukeFujiokaMember">Daisuke Fujioka [member]</link:label>
    <link:labelArc xlink:type="arc" xlink:arcrole="http://www.xbrl.org/2003/arcrole/concept-label" xlink:from="DaisukeFujiokaMember" xlink:to="label_DaisukeFujiokaMember" />
    <link:label xlink:type="resource" xlink:label="label_DaisukeFujiokaMember_2" xml:lang="en" xlink:role="http://www.xbrl.org/2003/role/label" id="label_DaisukeFujiokaMember_2">Daisuke Fujioka</link:label>
    <link:labelArc xlink:type="arc" xlink:arcrole="http://www.xbrl.org/2003/arcrole/concept-label" xlink:from="DaisukeFujiokaMember" xlink:to="label_DaisukeFujiokaMember_2" />
    <link:label xlink:type="resource" xlink:label="label_KuniyukiHashimotoMember" xml:lang="en" xlink:role="http://www.xbrl.org/2003/role/verboseLabel" id="label_KuniyukiHashimotoMember">Kuniyuki Hashimoto [member]</link:label>
    <link:labelArc xlink:type="arc" xlink:arcrole="http://www.xbrl.org/2003/arcrole/concept-label" xlink:from="KuniyukiHashimotoMember" xlink:to="label_KuniyukiHashimotoMember" />
    <link:label xlink:type="resource" xlink:label="label_KuniyukiHashimotoMember_2" xml:lang="en" xlink:role="http://www.xbrl.org/2003/role/label" id="label_KuniyukiHashimotoMember_2">Kuniyuki Hashimoto</link:label>
    <link:labelArc xlink:type="arc" xlink:arcrole="http://www.xbrl.org/2003/arcrole/concept-label" xlink:from="KuniyukiHashimotoMember" xlink:to="label_KuniyukiHashimotoMember_2" />
    <link:label xlink:type="resource" xlink:label="label_HidekiSasabeMember" xml:lang="en" xlink:role="http://www.xbrl.org/2003/role/verboseLabel" id="label_HidekiSasabeMember">Hideki Sasabe [member]</link:label>
    <link:labelArc xlink:type="arc" xlink:arcrole="http://www.xbrl.org/2003/arcrole/concept-label" xlink:from="HidekiSasabeMember" xlink:to="label_HidekiSasabeMember" />
    <link:label xlink:type="resource" xlink:label="label_HidekiSasabeMember_2" xml:lang="en" xlink:role="http://www.xbrl.org/2003/role/label" id="label_HidekiSasabeMember_2">Hideki Sasabe</link:label>
    <link:labelArc xlink:type="arc" xlink:arcrole="http://www.xbrl.org/2003/arcrole/concept-label" xlink:from="HidekiSasabeMember" xlink:to="label_HidekiSasabeMember_2" />
  </link:labelLink>
</link:linkbase>