<?xml version="1.0" encoding="utf-8"?>
<!-- Generated by PRONEXUS WORKS -->
<link:linkbase xmlns:link="http://www.xbrl.org/2003/linkbase" xmlns:xsi="http://www.w3.org/2001/XMLSchema-instance" xmlns:xbrli="http://www.xbrl.org/2003/instance" xmlns:xlink="http://www.w3.org/1999/xlink">
  <link:labelLink xlink:type="extended" xlink:role="http://www.xbrl.org/2003/role/link">
    <link:loc xlink:type="locator" xlink:href="jpcrp040300-q2r-001_E04707-000_2020-09-30_01_2020-11-13.xsd#jpcrp040300-q2r_E04707-000_InsuranceReceivedAndInsuranceDividendsNOI" xlink:label="InsuranceReceivedAndInsuranceDividendsNOI" />
    <link:loc xlink:type="locator" xlink:href="jpcrp040300-q2r-001_E04707-000_2020-09-30_01_2020-11-13.xsd#jpcrp040300-q2r_E04707-000_ThemeParksReportableSegmentsMember" xlink:label="ThemeParksReportableSegmentsMember" />
    <link:loc xlink:type="locator" xlink:href="jpcrp040300-q2r-001_E04707-000_2020-09-30_01_2020-11-13.xsd#jpcrp040300-q2r_E04707-000_HotelBusinessReportableSegmentsMember" xlink:label="HotelBusinessReportableSegmentsMember" />
    <link:label xlink:type="resource" xlink:label="label_ThemeParksReportableSegmentsMember" xml:lang="ja" xlink:role="http://www.xbrl.org/2003/role/label" id="label_ThemeParksReportableSegmentsMember">テーマパーク</link:label>
    <link:labelArc xlink:type="arc" xlink:arcrole="http://www.xbrl.org/2003/arcrole/concept-label" xlink:from="ThemeParksReportableSegmentsMember" xlink:to="label_ThemeParksReportableSegmentsMember" />
    <link:label xlink:type="resource" xlink:label="label_ThemeParksReportableSegmentsMember_2" xml:lang="ja" xlink:role="http://www.xbrl.org/2003/role/verboseLabel" id="label_ThemeParksReportableSegmentsMember_2">テーマパーク、報告セグメント [メンバー]</link:label>
    <link:labelArc xlink:type="arc" xlink:arcrole="http://www.xbrl.org/2003/arcrole/concept-label" xlink:from="ThemeParksReportableSegmentsMember" xlink:to="label_ThemeParksReportableSegmentsMember_2" />
    <link:label xlink:type="resource" xlink:label="label_HotelBusinessReportableSegmentsMember" xml:lang="ja" xlink:role="http://www.xbrl.org/2003/role/label" id="label_HotelBusinessReportableSegmentsMember">ホテル</link:label>
    <link:labelArc xlink:type="arc" xlink:arcrole="http://www.xbrl.org/2003/arcrole/concept-label" xlink:from="HotelBusinessReportableSegmentsMember" xlink:to="label_HotelBusinessReportableSegmentsMember" />
    <link:label xlink:type="resource" xlink:label="label_HotelBusinessReportableSegmentsMember_2" xml:lang="ja" xlink:role="http://www.xbrl.org/2003/role/verboseLabel" id="label_HotelBusinessReportableSegmentsMember_2">ホテル、報告セグメント [メンバー]</link:label>
    <link:labelArc xlink:type="arc" xlink:arcrole="http://www.xbrl.org/2003/arcrole/concept-label" xlink:from="HotelBusinessReportableSegmentsMember" xlink:to="label_HotelBusinessReportableSegmentsMember_2" />
    <link:loc xlink:type="locator" xlink:href="jpcrp040300-q2r-001_E04707-000_2020-09-30_01_2020-11-13.xsd#jpcrp040300-q2r_E04707-000_LossOnTemporaryClosureEL" xlink:label="LossOnTemporaryClosureEL" />
    <link:label xlink:type="resource" xlink:label="label_InsuranceReceivedAndInsuranceDividendsNOI" xml:lang="ja" xlink:role="http://www.xbrl.org/2003/role/label" id="label_InsuranceReceivedAndInsuranceDividendsNOI">受取保険金・保険配当金</link:label>
    <link:labelArc xlink:type="arc" xlink:arcrole="http://www.xbrl.org/2003/arcrole/concept-label" xlink:from="InsuranceReceivedAndInsuranceDividendsNOI" xlink:to="label_InsuranceReceivedAndInsuranceDividendsNOI" />
    <link:label xlink:type="resource" xlink:label="label_InsuranceReceivedAndInsuranceDividendsNOI_2" xml:lang="ja" xlink:role="http://www.xbrl.org/2003/role/verboseLabel" id="label_InsuranceReceivedAndInsuranceDividendsNOI_2">受取保険金・保険配当金、営業外収益</link:label>
    <link:labelArc xlink:type="arc" xlink:arcrole="http://www.xbrl.org/2003/arcrole/concept-label" xlink:from="InsuranceReceivedAndInsuranceDividendsNOI" xlink:to="label_InsuranceReceivedAndInsuranceDividendsNOI_2" />
    <link:label xlink:type="resource" xlink:label="label_LossOnTemporaryClosureEL_2" xml:lang="ja" xlink:role="http://www.xbrl.org/2003/role/label" id="label_LossOnTemporaryClosureEL_2">臨時休園による損失</link:label>
    <link:labelArc xlink:type="arc" xlink:arcrole="http://www.xbrl.org/2003/arcrole/concept-label" xlink:from="LossOnTemporaryClosureEL" xlink:to="label_LossOnTemporaryClosureEL_2" />
    <link:label xlink:type="resource" xlink:label="label_LossOnTemporaryClosureEL" xml:lang="ja" xlink:role="http://www.xbrl.org/2003/role/verboseLabel" id="label_LossOnTemporaryClosureEL">臨時休園による損失、特別損失</link:label>
    <link:labelArc xlink:type="arc" xlink:arcrole="http://www.xbrl.org/2003/arcrole/concept-label" xlink:from="LossOnTemporaryClosureEL" xlink:to="label_LossOnTemporaryClosureEL" />
    <link:loc xlink:type="locator" xlink:href="jpcrp040300-q2r-001_E04707-000_2020-09-30_01_2020-11-13.xsd#jpcrp040300-q2r_E04707-000_NotesRegardingLossOnTemporaryClosureTextBlock" xlink:label="NotesRegardingLossOnTemporaryClosureTextBlock" />
    <link:label xlink:type="resource" xlink:label="label_NotesRegardingLossOnTemporaryClosureTextBlock" xml:lang="ja" xlink:role="http://www.xbrl.org/2003/role/label" id="label_NotesRegardingLossOnTemporaryClosureTextBlock">臨時休園による損失に関する注記</link:label>
    <link:labelArc xlink:type="arc" xlink:arcrole="http://www.xbrl.org/2003/arcrole/concept-label" xlink:from="NotesRegardingLossOnTemporaryClosureTextBlock" xlink:to="label_NotesRegardingLossOnTemporaryClosureTextBlock" />
    <link:label xlink:type="resource" xlink:label="label_NotesRegardingLossOnTemporaryClosureTextBlock_2" xml:lang="ja" xlink:role="http://www.xbrl.org/2003/role/verboseLabel" id="label_NotesRegardingLossOnTemporaryClosureTextBlock_2">臨時休園による損失に関する注記 [テキストブロック]</link:label>
    <link:labelArc xlink:type="arc" xlink:arcrole="http://www.xbrl.org/2003/arcrole/concept-label" xlink:from="NotesRegardingLossOnTemporaryClosureTextBlock" xlink:to="label_NotesRegardingLossOnTemporaryClosureTextBlock_2" />
    <link:loc xlink:type="locator" xlink:href="jpcrp040300-q2r-001_E04707-000_2020-09-30_01_2020-11-13.xsd#jpcrp040300-q2r_E04707-000_SubsidiesForEmploymentAdjustmentTextBlock" xlink:label="SubsidiesForEmploymentAdjustmentTextBlock" />
    <link:label xlink:type="resource" xlink:label="label_SubsidiesForEmploymentAdjustmentTextBlock" xml:lang="ja" xlink:role="http://www.xbrl.org/2003/role/label" id="label_SubsidiesForEmploymentAdjustmentTextBlock">雇用調整助成金に関する注記</link:label>
    <link:labelArc xlink:type="arc" xlink:arcrole="http://www.xbrl.org/2003/arcrole/concept-label" xlink:from="SubsidiesForEmploymentAdjustmentTextBlock" xlink:to="label_SubsidiesForEmploymentAdjustmentTextBlock" />
    <link:label xlink:type="resource" xlink:label="label_SubsidiesForEmploymentAdjustmentTextBlock_2" xml:lang="ja" xlink:role="http://www.xbrl.org/2003/role/verboseLabel" id="label_SubsidiesForEmploymentAdjustmentTextBlock_2">雇用調整助成金に関する注記 [テキストブロック]</link:label>
    <link:labelArc xlink:type="arc" xlink:arcrole="http://www.xbrl.org/2003/arcrole/concept-label" xlink:from="SubsidiesForEmploymentAdjustmentTextBlock" xlink:to="label_SubsidiesForEmploymentAdjustmentTextBlock_2" />
  </link:labelLink>
</link:linkbase>