<?xml version="1.0" encoding="utf-8"?>
<!-- Generated by PRONEXUS WORKS -->
<link:linkbase xmlns:link="http://www.xbrl.org/2003/linkbase" xmlns:xsi="http://www.w3.org/2001/XMLSchema-instance" xmlns:xbrli="http://www.xbrl.org/2003/instance" xmlns:xlink="http://www.w3.org/1999/xlink">
  <link:labelLink xlink:type="extended" xlink:role="http://www.xbrl.org/2003/role/link">
    <link:loc xlink:type="locator" xlink:href="jpcrp040300-q2r-001_E04707-000_2019-09-30_01_2019-11-13.xsd#jpcrp040300-q2r_E04707-000_InsuranceReceivedAndInsuranceDividendsNOI" xlink:label="InsuranceReceivedAndInsuranceDividendsNOI" />
    <link:loc xlink:type="locator" xlink:href="jpcrp040300-q2r-001_E04707-000_2019-09-30_01_2019-11-13.xsd#jpcrp040300-q2r_E04707-000_ThemeParksReportableSegmentsMember" xlink:label="ThemeParksReportableSegmentsMember" />
    <link:loc xlink:type="locator" xlink:href="jpcrp040300-q2r-001_E04707-000_2019-09-30_01_2019-11-13.xsd#jpcrp040300-q2r_E04707-000_HotelBusinessReportableSegmentsMember" xlink:label="HotelBusinessReportableSegmentsMember" />
    <link:label xlink:type="resource" xlink:label="label_ThemeParksReportableSegmentsMember" xml:lang="en" xlink:role="http://www.xbrl.org/2003/role/label" id="label_ThemeParksReportableSegmentsMember">Theme Parks</link:label>
    <link:labelArc xlink:type="arc" xlink:arcrole="http://www.xbrl.org/2003/arcrole/concept-label" xlink:from="ThemeParksReportableSegmentsMember" xlink:to="label_ThemeParksReportableSegmentsMember" />
    <link:label xlink:type="resource" xlink:label="label_ThemeParksReportableSegmentsMember_2" xml:lang="en" xlink:role="http://www.xbrl.org/2003/role/verboseLabel" id="label_ThemeParksReportableSegmentsMember_2">Theme Parks, Reportable segments [member]</link:label>
    <link:labelArc xlink:type="arc" xlink:arcrole="http://www.xbrl.org/2003/arcrole/concept-label" xlink:from="ThemeParksReportableSegmentsMember" xlink:to="label_ThemeParksReportableSegmentsMember_2" />
    <link:label xlink:type="resource" xlink:label="label_HotelBusinessReportableSegmentsMember" xml:lang="en" xlink:role="http://www.xbrl.org/2003/role/label" id="label_HotelBusinessReportableSegmentsMember">Hotel</link:label>
    <link:labelArc xlink:type="arc" xlink:arcrole="http://www.xbrl.org/2003/arcrole/concept-label" xlink:from="HotelBusinessReportableSegmentsMember" xlink:to="label_HotelBusinessReportableSegmentsMember" />
    <link:label xlink:type="resource" xlink:label="label_HotelBusinessReportableSegmentsMember_2" xml:lang="en" xlink:role="http://www.xbrl.org/2003/role/verboseLabel" id="label_HotelBusinessReportableSegmentsMember_2">Hotel Business, Reportable segments [member]</link:label>
    <link:labelArc xlink:type="arc" xlink:arcrole="http://www.xbrl.org/2003/arcrole/concept-label" xlink:from="HotelBusinessReportableSegmentsMember" xlink:to="label_HotelBusinessReportableSegmentsMember_2" />
    <link:label xlink:type="resource" xlink:label="label_InsuranceReceivedAndInsuranceDividendsNOI" xml:lang="en" xlink:role="http://www.xbrl.org/2003/role/label" id="label_InsuranceReceivedAndInsuranceDividendsNOI">Insurance received and insurance dividends</link:label>
    <link:labelArc xlink:type="arc" xlink:arcrole="http://www.xbrl.org/2003/arcrole/concept-label" xlink:from="InsuranceReceivedAndInsuranceDividendsNOI" xlink:to="label_InsuranceReceivedAndInsuranceDividendsNOI" />
    <link:label xlink:type="resource" xlink:label="label_InsuranceReceivedAndInsuranceDividendsNOI_2" xml:lang="en" xlink:role="http://www.xbrl.org/2003/role/verboseLabel" id="label_InsuranceReceivedAndInsuranceDividendsNOI_2">Insurance received and insurance dividends-NOI</link:label>
    <link:labelArc xlink:type="arc" xlink:arcrole="http://www.xbrl.org/2003/arcrole/concept-label" xlink:from="InsuranceReceivedAndInsuranceDividendsNOI" xlink:to="label_InsuranceReceivedAndInsuranceDividendsNOI_2" />
  </link:labelLink>
</link:linkbase>