<?xml version="1.0" encoding="utf-8"?>
<!-- Generated by PRONEXUS WORKS -->
<link:linkbase xmlns:link="http://www.xbrl.org/2003/linkbase" xmlns:xsi="http://www.w3.org/2001/XMLSchema-instance" xmlns:xbrli="http://www.xbrl.org/2003/instance" xmlns:xlink="http://www.w3.org/1999/xlink">
  <link:roleRef xlink:type="simple" roleURI="http://disclosure.edinet-fsa.go.jp/jppfs/Consolidated/role/totalLabel" xlink:href="http://disclosure.edinet-fsa.go.jp/taxonomy/jppfs/2019-11-01/jppfs_rt_2019-11-01.xsd#rol_ConsolidatedTotalLabel" />
  <link:roleRef xlink:type="simple" roleURI="http://disclosure.edinet-fsa.go.jp/jpcrp/alt/role/periodStartLabel" xlink:href="http://disclosure.edinet-fsa.go.jp/taxonomy/jpcrp/2019-11-01/jpcrp_rt_2019-11-01.xsd#rol_altPeriodStartLabel" />
  <link:roleRef xlink:type="simple" roleURI="http://disclosure.edinet-fsa.go.jp/jppfs/ConsolidatedQuarterly/role/label" xlink:href="http://disclosure.edinet-fsa.go.jp/taxonomy/jppfs/2019-11-01/jppfs_rt_2019-11-01.xsd#rol_ConsolidatedQuarterlyLabel" />
  <link:roleRef xlink:type="simple" roleURI="http://disclosure.edinet-fsa.go.jp/jppfs/ConsolidatedQuarterly/role/positiveLabel" xlink:href="http://disclosure.edinet-fsa.go.jp/taxonomy/jppfs/2019-11-01/jppfs_rt_2019-11-01.xsd#rol_ConsolidatedQuarterlyPositiveLabel" />
  <link:roleRef xlink:type="simple" roleURI="http://disclosure.edinet-fsa.go.jp/jpcrp/alt/ConsolidatedQuarterly/role/positiveLabel" xlink:href="http://disclosure.edinet-fsa.go.jp/taxonomy/jpcrp/2019-11-01/jpcrp_rt_2019-11-01.xsd#rol_altConsolidatedQuarterlyPositiveLabel" />
  <link:roleRef xlink:type="simple" roleURI="http://disclosure.edinet-fsa.go.jp/jpcrp/alt/role/totalLabel" xlink:href="http://disclosure.edinet-fsa.go.jp/taxonomy/jpcrp/2019-11-01/jpcrp_rt_2019-11-01.xsd#rol_altTotalLabel" />
  <link:roleRef xlink:type="simple" roleURI="http://disclosure.edinet-fsa.go.jp/jpcrp/alt/role/label" xlink:href="http://disclosure.edinet-fsa.go.jp/taxonomy/jpcrp/2019-11-01/jpcrp_rt_2019-11-01.xsd#rol_altLabel" />
  <link:labelLink xlink:type="extended" xlink:role="http://www.xbrl.org/2003/role/link">
    <link:loc xlink:type="locator" xlink:href="jpcrp040300-q1r-001_E02497-000_2020-06-30_01_2020-08-12.xsd#jpcrp040300-q1r_E02497-000_OtherShortTermReceivablesCAIFRS" xlink:label="OtherShortTermReceivablesCAIFRS" />
    <link:loc xlink:type="locator" xlink:href="jpcrp040300-q1r-001_E02497-000_2020-06-30_01_2020-08-12.xsd#jpcrp040300-q1r_E02497-000_LongTermReceivablesNCAIFRS" xlink:label="LongTermReceivablesNCAIFRS" />
    <link:loc xlink:type="locator" xlink:href="jpcrp040300-q1r-001_E02497-000_2020-06-30_01_2020-08-12.xsd#jpcrp040300-q1r_E02497-000_LongTermFinancialAssetsOtherThanInvestmentsOrReceivablesNCAIFRS" xlink:label="LongTermFinancialAssetsOtherThanInvestmentsOrReceivablesNCAIFRS" />
    <link:loc xlink:type="locator" xlink:href="jpcrp040300-q1r-001_E02497-000_2020-06-30_01_2020-08-12.xsd#jpcrp040300-q1r_E02497-000_ShortTermPayablesOtherThanTradePayablesCLIFRS" xlink:label="ShortTermPayablesOtherThanTradePayablesCLIFRS" />
    <link:loc xlink:type="locator" xlink:href="jpcrp040300-q1r-001_E02497-000_2020-06-30_01_2020-08-12.xsd#jpcrp040300-q1r_E02497-000_OtherComponentsOfEquityEquityIFRSAbstract" xlink:label="OtherComponentsOfEquityEquityIFRSAbstract" />
    <link:loc xlink:type="locator" xlink:href="jpcrp040300-q1r-001_E02497-000_2020-06-30_01_2020-08-12.xsd#jpcrp040300-q1r_E02497-000_RevenuesFromSaleOfGoodsRevenue2IFRS" xlink:label="RevenuesFromSaleOfGoodsRevenue2IFRS" />
    <link:loc xlink:type="locator" xlink:href="jpcrp040300-q1r-001_E02497-000_2020-06-30_01_2020-08-12.xsd#jpcrp040300-q1r_E02497-000_RevenuesOfRenderingOfServicesAndRoyaltiesRevenue2IFRS" xlink:label="RevenuesOfRenderingOfServicesAndRoyaltiesRevenue2IFRS" />
    <link:loc xlink:type="locator" xlink:href="jpcrp040300-q1r-001_E02497-000_2020-06-30_01_2020-08-12.xsd#jpcrp040300-q1r_E02497-000_CostOfSaleOfGoodsCostOfSalesIFRS" xlink:label="CostOfSaleOfGoodsCostOfSalesIFRS" />
    <link:loc xlink:type="locator" xlink:href="jpcrp040300-q1r-001_E02497-000_2020-06-30_01_2020-08-12.xsd#jpcrp040300-q1r_E02497-000_CostOfRenderingOfServicesAndRoyaltiesCostOfSalesIFRS" xlink:label="CostOfRenderingOfServicesAndRoyaltiesCostOfSalesIFRS" />
    <link:loc xlink:type="locator" xlink:href="jpcrp040300-q1r-001_E02497-000_2020-06-30_01_2020-08-12.xsd#jpcrp040300-q1r_E02497-000_OtherGainsLossesIFRSAbstract" xlink:label="OtherGainsLossesIFRSAbstract" />
    <link:loc xlink:type="locator" xlink:href="jpcrp040300-q1r-001_E02497-000_2020-06-30_01_2020-08-12.xsd#jpcrp040300-q1r_E02497-000_ProvisionForDoubtfulAccountsOtherGainsLossesIFRS" xlink:label="ProvisionForDoubtfulAccountsOtherGainsLossesIFRS" />
    <link:loc xlink:type="locator" xlink:href="jpcrp040300-q1r-001_E02497-000_2020-06-30_01_2020-08-12.xsd#jpcrp040300-q1r_E02497-000_GainsOnInvestmentsOtherGainsLossesIFRS" xlink:label="GainsOnInvestmentsOtherGainsLossesIFRS" />
    <link:loc xlink:type="locator" xlink:href="jpcrp040300-q1r-001_E02497-000_2020-06-30_01_2020-08-12.xsd#jpcrp040300-q1r_E02497-000_GainsOnPropertyPlantEquipmentAndIntangibleAssetsOtherGainsLossesIFRS" xlink:label="GainsOnPropertyPlantEquipmentAndIntangibleAssetsOtherGainsLossesIFRS" />
    <link:loc xlink:type="locator" xlink:href="jpcrp040300-q1r-001_E02497-000_2020-06-30_01_2020-08-12.xsd#jpcrp040300-q1r_E02497-000_OtherNetOtherGainsLossesIFRS" xlink:label="OtherNetOtherGainsLossesIFRS" />
    <link:loc xlink:type="locator" xlink:href="jpcrp040300-q1r-001_E02497-000_2020-06-30_01_2020-08-12.xsd#jpcrp040300-q1r_E02497-000_FinancialIncomeLossIFRSAbstract" xlink:label="FinancialIncomeLossIFRSAbstract" />
    <link:loc xlink:type="locator" xlink:href="jpcrp040300-q1r-001_E02497-000_2020-06-30_01_2020-08-12.xsd#jpcrp040300-q1r_E02497-000_NetChangeInSalePurchaseOfSubsidiarySharesToFromNonControllingInterestsIFRS" xlink:label="NetChangeInSalePurchaseOfSubsidiarySharesToFromNonControllingInterestsIFRS" />
    <link:loc xlink:type="locator" xlink:href="jpcrp040300-q1r-001_E02497-000_2020-06-30_01_2020-08-12.xsd#jpcrp040300-q1r_E02497-000_ProvisionForDoubtfulAccountsAndOtherProvisionsOpeCFIFRS" xlink:label="ProvisionForDoubtfulAccountsAndOtherProvisionsOpeCFIFRS" />
    <link:loc xlink:type="locator" xlink:href="jpcrp040300-q1r-001_E02497-000_2020-06-30_01_2020-08-12.xsd#jpcrp040300-q1r_E02497-000_ProceedsFromIssuanceOfBondsAndBorrowingsFinCFIFRS" xlink:label="ProceedsFromIssuanceOfBondsAndBorrowingsFinCFIFRS" />
    <link:loc xlink:type="locator" xlink:href="jpcrp040300-q1r-001_E02497-000_2020-06-30_01_2020-08-12.xsd#jpcrp040300-q1r_E02497-000_RedemptionOfBondsAndRepaymentsOfBorrowingsFinCFIFRS" xlink:label="RedemptionOfBondsAndRepaymentsOfBorrowingsFinCFIFRS" />
    <link:loc xlink:type="locator" xlink:href="jpcrp040300-q1r-001_E02497-000_2020-06-30_01_2020-08-12.xsd#jpcrp040300-q1r_E02497-000_NetChangeInAcquisitionSaleOfInterestsInSubsidiariesFromNonControllingInterestsFinCFIFRS" xlink:label="NetChangeInAcquisitionSaleOfInterestsInSubsidiariesFromNonControllingInterestsFinCFIFRS" />
    <link:loc xlink:type="locator" xlink:href="jpcrp040300-q1r-001_E02497-000_2020-06-30_01_2020-08-12.xsd#jpcrp040300-q1r_E02497-000_TextileReportableSegmentMember" xlink:label="TextileReportableSegmentMember" />
    <link:loc xlink:type="locator" xlink:href="jpcrp040300-q1r-001_E02497-000_2020-06-30_01_2020-08-12.xsd#jpcrp040300-q1r_E02497-000_MachineryReportableSegmentMember" xlink:label="MachineryReportableSegmentMember" />
    <link:loc xlink:type="locator" xlink:href="jpcrp040300-q1r-001_E02497-000_2020-06-30_01_2020-08-12.xsd#jpcrp040300-q1r_E02497-000_MetalsAndMineralsReportableSegmentMember" xlink:label="MetalsAndMineralsReportableSegmentMember" />
    <link:loc xlink:type="locator" xlink:href="jpcrp040300-q1r-001_E02497-000_2020-06-30_01_2020-08-12.xsd#jpcrp040300-q1r_E02497-000_EnergyAndChemicalsReportableSegmentMember" xlink:label="EnergyAndChemicalsReportableSegmentMember" />
    <link:loc xlink:type="locator" xlink:href="jpcrp040300-q1r-001_E02497-000_2020-06-30_01_2020-08-12.xsd#jpcrp040300-q1r_E02497-000_FoodReportableSegmentMember" xlink:label="FoodReportableSegmentMember" />
    <link:loc xlink:type="locator" xlink:href="jpcrp040300-q1r-001_E02497-000_2020-06-30_01_2020-08-12.xsd#jpcrp040300-q1r_E02497-000_GeneralProductsAndRealtyReportableSegmentMember" xlink:label="GeneralProductsAndRealtyReportableSegmentMember" />
    <link:loc xlink:type="locator" xlink:href="jpcrp040300-q1r-001_E02497-000_2020-06-30_01_2020-08-12.xsd#jpcrp040300-q1r_E02497-000_ICTAndFinancialBusinessReportableSegmentMember" xlink:label="ICTAndFinancialBusinessReportableSegmentMember" />
    <link:loc xlink:type="locator" xlink:href="jpcrp040300-q1r-001_E02497-000_2020-06-30_01_2020-08-12.xsd#jpcrp040300-q1r_E02497-000_GrossTradingProfitIFRSSummaryOfBusinessResults" xlink:label="GrossTradingProfitIFRSSummaryOfBusinessResults" />
    <link:loc xlink:type="locator" xlink:href="jpcrp040300-q1r-001_E02497-000_2020-06-30_01_2020-08-12.xsd#jpcrp040300-q1r_E02497-000_TotalEquityIFRSSummaryOfBusinessResults" xlink:label="TotalEquityIFRSSummaryOfBusinessResults" />
    <link:loc xlink:type="locator" xlink:href="http://disclosure.edinet-fsa.go.jp/taxonomy/jpigp/2019-11-01/jpigp_cor_2019-11-01.xsd#jpigp_cor_CostOfSalesIFRSAbstract" xlink:label="CostOfSalesIFRSAbstract" />
    <link:label xlink:type="resource" xlink:label="label_CostOfSalesIFRSAbstract" xml:lang="ja" xlink:role="http://disclosure.edinet-fsa.go.jp/jpcrp/alt/role/label" id="label_CostOfSalesIFRSAbstract">原価</link:label>
    <link:labelArc xlink:type="arc" xlink:arcrole="http://www.xbrl.org/2003/arcrole/concept-label" xlink:from="CostOfSalesIFRSAbstract" xlink:to="label_CostOfSalesIFRSAbstract" />
    <link:loc xlink:type="locator" xlink:href="http://disclosure.edinet-fsa.go.jp/taxonomy/jpigp/2019-11-01/jpigp_cor_2019-11-01.xsd#jpigp_cor_CostOfSalesIFRS" xlink:label="CostOfSalesIFRS" />
    <link:label xlink:type="resource" xlink:label="label_CostOfSalesIFRS" xml:lang="ja" xlink:role="http://disclosure.edinet-fsa.go.jp/jpcrp/alt/role/totalLabel" id="label_CostOfSalesIFRS">原価合計</link:label>
    <link:labelArc xlink:type="arc" xlink:arcrole="http://www.xbrl.org/2003/arcrole/concept-label" xlink:from="CostOfSalesIFRS" xlink:to="label_CostOfSalesIFRS" />
    <link:loc xlink:type="locator" xlink:href="http://disclosure.edinet-fsa.go.jp/taxonomy/jpigp/2019-11-01/jpigp_cor_2019-11-01.xsd#jpigp_cor_OtherIncomeAndExpensesNetIFRS" xlink:label="OtherIncomeAndExpensesNetIFRS" />
    <link:label xlink:type="resource" xlink:label="label_OtherIncomeAndExpensesNetIFRS" xml:lang="ja" xlink:role="http://www.xbrl.org/2003/role/totalLabel" id="label_OtherIncomeAndExpensesNetIFRS">その他の収益及び費用合計</link:label>
    <link:labelArc xlink:type="arc" xlink:arcrole="http://www.xbrl.org/2003/arcrole/concept-label" xlink:from="OtherIncomeAndExpensesNetIFRS" xlink:to="label_OtherIncomeAndExpensesNetIFRS" />
    <link:loc xlink:type="locator" xlink:href="http://disclosure.edinet-fsa.go.jp/taxonomy/jpigp/2019-11-01/jpigp_cor_2019-11-01.xsd#jpigp_cor_FinanceIncomeAndExpensesNetIFRS" xlink:label="FinanceIncomeAndExpensesNetIFRS" />
    <link:label xlink:type="resource" xlink:label="label_FinanceIncomeAndExpensesNetIFRS" xml:lang="ja" xlink:role="http://www.xbrl.org/2003/role/totalLabel" id="label_FinanceIncomeAndExpensesNetIFRS">金融収益及び金融費用合計</link:label>
    <link:labelArc xlink:type="arc" xlink:arcrole="http://www.xbrl.org/2003/arcrole/concept-label" xlink:from="FinanceIncomeAndExpensesNetIFRS" xlink:to="label_FinanceIncomeAndExpensesNetIFRS" />
    <link:loc xlink:type="locator" xlink:href="http://disclosure.edinet-fsa.go.jp/taxonomy/jpigp/2019-11-01/jpigp_cor_2019-11-01.xsd#jpigp_cor_ProfitLossAttributableToIFRSAbstract" xlink:label="ProfitLossAttributableToIFRSAbstract" />
    <link:label xlink:type="resource" xlink:label="label_ProfitLossAttributableToIFRSAbstract" xml:lang="ja" xlink:role="http://disclosure.edinet-fsa.go.jp/jpcrp/alt/ConsolidatedQuarterly/role/positiveLabel" id="label_ProfitLossAttributableToIFRSAbstract">四半期純利益の帰属</link:label>
    <link:labelArc xlink:type="arc" xlink:arcrole="http://www.xbrl.org/2003/arcrole/concept-label" xlink:from="ProfitLossAttributableToIFRSAbstract" xlink:to="label_ProfitLossAttributableToIFRSAbstract" />
    <link:loc xlink:type="locator" xlink:href="http://disclosure.edinet-fsa.go.jp/taxonomy/jpigp/2019-11-01/jpigp_cor_2019-11-01.xsd#jpigp_cor_ProfitLossAttributableToNonControllingInterestsIFRS" xlink:label="ProfitLossAttributableToNonControllingInterestsIFRS" />
    <link:label xlink:type="resource" xlink:label="label_ProfitLossAttributableToNonControllingInterestsIFRS" xml:lang="ja" xlink:role="http://disclosure.edinet-fsa.go.jp/jppfs/ConsolidatedQuarterly/role/positiveLabel" id="label_ProfitLossAttributableToNonControllingInterestsIFRS">非支配持分に帰属する四半期純利益</link:label>
    <link:labelArc xlink:type="arc" xlink:arcrole="http://www.xbrl.org/2003/arcrole/concept-label" xlink:from="ProfitLossAttributableToNonControllingInterestsIFRS" xlink:to="label_ProfitLossAttributableToNonControllingInterestsIFRS" />
    <link:loc xlink:type="locator" xlink:href="http://disclosure.edinet-fsa.go.jp/taxonomy/jpigp/2019-11-01/jpigp_cor_2019-11-01.xsd#jpigp_cor_OtherComprehensiveIncomeIFRSAbstract" xlink:label="OtherComprehensiveIncomeIFRSAbstract" />
    <link:label xlink:type="resource" xlink:label="label_OtherComprehensiveIncomeIFRSAbstract" xml:lang="ja" xlink:role="http://disclosure.edinet-fsa.go.jp/jpcrp/alt/role/label" id="label_OtherComprehensiveIncomeIFRSAbstract">その他の包括利益（税効果控除後）</link:label>
    <link:labelArc xlink:type="arc" xlink:arcrole="http://www.xbrl.org/2003/arcrole/concept-label" xlink:from="OtherComprehensiveIncomeIFRSAbstract" xlink:to="label_OtherComprehensiveIncomeIFRSAbstract" />
    <link:loc xlink:type="locator" xlink:href="http://disclosure.edinet-fsa.go.jp/taxonomy/jpigp/2019-11-01/jpigp_cor_2019-11-01.xsd#jpigp_cor_ItemsThatWillNotBeReclassifiedToProfitOrLossOCIIFRSAbstract" xlink:label="ItemsThatWillNotBeReclassifiedToProfitOrLossOCIIFRSAbstract" />
    <link:label xlink:type="resource" xlink:label="label_ItemsThatWillNotBeReclassifiedToProfitOrLossOCIIFRSAbstract" xml:lang="ja" xlink:role="http://disclosure.edinet-fsa.go.jp/jpcrp/alt/role/label" id="label_ItemsThatWillNotBeReclassifiedToProfitOrLossOCIIFRSAbstract">純損益に振替えられることのない項目</link:label>
    <link:labelArc xlink:type="arc" xlink:arcrole="http://www.xbrl.org/2003/arcrole/concept-label" xlink:from="ItemsThatWillNotBeReclassifiedToProfitOrLossOCIIFRSAbstract" xlink:to="label_ItemsThatWillNotBeReclassifiedToProfitOrLossOCIIFRSAbstract" />
    <link:loc xlink:type="locator" xlink:href="http://disclosure.edinet-fsa.go.jp/taxonomy/jpigp/2019-11-01/jpigp_cor_2019-11-01.xsd#jpigp_cor_NetChangeInFairValueOfEquityInstrumentsDesignatedAsMeasuredAtFairValueThroughOtherComprehensiveIncomeNetOfTaxItemsThatWillNotBeReclassifiedToProfitOrLossOCIIFRS" xlink:label="NetChangeInFairValueOfEquityInstrumentsDesignatedAsMeasuredAtFairValueThroughOtherComprehensiveIncomeNetOfTaxItemsThatWillNotBeReclassifiedToProfitOrLossOCIIFRS" />
    <link:label xlink:type="resource" xlink:label="label_NetChangeInFairValueOfEquityInstrumentsDesignatedAsMeasuredAtFairValueThroughOtherComprehensiveIncomeNetOfTaxItemsThatWillNotBeReclassifiedToProfitOrLossOCIIFRS" xml:lang="ja" xlink:role="http://disclosure.edinet-fsa.go.jp/jpcrp/alt/role/label" id="label_NetChangeInFairValueOfEquityInstrumentsDesignatedAsMeasuredAtFairValueThroughOtherComprehensiveIncomeNetOfTaxItemsThatWillNotBeReclassifiedToProfitOrLossOCIIFRS">FVTOCI金融資産</link:label>
    <link:labelArc xlink:type="arc" xlink:arcrole="http://www.xbrl.org/2003/arcrole/concept-label" xlink:from="NetChangeInFairValueOfEquityInstrumentsDesignatedAsMeasuredAtFairValueThroughOtherComprehensiveIncomeNetOfTaxItemsThatWillNotBeReclassifiedToProfitOrLossOCIIFRS" xlink:to="label_NetChangeInFairValueOfEquityInstrumentsDesignatedAsMeasuredAtFairValueThroughOtherComprehensiveIncomeNetOfTaxItemsThatWillNotBeReclassifiedToProfitOrLossOCIIFRS" />
    <link:loc xlink:type="locator" xlink:href="http://disclosure.edinet-fsa.go.jp/taxonomy/jpigp/2019-11-01/jpigp_cor_2019-11-01.xsd#jpigp_cor_RemeasurementsOfDefinedBenefitPlansNetOfTaxItemsThatWillNotBeReclassifiedToProfitOrLossOCIIFRS" xlink:label="RemeasurementsOfDefinedBenefitPlansNetOfTaxItemsThatWillNotBeReclassifiedToProfitOrLossOCIIFRS" />
    <link:label xlink:type="resource" xlink:label="label_RemeasurementsOfDefinedBenefitPlansNetOfTaxItemsThatWillNotBeReclassifiedToProfitOrLossOCIIFRS" xml:lang="ja" xlink:role="http://disclosure.edinet-fsa.go.jp/jpcrp/alt/role/label" id="label_RemeasurementsOfDefinedBenefitPlansNetOfTaxItemsThatWillNotBeReclassifiedToProfitOrLossOCIIFRS">確定給付再測定額</link:label>
    <link:labelArc xlink:type="arc" xlink:arcrole="http://www.xbrl.org/2003/arcrole/concept-label" xlink:from="RemeasurementsOfDefinedBenefitPlansNetOfTaxItemsThatWillNotBeReclassifiedToProfitOrLossOCIIFRS" xlink:to="label_RemeasurementsOfDefinedBenefitPlansNetOfTaxItemsThatWillNotBeReclassifiedToProfitOrLossOCIIFRS" />
    <link:loc xlink:type="locator" xlink:href="http://disclosure.edinet-fsa.go.jp/taxonomy/jpigp/2019-11-01/jpigp_cor_2019-11-01.xsd#jpigp_cor_ShareOfOtherComprehensiveIncomeOfInvestmentsAccountedForUsingEquityMethodNetOfTaxItemsThatWillNotBeReclassifiedToProfitOrLossOCIIFRS" xlink:label="ShareOfOtherComprehensiveIncomeOfInvestmentsAccountedForUsingEquityMethodNetOfTaxItemsThatWillNotBeReclassifiedToProfitOrLossOCIIFRS" />
    <link:label xlink:type="resource" xlink:label="label_ShareOfOtherComprehensiveIncomeOfInvestmentsAccountedForUsingEquityMethodNetOfTaxItemsThatWillNotBeReclassifiedToProfitOrLossOCIIFRS" xml:lang="ja" xlink:role="http://disclosure.edinet-fsa.go.jp/jpcrp/alt/role/label" id="label_ShareOfOtherComprehensiveIncomeOfInvestmentsAccountedForUsingEquityMethodNetOfTaxItemsThatWillNotBeReclassifiedToProfitOrLossOCIIFRS">持分法で会計処理されている投資におけるその他の包括利益</link:label>
    <link:labelArc xlink:type="arc" xlink:arcrole="http://www.xbrl.org/2003/arcrole/concept-label" xlink:from="ShareOfOtherComprehensiveIncomeOfInvestmentsAccountedForUsingEquityMethodNetOfTaxItemsThatWillNotBeReclassifiedToProfitOrLossOCIIFRS" xlink:to="label_ShareOfOtherComprehensiveIncomeOfInvestmentsAccountedForUsingEquityMethodNetOfTaxItemsThatWillNotBeReclassifiedToProfitOrLossOCIIFRS" />
    <link:loc xlink:type="locator" xlink:href="http://disclosure.edinet-fsa.go.jp/taxonomy/jpigp/2019-11-01/jpigp_cor_2019-11-01.xsd#jpigp_cor_ItemsThatMayBeReclassifiedToProfitOrLossOCIIFRSAbstract" xlink:label="ItemsThatMayBeReclassifiedToProfitOrLossOCIIFRSAbstract" />
    <link:label xlink:type="resource" xlink:label="label_ItemsThatMayBeReclassifiedToProfitOrLossOCIIFRSAbstract" xml:lang="ja" xlink:role="http://disclosure.edinet-fsa.go.jp/jpcrp/alt/role/label" id="label_ItemsThatMayBeReclassifiedToProfitOrLossOCIIFRSAbstract">純損益に振替えられる可能性のある項目</link:label>
    <link:labelArc xlink:type="arc" xlink:arcrole="http://www.xbrl.org/2003/arcrole/concept-label" xlink:from="ItemsThatMayBeReclassifiedToProfitOrLossOCIIFRSAbstract" xlink:to="label_ItemsThatMayBeReclassifiedToProfitOrLossOCIIFRSAbstract" />
    <link:loc xlink:type="locator" xlink:href="http://disclosure.edinet-fsa.go.jp/taxonomy/jpigp/2019-11-01/jpigp_cor_2019-11-01.xsd#jpigp_cor_ExchangeDifferencesOnTranslationOfForeignOperationsNetOfTaxItemsThatMayBeReclassifiedToProfitOrLossOCIIFRS" xlink:label="ExchangeDifferencesOnTranslationOfForeignOperationsNetOfTaxItemsThatMayBeReclassifiedToProfitOrLossOCIIFRS" />
    <link:label xlink:type="resource" xlink:label="label_ExchangeDifferencesOnTranslationOfForeignOperationsNetOfTaxItemsThatMayBeReclassifiedToProfitOrLossOCIIFRS" xml:lang="ja" xlink:role="http://disclosure.edinet-fsa.go.jp/jpcrp/alt/role/label" id="label_ExchangeDifferencesOnTranslationOfForeignOperationsNetOfTaxItemsThatMayBeReclassifiedToProfitOrLossOCIIFRS">為替換算調整額</link:label>
    <link:labelArc xlink:type="arc" xlink:arcrole="http://www.xbrl.org/2003/arcrole/concept-label" xlink:from="ExchangeDifferencesOnTranslationOfForeignOperationsNetOfTaxItemsThatMayBeReclassifiedToProfitOrLossOCIIFRS" xlink:to="label_ExchangeDifferencesOnTranslationOfForeignOperationsNetOfTaxItemsThatMayBeReclassifiedToProfitOrLossOCIIFRS" />
    <link:loc xlink:type="locator" xlink:href="http://disclosure.edinet-fsa.go.jp/taxonomy/jpigp/2019-11-01/jpigp_cor_2019-11-01.xsd#jpigp_cor_ShareOfOtherComprehensiveIncomeOfInvestmentsAccountedForUsingEquityMethodNetOfTaxItemsThatMayBeReclassifiedToProfitOrLossOCIIFRS" xlink:label="ShareOfOtherComprehensiveIncomeOfInvestmentsAccountedForUsingEquityMethodNetOfTaxItemsThatMayBeReclassifiedToProfitOrLossOCIIFRS" />
    <link:label xlink:type="resource" xlink:label="label_ShareOfOtherComprehensiveIncomeOfInvestmentsAccountedForUsingEquityMethodNetOfTaxItemsThatMayBeReclassifiedToProfitOrLossOCIIFRS" xml:lang="ja" xlink:role="http://disclosure.edinet-fsa.go.jp/jpcrp/alt/role/label" id="label_ShareOfOtherComprehensiveIncomeOfInvestmentsAccountedForUsingEquityMethodNetOfTaxItemsThatMayBeReclassifiedToProfitOrLossOCIIFRS">持分法で会計処理されている投資におけるその他の包括利益</link:label>
    <link:labelArc xlink:type="arc" xlink:arcrole="http://www.xbrl.org/2003/arcrole/concept-label" xlink:from="ShareOfOtherComprehensiveIncomeOfInvestmentsAccountedForUsingEquityMethodNetOfTaxItemsThatMayBeReclassifiedToProfitOrLossOCIIFRS" xlink:to="label_ShareOfOtherComprehensiveIncomeOfInvestmentsAccountedForUsingEquityMethodNetOfTaxItemsThatMayBeReclassifiedToProfitOrLossOCIIFRS" />
    <link:loc xlink:type="locator" xlink:href="http://disclosure.edinet-fsa.go.jp/taxonomy/jpigp/2019-11-01/jpigp_cor_2019-11-01.xsd#jpigp_cor_ComprehensiveIncomeAttributableToIFRSAbstract" xlink:label="ComprehensiveIncomeAttributableToIFRSAbstract" />
    <link:label xlink:type="resource" xlink:label="label_ComprehensiveIncomeAttributableToIFRSAbstract" xml:lang="ja" xlink:role="http://disclosure.edinet-fsa.go.jp/jppfs/ConsolidatedQuarterly/role/label" id="label_ComprehensiveIncomeAttributableToIFRSAbstract">四半期包括利益の帰属</link:label>
    <link:labelArc xlink:type="arc" xlink:arcrole="http://www.xbrl.org/2003/arcrole/concept-label" xlink:from="ComprehensiveIncomeAttributableToIFRSAbstract" xlink:to="label_ComprehensiveIncomeAttributableToIFRSAbstract" />
    <link:loc xlink:type="locator" xlink:href="http://disclosure.edinet-fsa.go.jp/taxonomy/jpigp/2019-11-01/jpigp_cor_2019-11-01.xsd#jpigp_cor_ComprehensiveIncomeAttributableToOwnersOfParentIFRS" xlink:label="ComprehensiveIncomeAttributableToOwnersOfParentIFRS" />
    <link:label xlink:type="resource" xlink:label="label_ComprehensiveIncomeAttributableToOwnersOfParentIFRS" xml:lang="ja" xlink:role="http://disclosure.edinet-fsa.go.jp/jppfs/ConsolidatedQuarterly/role/label" id="label_ComprehensiveIncomeAttributableToOwnersOfParentIFRS">当社株主に帰属する四半期包括利益</link:label>
    <link:labelArc xlink:type="arc" xlink:arcrole="http://www.xbrl.org/2003/arcrole/concept-label" xlink:from="ComprehensiveIncomeAttributableToOwnersOfParentIFRS" xlink:to="label_ComprehensiveIncomeAttributableToOwnersOfParentIFRS" />
    <link:loc xlink:type="locator" xlink:href="http://disclosure.edinet-fsa.go.jp/taxonomy/jpigp/2019-11-01/jpigp_cor_2019-11-01.xsd#jpigp_cor_ComprehensiveIncomeAttributableToNonControllingInterestsIFRS" xlink:label="ComprehensiveIncomeAttributableToNonControllingInterestsIFRS" />
    <link:label xlink:type="resource" xlink:label="label_ComprehensiveIncomeAttributableToNonControllingInterestsIFRS" xml:lang="ja" xlink:role="http://disclosure.edinet-fsa.go.jp/jppfs/ConsolidatedQuarterly/role/label" id="label_ComprehensiveIncomeAttributableToNonControllingInterestsIFRS">非支配持分に帰属する四半期包括利益</link:label>
    <link:labelArc xlink:type="arc" xlink:arcrole="http://www.xbrl.org/2003/arcrole/concept-label" xlink:from="ComprehensiveIncomeAttributableToNonControllingInterestsIFRS" xlink:to="label_ComprehensiveIncomeAttributableToNonControllingInterestsIFRS" />
    <link:loc xlink:type="locator" xlink:href="http://disclosure.edinet-fsa.go.jp/taxonomy/jpigp/2019-11-01/jpigp_cor_2019-11-01.xsd#jpigp_cor_EarningsLossPerShareIFRSAbstract" xlink:label="EarningsLossPerShareIFRSAbstract" />
    <link:label xlink:type="resource" xlink:label="label_EarningsLossPerShareIFRSAbstract" xml:lang="ja" xlink:role="http://disclosure.edinet-fsa.go.jp/jpcrp/alt/ConsolidatedQuarterly/role/positiveLabel" id="label_EarningsLossPerShareIFRSAbstract">１株当たり当社株主に帰属する四半期純利益</link:label>
    <link:labelArc xlink:type="arc" xlink:arcrole="http://www.xbrl.org/2003/arcrole/concept-label" xlink:from="EarningsLossPerShareIFRSAbstract" xlink:to="label_EarningsLossPerShareIFRSAbstract" />
    <link:loc xlink:type="locator" xlink:href="http://disclosure.edinet-fsa.go.jp/taxonomy/jpigp/2019-11-01/jpigp_cor_2019-11-01.xsd#jpigp_cor_BasicEarningsLossPerShareIFRS" xlink:label="BasicEarningsLossPerShareIFRS" />
    <link:label xlink:type="resource" xlink:label="label_BasicEarningsLossPerShareIFRS" xml:lang="ja" xlink:role="http://disclosure.edinet-fsa.go.jp/jpcrp/alt/ConsolidatedQuarterly/role/positiveLabel" id="label_BasicEarningsLossPerShareIFRS">基本的１株当たり当社株主に帰属する四半期純利益</link:label>
    <link:labelArc xlink:type="arc" xlink:arcrole="http://www.xbrl.org/2003/arcrole/concept-label" xlink:from="BasicEarningsLossPerShareIFRS" xlink:to="label_BasicEarningsLossPerShareIFRS" />
    <link:loc xlink:type="locator" xlink:href="http://disclosure.edinet-fsa.go.jp/taxonomy/jpigp/2019-11-01/jpigp_cor_2019-11-01.xsd#jpigp_cor_DilutedEarningsLossPerShareIFRS" xlink:label="DilutedEarningsLossPerShareIFRS" />
    <link:label xlink:type="resource" xlink:label="label_DilutedEarningsLossPerShareIFRS" xml:lang="ja" xlink:role="http://disclosure.edinet-fsa.go.jp/jpcrp/alt/ConsolidatedQuarterly/role/positiveLabel" id="label_DilutedEarningsLossPerShareIFRS">希薄化後１株当たり当社株主に帰属する四半期純利益</link:label>
    <link:labelArc xlink:type="arc" xlink:arcrole="http://www.xbrl.org/2003/arcrole/concept-label" xlink:from="DilutedEarningsLossPerShareIFRS" xlink:to="label_DilutedEarningsLossPerShareIFRS" />
    <link:loc xlink:type="locator" xlink:href="http://disclosure.edinet-fsa.go.jp/taxonomy/jpigp/2019-11-01/jpigp_cor_2019-11-01.xsd#jpigp_cor_EquityIFRSMember" xlink:label="EquityIFRSMember" />
    <link:label xlink:type="resource" xlink:label="label_EquityIFRSMember" xml:lang="ja" xlink:role="http://disclosure.edinet-fsa.go.jp/jpcrp/alt/role/totalLabel" id="label_EquityIFRSMember">資本合計</link:label>
    <link:labelArc xlink:type="arc" xlink:arcrole="http://www.xbrl.org/2003/arcrole/concept-label" xlink:from="EquityIFRSMember" xlink:to="label_EquityIFRSMember" />
    <link:loc xlink:type="locator" xlink:href="http://disclosure.edinet-fsa.go.jp/taxonomy/jpigp/2019-11-01/jpigp_cor_2019-11-01.xsd#jpigp_cor_EquityAttributableToOwnersOfParentIFRSMember" xlink:label="EquityAttributableToOwnersOfParentIFRSMember" />
    <link:label xlink:type="resource" xlink:label="label_EquityAttributableToOwnersOfParentIFRSMember" xml:lang="ja" xlink:role="http://disclosure.edinet-fsa.go.jp/jpcrp/alt/role/totalLabel" id="label_EquityAttributableToOwnersOfParentIFRSMember">株主資本合計</link:label>
    <link:labelArc xlink:type="arc" xlink:arcrole="http://www.xbrl.org/2003/arcrole/concept-label" xlink:from="EquityAttributableToOwnersOfParentIFRSMember" xlink:to="label_EquityAttributableToOwnersOfParentIFRSMember" />
    <link:loc xlink:type="locator" xlink:href="http://disclosure.edinet-fsa.go.jp/taxonomy/jpigp/2019-11-01/jpigp_cor_2019-11-01.xsd#jpigp_cor_CumulativeEffectOfAccountingChangeIFRS" xlink:label="CumulativeEffectOfAccountingChangeIFRS" />
    <link:label xlink:type="resource" xlink:label="label_CumulativeEffectOfAccountingChangeIFRS" xml:lang="ja" xlink:role="http://disclosure.edinet-fsa.go.jp/jpcrp/alt/role/periodStartLabel" id="label_CumulativeEffectOfAccountingChangeIFRS">新会計基準適用による累積的影響額</link:label>
    <link:labelArc xlink:type="arc" xlink:arcrole="http://www.xbrl.org/2003/arcrole/concept-label" xlink:from="CumulativeEffectOfAccountingChangeIFRS" xlink:to="label_CumulativeEffectOfAccountingChangeIFRS" />
    <link:loc xlink:type="locator" xlink:href="http://disclosure.edinet-fsa.go.jp/taxonomy/jpigp/2019-11-01/jpigp_cor_2019-11-01.xsd#jpigp_cor_ComprehensiveIncomeIFRSAbstract" xlink:label="ComprehensiveIncomeIFRSAbstract" />
    <link:label xlink:type="resource" xlink:label="label_ComprehensiveIncomeIFRSAbstract" xml:lang="ja" xlink:role="http://disclosure.edinet-fsa.go.jp/jppfs/ConsolidatedQuarterly/role/label" id="label_ComprehensiveIncomeIFRSAbstract">四半期包括利益</link:label>
    <link:labelArc xlink:type="arc" xlink:arcrole="http://www.xbrl.org/2003/arcrole/concept-label" xlink:from="ComprehensiveIncomeIFRSAbstract" xlink:to="label_ComprehensiveIncomeIFRSAbstract" />
    <link:loc xlink:type="locator" xlink:href="http://disclosure.edinet-fsa.go.jp/taxonomy/jpigp/2019-11-01/jpigp_cor_2019-11-01.xsd#jpigp_cor_DividendsToOwnersOfParentSSIFRS" xlink:label="DividendsToOwnersOfParentSSIFRS" />
    <link:label xlink:type="resource" xlink:label="label_DividendsToOwnersOfParentSSIFRS" xml:lang="ja" xlink:role="http://disclosure.edinet-fsa.go.jp/jpcrp/alt/role/label" id="label_DividendsToOwnersOfParentSSIFRS">当社株主への支払配当金</link:label>
    <link:labelArc xlink:type="arc" xlink:arcrole="http://www.xbrl.org/2003/arcrole/concept-label" xlink:from="DividendsToOwnersOfParentSSIFRS" xlink:to="label_DividendsToOwnersOfParentSSIFRS" />
    <link:loc xlink:type="locator" xlink:href="http://disclosure.edinet-fsa.go.jp/taxonomy/jpigp/2019-11-01/jpigp_cor_2019-11-01.xsd#jpigp_cor_DividendsToNonControllingInterestsSSIFRS" xlink:label="DividendsToNonControllingInterestsSSIFRS" />
    <link:label xlink:type="resource" xlink:label="label_DividendsToNonControllingInterestsSSIFRS" xml:lang="ja" xlink:role="http://disclosure.edinet-fsa.go.jp/jpcrp/alt/role/label" id="label_DividendsToNonControllingInterestsSSIFRS">非支配持分への支払配当金</link:label>
    <link:labelArc xlink:type="arc" xlink:arcrole="http://www.xbrl.org/2003/arcrole/concept-label" xlink:from="DividendsToNonControllingInterestsSSIFRS" xlink:to="label_DividendsToNonControllingInterestsSSIFRS" />
    <link:loc xlink:type="locator" xlink:href="http://disclosure.edinet-fsa.go.jp/taxonomy/jpigp/2019-11-01/jpigp_cor_2019-11-01.xsd#jpigp_cor_OtherComprehensiveIncomeIFRS" xlink:label="OtherComprehensiveIncomeIFRS" />
    <link:label xlink:type="resource" xlink:label="label_OtherComprehensiveIncomeIFRS" xml:lang="ja" xlink:role="http://disclosure.edinet-fsa.go.jp/jpcrp/alt/role/totalLabel" id="label_OtherComprehensiveIncomeIFRS">その他の包括利益（税効果控除後）合計</link:label>
    <link:labelArc xlink:type="arc" xlink:arcrole="http://www.xbrl.org/2003/arcrole/concept-label" xlink:from="OtherComprehensiveIncomeIFRS" xlink:to="label_OtherComprehensiveIncomeIFRS" />
    <link:loc xlink:type="locator" xlink:href="http://disclosure.edinet-fsa.go.jp/taxonomy/jpigp/2019-11-01/jpigp_cor_2019-11-01.xsd#jpigp_cor_AssetsIFRSAbstract" xlink:label="AssetsIFRSAbstract" />
    <link:label xlink:type="resource" xlink:label="label_AssetsIFRSAbstract" xml:lang="ja" xlink:role="http://disclosure.edinet-fsa.go.jp/jpcrp/alt/role/label" id="label_AssetsIFRSAbstract">資産の部</link:label>
    <link:labelArc xlink:type="arc" xlink:arcrole="http://www.xbrl.org/2003/arcrole/concept-label" xlink:from="AssetsIFRSAbstract" xlink:to="label_AssetsIFRSAbstract" />
    <link:loc xlink:type="locator" xlink:href="http://disclosure.edinet-fsa.go.jp/taxonomy/jpigp/2019-11-01/jpigp_cor_2019-11-01.xsd#jpigp_cor_OtherFinancialAssetsCAIFRS" xlink:label="OtherFinancialAssetsCAIFRS" />
    <link:label xlink:type="resource" xlink:label="label_OtherFinancialAssetsCAIFRS" xml:lang="ja" xlink:role="http://disclosure.edinet-fsa.go.jp/jpcrp/alt/role/label" id="label_OtherFinancialAssetsCAIFRS">その他の短期金融資産</link:label>
    <link:labelArc xlink:type="arc" xlink:arcrole="http://www.xbrl.org/2003/arcrole/concept-label" xlink:from="OtherFinancialAssetsCAIFRS" xlink:to="label_OtherFinancialAssetsCAIFRS" />
    <link:loc xlink:type="locator" xlink:href="http://disclosure.edinet-fsa.go.jp/taxonomy/jpigp/2019-11-01/jpigp_cor_2019-11-01.xsd#jpigp_cor_LiabilitiesAndEquityIFRSAbstract" xlink:label="LiabilitiesAndEquityIFRSAbstract" />
    <link:label xlink:type="resource" xlink:label="label_LiabilitiesAndEquityIFRSAbstract" xml:lang="ja" xlink:role="http://disclosure.edinet-fsa.go.jp/jpcrp/alt/role/label" id="label_LiabilitiesAndEquityIFRSAbstract">負債及び資本の部</link:label>
    <link:labelArc xlink:type="arc" xlink:arcrole="http://www.xbrl.org/2003/arcrole/concept-label" xlink:from="LiabilitiesAndEquityIFRSAbstract" xlink:to="label_LiabilitiesAndEquityIFRSAbstract" />
    <link:loc xlink:type="locator" xlink:href="http://disclosure.edinet-fsa.go.jp/taxonomy/jpigp/2019-11-01/jpigp_cor_2019-11-01.xsd#jpigp_cor_BondsAndBorrowingsCLIFRS" xlink:label="BondsAndBorrowingsCLIFRS" />
    <link:label xlink:type="resource" xlink:label="label_BondsAndBorrowingsCLIFRS" xml:lang="ja" xlink:role="http://disclosure.edinet-fsa.go.jp/jpcrp/alt/role/label" id="label_BondsAndBorrowingsCLIFRS">社債及び借入金（短期）</link:label>
    <link:labelArc xlink:type="arc" xlink:arcrole="http://www.xbrl.org/2003/arcrole/concept-label" xlink:from="BondsAndBorrowingsCLIFRS" xlink:to="label_BondsAndBorrowingsCLIFRS" />
    <link:loc xlink:type="locator" xlink:href="http://disclosure.edinet-fsa.go.jp/taxonomy/jpigp/2019-11-01/jpigp_cor_2019-11-01.xsd#jpigp_cor_LeaseLiabilitiesCLIFRS" xlink:label="LeaseLiabilitiesCLIFRS" />
    <link:label xlink:type="resource" xlink:label="label_LeaseLiabilitiesCLIFRS" xml:lang="ja" xlink:role="http://disclosure.edinet-fsa.go.jp/jpcrp/alt/role/label" id="label_LeaseLiabilitiesCLIFRS">リース負債（短期）</link:label>
    <link:labelArc xlink:type="arc" xlink:arcrole="http://www.xbrl.org/2003/arcrole/concept-label" xlink:from="LeaseLiabilitiesCLIFRS" xlink:to="label_LeaseLiabilitiesCLIFRS" />
    <link:loc xlink:type="locator" xlink:href="http://disclosure.edinet-fsa.go.jp/taxonomy/jpigp/2019-11-01/jpigp_cor_2019-11-01.xsd#jpigp_cor_OtherFinancialLiabilitiesCLIFRS" xlink:label="OtherFinancialLiabilitiesCLIFRS" />
    <link:label xlink:type="resource" xlink:label="label_OtherFinancialLiabilitiesCLIFRS" xml:lang="ja" xlink:role="http://disclosure.edinet-fsa.go.jp/jpcrp/alt/role/label" id="label_OtherFinancialLiabilitiesCLIFRS">その他の短期金融負債</link:label>
    <link:labelArc xlink:type="arc" xlink:arcrole="http://www.xbrl.org/2003/arcrole/concept-label" xlink:from="OtherFinancialLiabilitiesCLIFRS" xlink:to="label_OtherFinancialLiabilitiesCLIFRS" />
    <link:loc xlink:type="locator" xlink:href="http://disclosure.edinet-fsa.go.jp/taxonomy/jpigp/2019-11-01/jpigp_cor_2019-11-01.xsd#jpigp_cor_BondsAndBorrowingsNCLIFRS" xlink:label="BondsAndBorrowingsNCLIFRS" />
    <link:label xlink:type="resource" xlink:label="label_BondsAndBorrowingsNCLIFRS" xml:lang="ja" xlink:role="http://disclosure.edinet-fsa.go.jp/jpcrp/alt/role/label" id="label_BondsAndBorrowingsNCLIFRS">社債及び借入金（長期）</link:label>
    <link:labelArc xlink:type="arc" xlink:arcrole="http://www.xbrl.org/2003/arcrole/concept-label" xlink:from="BondsAndBorrowingsNCLIFRS" xlink:to="label_BondsAndBorrowingsNCLIFRS" />
    <link:loc xlink:type="locator" xlink:href="http://disclosure.edinet-fsa.go.jp/taxonomy/jpigp/2019-11-01/jpigp_cor_2019-11-01.xsd#jpigp_cor_LeaseLiabilitiesNCLIFRS" xlink:label="LeaseLiabilitiesNCLIFRS" />
    <link:label xlink:type="resource" xlink:label="label_LeaseLiabilitiesNCLIFRS" xml:lang="ja" xlink:role="http://disclosure.edinet-fsa.go.jp/jpcrp/alt/role/label" id="label_LeaseLiabilitiesNCLIFRS">リース負債（長期）</link:label>
    <link:labelArc xlink:type="arc" xlink:arcrole="http://www.xbrl.org/2003/arcrole/concept-label" xlink:from="LeaseLiabilitiesNCLIFRS" xlink:to="label_LeaseLiabilitiesNCLIFRS" />
    <link:loc xlink:type="locator" xlink:href="http://disclosure.edinet-fsa.go.jp/taxonomy/jpigp/2019-11-01/jpigp_cor_2019-11-01.xsd#jpigp_cor_OtherFinancialLiabilitiesNCLIFRS" xlink:label="OtherFinancialLiabilitiesNCLIFRS" />
    <link:label xlink:type="resource" xlink:label="label_OtherFinancialLiabilitiesNCLIFRS" xml:lang="ja" xlink:role="http://disclosure.edinet-fsa.go.jp/jpcrp/alt/role/label" id="label_OtherFinancialLiabilitiesNCLIFRS">その他の長期金融負債</link:label>
    <link:labelArc xlink:type="arc" xlink:arcrole="http://www.xbrl.org/2003/arcrole/concept-label" xlink:from="OtherFinancialLiabilitiesNCLIFRS" xlink:to="label_OtherFinancialLiabilitiesNCLIFRS" />
    <link:loc xlink:type="locator" xlink:href="http://disclosure.edinet-fsa.go.jp/taxonomy/jpigp/2019-11-01/jpigp_cor_2019-11-01.xsd#jpigp_cor_ExchangeDifferencesOnTranslationOfForeignOperationsEquityIFRS" xlink:label="ExchangeDifferencesOnTranslationOfForeignOperationsEquityIFRS" />
    <link:label xlink:type="resource" xlink:label="label_ExchangeDifferencesOnTranslationOfForeignOperationsEquityIFRS" xml:lang="ja" xlink:role="http://disclosure.edinet-fsa.go.jp/jpcrp/alt/role/label" id="label_ExchangeDifferencesOnTranslationOfForeignOperationsEquityIFRS">為替換算調整額</link:label>
    <link:labelArc xlink:type="arc" xlink:arcrole="http://www.xbrl.org/2003/arcrole/concept-label" xlink:from="ExchangeDifferencesOnTranslationOfForeignOperationsEquityIFRS" xlink:to="label_ExchangeDifferencesOnTranslationOfForeignOperationsEquityIFRS" />
    <link:loc xlink:type="locator" xlink:href="http://disclosure.edinet-fsa.go.jp/taxonomy/jpigp/2019-11-01/jpigp_cor_2019-11-01.xsd#jpigp_cor_FinancialAssetsMeasuredAtFairValueThroughOtherComprehensiveIncomeEquityIFRS" xlink:label="FinancialAssetsMeasuredAtFairValueThroughOtherComprehensiveIncomeEquityIFRS" />
    <link:label xlink:type="resource" xlink:label="label_FinancialAssetsMeasuredAtFairValueThroughOtherComprehensiveIncomeEquityIFRS" xml:lang="ja" xlink:role="http://disclosure.edinet-fsa.go.jp/jpcrp/alt/role/label" id="label_FinancialAssetsMeasuredAtFairValueThroughOtherComprehensiveIncomeEquityIFRS">FVTOCI金融資産</link:label>
    <link:labelArc xlink:type="arc" xlink:arcrole="http://www.xbrl.org/2003/arcrole/concept-label" xlink:from="FinancialAssetsMeasuredAtFairValueThroughOtherComprehensiveIncomeEquityIFRS" xlink:to="label_FinancialAssetsMeasuredAtFairValueThroughOtherComprehensiveIncomeEquityIFRS" />
    <link:loc xlink:type="locator" xlink:href="http://disclosure.edinet-fsa.go.jp/taxonomy/jpigp/2019-11-01/jpigp_cor_2019-11-01.xsd#jpigp_cor_OtherComponentsOfEquityIFRS" xlink:label="OtherComponentsOfEquityIFRS" />
    <link:label xlink:type="resource" xlink:label="label_OtherComponentsOfEquityIFRS" xml:lang="ja" xlink:role="http://www.xbrl.org/2003/role/totalLabel" id="label_OtherComponentsOfEquityIFRS">その他の資本の構成要素合計</link:label>
    <link:labelArc xlink:type="arc" xlink:arcrole="http://www.xbrl.org/2003/arcrole/concept-label" xlink:from="OtherComponentsOfEquityIFRS" xlink:to="label_OtherComponentsOfEquityIFRS" />
    <link:loc xlink:type="locator" xlink:href="http://disclosure.edinet-fsa.go.jp/taxonomy/jpigp/2019-11-01/jpigp_cor_2019-11-01.xsd#jpigp_cor_EquityAttributableToOwnersOfParentIFRS" xlink:label="EquityAttributableToOwnersOfParentIFRS" />
    <link:label xlink:type="resource" xlink:label="label_EquityAttributableToOwnersOfParentIFRS" xml:lang="ja" xlink:role="http://disclosure.edinet-fsa.go.jp/jpcrp/alt/role/totalLabel" id="label_EquityAttributableToOwnersOfParentIFRS">株主資本合計</link:label>
    <link:labelArc xlink:type="arc" xlink:arcrole="http://www.xbrl.org/2003/arcrole/concept-label" xlink:from="EquityAttributableToOwnersOfParentIFRS" xlink:to="label_EquityAttributableToOwnersOfParentIFRS" />
    <link:loc xlink:type="locator" xlink:href="jpcrp040300-q1r-001_E02497-000_2020-06-30_01_2020-08-12.xsd#jpcrp040300-q1r_E02497-000_The8thReportableSegmentMember" xlink:label="The8thReportableSegmentMember" />
    <link:loc xlink:type="locator" xlink:href="http://disclosure.edinet-fsa.go.jp/taxonomy/jpcrp/2019-11-01/jpcrp_cor_2019-11-01.xsd#jpcrp_cor_EntityTotalMember" xlink:label="EntityTotalMember" />
    <link:label xlink:type="resource" xlink:label="label_EntityTotalMember" xml:lang="ja" xlink:role="http://disclosure.edinet-fsa.go.jp/jppfs/Consolidated/role/totalLabel" id="label_EntityTotalMember">連結合計</link:label>
    <link:labelArc xlink:type="arc" xlink:arcrole="http://www.xbrl.org/2003/arcrole/concept-label" xlink:from="EntityTotalMember" xlink:to="label_EntityTotalMember" />
    <link:loc xlink:type="locator" xlink:href="http://disclosure.edinet-fsa.go.jp/taxonomy/jpcrp/2019-11-01/jpcrp_cor_2019-11-01.xsd#jpcrp_cor_ReconcilingItemsMember" xlink:label="ReconcilingItemsMember" />
    <link:label xlink:type="resource" xlink:label="label_ReconcilingItemsMember" xml:lang="ja" xlink:role="http://disclosure.edinet-fsa.go.jp/jpcrp/alt/role/label" id="label_ReconcilingItemsMember">その他及び修正消去</link:label>
    <link:labelArc xlink:type="arc" xlink:arcrole="http://www.xbrl.org/2003/arcrole/concept-label" xlink:from="ReconcilingItemsMember" xlink:to="label_ReconcilingItemsMember" />
    <link:loc xlink:type="locator" xlink:href="http://disclosure.edinet-fsa.go.jp/taxonomy/jpigp/2019-11-01/jpigp_cor_2019-11-01.xsd#jpigp_cor_IntersegmentRevenue2IFRS" xlink:label="IntersegmentRevenue2IFRS" />
    <link:label xlink:type="resource" xlink:label="label_IntersegmentRevenue2IFRS" xml:lang="ja" xlink:role="http://disclosure.edinet-fsa.go.jp/jpcrp/alt/role/label" id="label_IntersegmentRevenue2IFRS">セグメント間内部収益</link:label>
    <link:labelArc xlink:type="arc" xlink:arcrole="http://www.xbrl.org/2003/arcrole/concept-label" xlink:from="IntersegmentRevenue2IFRS" xlink:to="label_IntersegmentRevenue2IFRS" />
    <link:loc xlink:type="locator" xlink:href="http://disclosure.edinet-fsa.go.jp/taxonomy/jpigp/2019-11-01/jpigp_cor_2019-11-01.xsd#jpigp_cor_Revenue2IFRS" xlink:label="Revenue2IFRS" />
    <link:label xlink:type="resource" xlink:label="label_Revenue2IFRS" xml:lang="ja" xlink:role="http://disclosure.edinet-fsa.go.jp/jpcrp/alt/role/totalLabel" id="label_Revenue2IFRS">収益合計</link:label>
    <link:labelArc xlink:type="arc" xlink:arcrole="http://www.xbrl.org/2003/arcrole/concept-label" xlink:from="Revenue2IFRS" xlink:to="label_Revenue2IFRS" />
    <link:loc xlink:type="locator" xlink:href="http://disclosure.edinet-fsa.go.jp/taxonomy/jpigp/2019-11-01/jpigp_cor_2019-11-01.xsd#jpigp_cor_ShareOfProfitLossOfInvestmentsAccountedForUsingEquityMethodIFRS" xlink:label="ShareOfProfitLossOfInvestmentsAccountedForUsingEquityMethodIFRS" />
    <link:label xlink:type="resource" xlink:label="label_ShareOfProfitLossOfInvestmentsAccountedForUsingEquityMethodIFRS" xml:lang="ja" xlink:role="http://disclosure.edinet-fsa.go.jp/jpcrp/alt/role/label" id="label_ShareOfProfitLossOfInvestmentsAccountedForUsingEquityMethodIFRS">持分法による投資損益</link:label>
    <link:labelArc xlink:type="arc" xlink:arcrole="http://www.xbrl.org/2003/arcrole/concept-label" xlink:from="ShareOfProfitLossOfInvestmentsAccountedForUsingEquityMethodIFRS" xlink:to="label_ShareOfProfitLossOfInvestmentsAccountedForUsingEquityMethodIFRS" />
    <link:loc xlink:type="locator" xlink:href="http://disclosure.edinet-fsa.go.jp/taxonomy/jpigp/2019-11-01/jpigp_cor_2019-11-01.xsd#jpigp_cor_ProfitLossAttributableToOwnersOfParentIFRS" xlink:label="ProfitLossAttributableToOwnersOfParentIFRS" />
    <link:label xlink:type="resource" xlink:label="label_ProfitLossAttributableToOwnersOfParentIFRS" xml:lang="ja" xlink:role="http://disclosure.edinet-fsa.go.jp/jppfs/ConsolidatedQuarterly/role/positiveLabel" id="label_ProfitLossAttributableToOwnersOfParentIFRS">当社株主に帰属する四半期純利益</link:label>
    <link:labelArc xlink:type="arc" xlink:arcrole="http://www.xbrl.org/2003/arcrole/concept-label" xlink:from="ProfitLossAttributableToOwnersOfParentIFRS" xlink:to="label_ProfitLossAttributableToOwnersOfParentIFRS" />
    <link:loc xlink:type="locator" xlink:href="http://disclosure.edinet-fsa.go.jp/taxonomy/jpigp/2019-11-01/jpigp_cor_2019-11-01.xsd#jpigp_cor_AssetsIFRS" xlink:label="AssetsIFRS" />
    <link:label xlink:type="resource" xlink:label="label_AssetsIFRS" xml:lang="ja" xlink:role="http://disclosure.edinet-fsa.go.jp/jpcrp/alt/role/label" id="label_AssetsIFRS">セグメント別資産</link:label>
    <link:labelArc xlink:type="arc" xlink:arcrole="http://www.xbrl.org/2003/arcrole/concept-label" xlink:from="AssetsIFRS" xlink:to="label_AssetsIFRS" />
    <link:loc xlink:type="locator" xlink:href="http://disclosure.edinet-fsa.go.jp/taxonomy/jpigp/2019-11-01/jpigp_cor_2019-11-01.xsd#jpigp_cor_AdjustmentsForOpeCFIFRSAbstract" xlink:label="AdjustmentsForOpeCFIFRSAbstract" />
    <link:label xlink:type="resource" xlink:label="label_AdjustmentsForOpeCFIFRSAbstract" xml:lang="ja" xlink:role="http://disclosure.edinet-fsa.go.jp/jpcrp/alt/role/label" id="label_AdjustmentsForOpeCFIFRSAbstract">営業活動によるキャッシュ・フローへの調整</link:label>
    <link:labelArc xlink:type="arc" xlink:arcrole="http://www.xbrl.org/2003/arcrole/concept-label" xlink:from="AdjustmentsForOpeCFIFRSAbstract" xlink:to="label_AdjustmentsForOpeCFIFRSAbstract" />
    <link:loc xlink:type="locator" xlink:href="http://disclosure.edinet-fsa.go.jp/taxonomy/jpigp/2019-11-01/jpigp_cor_2019-11-01.xsd#jpigp_cor_DepreciationExpenseOpeCFIFRS" xlink:label="DepreciationExpenseOpeCFIFRS" />
    <link:label xlink:type="resource" xlink:label="label_DepreciationExpenseOpeCFIFRS" xml:lang="ja" xlink:role="http://disclosure.edinet-fsa.go.jp/jpcrp/alt/role/label" id="label_DepreciationExpenseOpeCFIFRS">減価償却費等</link:label>
    <link:labelArc xlink:type="arc" xlink:arcrole="http://www.xbrl.org/2003/arcrole/concept-label" xlink:from="DepreciationExpenseOpeCFIFRS" xlink:to="label_DepreciationExpenseOpeCFIFRS" />
    <link:loc xlink:type="locator" xlink:href="http://disclosure.edinet-fsa.go.jp/taxonomy/jpigp/2019-11-01/jpigp_cor_2019-11-01.xsd#jpigp_cor_LossGainOnInvestmentsInSecuritiesOpeCFIFRS" xlink:label="LossGainOnInvestmentsInSecuritiesOpeCFIFRS" />
    <link:label xlink:type="resource" xlink:label="label_LossGainOnInvestmentsInSecuritiesOpeCFIFRS" xml:lang="ja" xlink:role="http://disclosure.edinet-fsa.go.jp/jpcrp/alt/role/label" id="label_LossGainOnInvestmentsInSecuritiesOpeCFIFRS">有価証券損益</link:label>
    <link:labelArc xlink:type="arc" xlink:arcrole="http://www.xbrl.org/2003/arcrole/concept-label" xlink:from="LossGainOnInvestmentsInSecuritiesOpeCFIFRS" xlink:to="label_LossGainOnInvestmentsInSecuritiesOpeCFIFRS" />
    <link:loc xlink:type="locator" xlink:href="http://disclosure.edinet-fsa.go.jp/taxonomy/jpigp/2019-11-01/jpigp_cor_2019-11-01.xsd#jpigp_cor_LossGainRelatedToFixedAssetsOpeCFIFRS" xlink:label="LossGainRelatedToFixedAssetsOpeCFIFRS" />
    <link:label xlink:type="resource" xlink:label="label_LossGainRelatedToFixedAssetsOpeCFIFRS" xml:lang="ja" xlink:role="http://disclosure.edinet-fsa.go.jp/jpcrp/alt/role/label" id="label_LossGainRelatedToFixedAssetsOpeCFIFRS">固定資産に係る損益</link:label>
    <link:labelArc xlink:type="arc" xlink:arcrole="http://www.xbrl.org/2003/arcrole/concept-label" xlink:from="LossGainRelatedToFixedAssetsOpeCFIFRS" xlink:to="label_LossGainRelatedToFixedAssetsOpeCFIFRS" />
    <link:loc xlink:type="locator" xlink:href="http://disclosure.edinet-fsa.go.jp/taxonomy/jpigp/2019-11-01/jpigp_cor_2019-11-01.xsd#jpigp_cor_ShareOfLossProfitOfInvestmentsAccountedForUsingEquityMethodOpeCFIFRS" xlink:label="ShareOfLossProfitOfInvestmentsAccountedForUsingEquityMethodOpeCFIFRS" />
    <link:label xlink:type="resource" xlink:label="label_ShareOfLossProfitOfInvestmentsAccountedForUsingEquityMethodOpeCFIFRS" xml:lang="ja" xlink:role="http://disclosure.edinet-fsa.go.jp/jpcrp/alt/role/label" id="label_ShareOfLossProfitOfInvestmentsAccountedForUsingEquityMethodOpeCFIFRS">持分法による投資損益</link:label>
    <link:labelArc xlink:type="arc" xlink:arcrole="http://www.xbrl.org/2003/arcrole/concept-label" xlink:from="ShareOfLossProfitOfInvestmentsAccountedForUsingEquityMethodOpeCFIFRS" xlink:to="label_ShareOfLossProfitOfInvestmentsAccountedForUsingEquityMethodOpeCFIFRS" />
    <link:loc xlink:type="locator" xlink:href="http://disclosure.edinet-fsa.go.jp/taxonomy/jpigp/2019-11-01/jpigp_cor_2019-11-01.xsd#jpigp_cor_DecreaseIncreaseInTradeReceivablesOpeCFIFRS" xlink:label="DecreaseIncreaseInTradeReceivablesOpeCFIFRS" />
    <link:label xlink:type="resource" xlink:label="label_DecreaseIncreaseInTradeReceivablesOpeCFIFRS" xml:lang="ja" xlink:role="http://disclosure.edinet-fsa.go.jp/jpcrp/alt/role/label" id="label_DecreaseIncreaseInTradeReceivablesOpeCFIFRS">営業債権の増減</link:label>
    <link:labelArc xlink:type="arc" xlink:arcrole="http://www.xbrl.org/2003/arcrole/concept-label" xlink:from="DecreaseIncreaseInTradeReceivablesOpeCFIFRS" xlink:to="label_DecreaseIncreaseInTradeReceivablesOpeCFIFRS" />
    <link:loc xlink:type="locator" xlink:href="http://disclosure.edinet-fsa.go.jp/taxonomy/jpigp/2019-11-01/jpigp_cor_2019-11-01.xsd#jpigp_cor_DecreaseIncreaseInInventoriesOpeCFIFRS" xlink:label="DecreaseIncreaseInInventoriesOpeCFIFRS" />
    <link:label xlink:type="resource" xlink:label="label_DecreaseIncreaseInInventoriesOpeCFIFRS" xml:lang="ja" xlink:role="http://disclosure.edinet-fsa.go.jp/jpcrp/alt/role/label" id="label_DecreaseIncreaseInInventoriesOpeCFIFRS">棚卸資産の増減</link:label>
    <link:labelArc xlink:type="arc" xlink:arcrole="http://www.xbrl.org/2003/arcrole/concept-label" xlink:from="DecreaseIncreaseInInventoriesOpeCFIFRS" xlink:to="label_DecreaseIncreaseInInventoriesOpeCFIFRS" />
    <link:loc xlink:type="locator" xlink:href="http://disclosure.edinet-fsa.go.jp/taxonomy/jpigp/2019-11-01/jpigp_cor_2019-11-01.xsd#jpigp_cor_IncreaseDecreaseInTradePayablesOpeCFIFRS" xlink:label="IncreaseDecreaseInTradePayablesOpeCFIFRS" />
    <link:label xlink:type="resource" xlink:label="label_IncreaseDecreaseInTradePayablesOpeCFIFRS" xml:lang="ja" xlink:role="http://disclosure.edinet-fsa.go.jp/jpcrp/alt/role/label" id="label_IncreaseDecreaseInTradePayablesOpeCFIFRS">営業債務の増減</link:label>
    <link:labelArc xlink:type="arc" xlink:arcrole="http://www.xbrl.org/2003/arcrole/concept-label" xlink:from="IncreaseDecreaseInTradePayablesOpeCFIFRS" xlink:to="label_IncreaseDecreaseInTradePayablesOpeCFIFRS" />
    <link:loc xlink:type="locator" xlink:href="http://disclosure.edinet-fsa.go.jp/taxonomy/jpigp/2019-11-01/jpigp_cor_2019-11-01.xsd#jpigp_cor_OtherChangesInWorkingCapitalOpeCFIFRS" xlink:label="OtherChangesInWorkingCapitalOpeCFIFRS" />
    <link:label xlink:type="resource" xlink:label="label_OtherChangesInWorkingCapitalOpeCFIFRS" xml:lang="ja" xlink:role="http://disclosure.edinet-fsa.go.jp/jpcrp/alt/role/label" id="label_OtherChangesInWorkingCapitalOpeCFIFRS">その他－純額</link:label>
    <link:labelArc xlink:type="arc" xlink:arcrole="http://www.xbrl.org/2003/arcrole/concept-label" xlink:from="OtherChangesInWorkingCapitalOpeCFIFRS" xlink:to="label_OtherChangesInWorkingCapitalOpeCFIFRS" />
    <link:loc xlink:type="locator" xlink:href="http://disclosure.edinet-fsa.go.jp/taxonomy/jpigp/2019-11-01/jpigp_cor_2019-11-01.xsd#jpigp_cor_PaymentsForAcquisitionOfSubsidiariesInvCFIFRS" xlink:label="PaymentsForAcquisitionOfSubsidiariesInvCFIFRS" />
    <link:label xlink:type="resource" xlink:label="label_PaymentsForAcquisitionOfSubsidiariesInvCFIFRS" xml:lang="ja" xlink:role="http://disclosure.edinet-fsa.go.jp/jpcrp/alt/role/label" id="label_PaymentsForAcquisitionOfSubsidiariesInvCFIFRS">子会社の取得による支出（取得時の現金受入額控除後）</link:label>
    <link:labelArc xlink:type="arc" xlink:arcrole="http://www.xbrl.org/2003/arcrole/concept-label" xlink:from="PaymentsForAcquisitionOfSubsidiariesInvCFIFRS" xlink:to="label_PaymentsForAcquisitionOfSubsidiariesInvCFIFRS" />
    <link:loc xlink:type="locator" xlink:href="http://disclosure.edinet-fsa.go.jp/taxonomy/jpigp/2019-11-01/jpigp_cor_2019-11-01.xsd#jpigp_cor_PaymentsForLoansReceivableInvCFIFRS" xlink:label="PaymentsForLoansReceivableInvCFIFRS" />
    <link:label xlink:type="resource" xlink:label="label_PaymentsForLoansReceivableInvCFIFRS" xml:lang="ja" xlink:role="http://disclosure.edinet-fsa.go.jp/jpcrp/alt/role/label" id="label_PaymentsForLoansReceivableInvCFIFRS">貸付による支出</link:label>
    <link:labelArc xlink:type="arc" xlink:arcrole="http://www.xbrl.org/2003/arcrole/concept-label" xlink:from="PaymentsForLoansReceivableInvCFIFRS" xlink:to="label_PaymentsForLoansReceivableInvCFIFRS" />
    <link:loc xlink:type="locator" xlink:href="http://disclosure.edinet-fsa.go.jp/taxonomy/jpigp/2019-11-01/jpigp_cor_2019-11-01.xsd#jpigp_cor_PurchaseOfPropertyPlantAndEquipmentInvCFIFRS" xlink:label="PurchaseOfPropertyPlantAndEquipmentInvCFIFRS" />
    <link:label xlink:type="resource" xlink:label="label_PurchaseOfPropertyPlantAndEquipmentInvCFIFRS" xml:lang="ja" xlink:role="http://disclosure.edinet-fsa.go.jp/jpcrp/alt/role/label" id="label_PurchaseOfPropertyPlantAndEquipmentInvCFIFRS">有形固定資産等の取得による支出</link:label>
    <link:labelArc xlink:type="arc" xlink:arcrole="http://www.xbrl.org/2003/arcrole/concept-label" xlink:from="PurchaseOfPropertyPlantAndEquipmentInvCFIFRS" xlink:to="label_PurchaseOfPropertyPlantAndEquipmentInvCFIFRS" />
    <link:loc xlink:type="locator" xlink:href="http://disclosure.edinet-fsa.go.jp/taxonomy/jpigp/2019-11-01/jpigp_cor_2019-11-01.xsd#jpigp_cor_ProceedsFromSaleOfPropertyPlantAndEquipmentInvCFIFRS" xlink:label="ProceedsFromSaleOfPropertyPlantAndEquipmentInvCFIFRS" />
    <link:label xlink:type="resource" xlink:label="label_ProceedsFromSaleOfPropertyPlantAndEquipmentInvCFIFRS" xml:lang="ja" xlink:role="http://disclosure.edinet-fsa.go.jp/jpcrp/alt/role/label" id="label_ProceedsFromSaleOfPropertyPlantAndEquipmentInvCFIFRS">有形固定資産等の売却による収入</link:label>
    <link:labelArc xlink:type="arc" xlink:arcrole="http://www.xbrl.org/2003/arcrole/concept-label" xlink:from="ProceedsFromSaleOfPropertyPlantAndEquipmentInvCFIFRS" xlink:to="label_ProceedsFromSaleOfPropertyPlantAndEquipmentInvCFIFRS" />
    <link:loc xlink:type="locator" xlink:href="http://disclosure.edinet-fsa.go.jp/taxonomy/jpigp/2019-11-01/jpigp_cor_2019-11-01.xsd#jpigp_cor_NetDecreaseIncreaseInTimeDepositsInvCFIFRS" xlink:label="NetDecreaseIncreaseInTimeDepositsInvCFIFRS" />
    <link:label xlink:type="resource" xlink:label="label_NetDecreaseIncreaseInTimeDepositsInvCFIFRS" xml:lang="ja" xlink:role="http://disclosure.edinet-fsa.go.jp/jpcrp/alt/role/label" id="label_NetDecreaseIncreaseInTimeDepositsInvCFIFRS">定期預金の増減－純額</link:label>
    <link:labelArc xlink:type="arc" xlink:arcrole="http://www.xbrl.org/2003/arcrole/concept-label" xlink:from="NetDecreaseIncreaseInTimeDepositsInvCFIFRS" xlink:to="label_NetDecreaseIncreaseInTimeDepositsInvCFIFRS" />
    <link:loc xlink:type="locator" xlink:href="http://disclosure.edinet-fsa.go.jp/taxonomy/jpigp/2019-11-01/jpigp_cor_2019-11-01.xsd#jpigp_cor_RepaymentsOfLeaseObligationsFinCFIFRS" xlink:label="RepaymentsOfLeaseObligationsFinCFIFRS" />
    <link:label xlink:type="resource" xlink:label="label_RepaymentsOfLeaseObligationsFinCFIFRS" xml:lang="ja" xlink:role="http://disclosure.edinet-fsa.go.jp/jpcrp/alt/role/label" id="label_RepaymentsOfLeaseObligationsFinCFIFRS">リース負債の返済額</link:label>
    <link:labelArc xlink:type="arc" xlink:arcrole="http://www.xbrl.org/2003/arcrole/concept-label" xlink:from="RepaymentsOfLeaseObligationsFinCFIFRS" xlink:to="label_RepaymentsOfLeaseObligationsFinCFIFRS" />
    <link:loc xlink:type="locator" xlink:href="http://disclosure.edinet-fsa.go.jp/taxonomy/jpigp/2019-11-01/jpigp_cor_2019-11-01.xsd#jpigp_cor_NetIncreaseDecreaseInShortTermBorrowingsFinCFIFRS" xlink:label="NetIncreaseDecreaseInShortTermBorrowingsFinCFIFRS" />
    <link:label xlink:type="resource" xlink:label="label_NetIncreaseDecreaseInShortTermBorrowingsFinCFIFRS" xml:lang="ja" xlink:role="http://disclosure.edinet-fsa.go.jp/jpcrp/alt/role/label" id="label_NetIncreaseDecreaseInShortTermBorrowingsFinCFIFRS">純額表示される短期借入金の増減額</link:label>
    <link:labelArc xlink:type="arc" xlink:arcrole="http://www.xbrl.org/2003/arcrole/concept-label" xlink:from="NetIncreaseDecreaseInShortTermBorrowingsFinCFIFRS" xlink:to="label_NetIncreaseDecreaseInShortTermBorrowingsFinCFIFRS" />
    <link:loc xlink:type="locator" xlink:href="http://disclosure.edinet-fsa.go.jp/taxonomy/jpigp/2019-11-01/jpigp_cor_2019-11-01.xsd#jpigp_cor_DividendsPaidToOwnersOfParentFinCFIFRS" xlink:label="DividendsPaidToOwnersOfParentFinCFIFRS" />
    <link:label xlink:type="resource" xlink:label="label_DividendsPaidToOwnersOfParentFinCFIFRS" xml:lang="ja" xlink:role="http://disclosure.edinet-fsa.go.jp/jpcrp/alt/role/label" id="label_DividendsPaidToOwnersOfParentFinCFIFRS">当社株主への配当金の支払額</link:label>
    <link:labelArc xlink:type="arc" xlink:arcrole="http://www.xbrl.org/2003/arcrole/concept-label" xlink:from="DividendsPaidToOwnersOfParentFinCFIFRS" xlink:to="label_DividendsPaidToOwnersOfParentFinCFIFRS" />
    <link:loc xlink:type="locator" xlink:href="http://disclosure.edinet-fsa.go.jp/taxonomy/jpigp/2019-11-01/jpigp_cor_2019-11-01.xsd#jpigp_cor_NetDecreaseIncreaseInTreasurySharesFinCFIFRS" xlink:label="NetDecreaseIncreaseInTreasurySharesFinCFIFRS" />
    <link:label xlink:type="resource" xlink:label="label_NetDecreaseIncreaseInTreasurySharesFinCFIFRS" xml:lang="ja" xlink:role="http://disclosure.edinet-fsa.go.jp/jpcrp/alt/role/label" id="label_NetDecreaseIncreaseInTreasurySharesFinCFIFRS">自己株式の増減－純額</link:label>
    <link:labelArc xlink:type="arc" xlink:arcrole="http://www.xbrl.org/2003/arcrole/concept-label" xlink:from="NetDecreaseIncreaseInTreasurySharesFinCFIFRS" xlink:to="label_NetDecreaseIncreaseInTreasurySharesFinCFIFRS" />
    <link:loc xlink:type="locator" xlink:href="http://disclosure.edinet-fsa.go.jp/taxonomy/jpigp/2019-11-01/jpigp_cor_2019-11-01.xsd#jpigp_cor_NetIncreaseDecreaseInCashAndCashEquivalentsBeforeEffectOfExchangeRateChangesIFRS" xlink:label="NetIncreaseDecreaseInCashAndCashEquivalentsBeforeEffectOfExchangeRateChangesIFRS" />
    <link:label xlink:type="resource" xlink:label="label_NetIncreaseDecreaseInCashAndCashEquivalentsBeforeEffectOfExchangeRateChangesIFRS" xml:lang="ja" xlink:role="http://disclosure.edinet-fsa.go.jp/jpcrp/alt/role/label" id="label_NetIncreaseDecreaseInCashAndCashEquivalentsBeforeEffectOfExchangeRateChangesIFRS">現金及び現金同等物の増減額</link:label>
    <link:labelArc xlink:type="arc" xlink:arcrole="http://www.xbrl.org/2003/arcrole/concept-label" xlink:from="NetIncreaseDecreaseInCashAndCashEquivalentsBeforeEffectOfExchangeRateChangesIFRS" xlink:to="label_NetIncreaseDecreaseInCashAndCashEquivalentsBeforeEffectOfExchangeRateChangesIFRS" />
    <link:loc xlink:type="locator" xlink:href="http://disclosure.edinet-fsa.go.jp/taxonomy/jpigp/2019-11-01/jpigp_cor_2019-11-01.xsd#jpigp_cor_EffectOfExchangeRateChangesOnCashAndCashEquivalentsIFRS" xlink:label="EffectOfExchangeRateChangesOnCashAndCashEquivalentsIFRS" />
    <link:label xlink:type="resource" xlink:label="label_EffectOfExchangeRateChangesOnCashAndCashEquivalentsIFRS" xml:lang="ja" xlink:role="http://disclosure.edinet-fsa.go.jp/jpcrp/alt/role/label" id="label_EffectOfExchangeRateChangesOnCashAndCashEquivalentsIFRS">為替相場の変動による現金及び現金同等物への影響額</link:label>
    <link:labelArc xlink:type="arc" xlink:arcrole="http://www.xbrl.org/2003/arcrole/concept-label" xlink:from="EffectOfExchangeRateChangesOnCashAndCashEquivalentsIFRS" xlink:to="label_EffectOfExchangeRateChangesOnCashAndCashEquivalentsIFRS" />
    <link:loc xlink:type="locator" xlink:href="http://disclosure.edinet-fsa.go.jp/taxonomy/jpigp/2019-11-01/jpigp_cor_2019-11-01.xsd#jpigp_cor_ProfitLossIFRS" xlink:label="ProfitLossIFRS" />
    <link:label xlink:type="resource" xlink:label="label_ProfitLossIFRS" xml:lang="ja" xlink:role="http://disclosure.edinet-fsa.go.jp/jpcrp/alt/ConsolidatedQuarterly/role/positiveLabel" id="label_ProfitLossIFRS">四半期純利益</link:label>
    <link:labelArc xlink:type="arc" xlink:arcrole="http://www.xbrl.org/2003/arcrole/concept-label" xlink:from="ProfitLossIFRS" xlink:to="label_ProfitLossIFRS" />
    <link:label xlink:type="resource" xlink:label="label_RevenuesFromSaleOfGoodsRevenue2IFRS" xml:lang="ja" xlink:role="http://www.xbrl.org/2003/role/label" id="label_RevenuesFromSaleOfGoodsRevenue2IFRS">商品販売等に係る収益</link:label>
    <link:labelArc xlink:type="arc" xlink:arcrole="http://www.xbrl.org/2003/arcrole/concept-label" xlink:from="RevenuesFromSaleOfGoodsRevenue2IFRS" xlink:to="label_RevenuesFromSaleOfGoodsRevenue2IFRS" />
    <link:label xlink:type="resource" xlink:label="label_RevenuesFromSaleOfGoodsRevenue2IFRS_2" xml:lang="ja" xlink:role="http://www.xbrl.org/2003/role/verboseLabel" id="label_RevenuesFromSaleOfGoodsRevenue2IFRS_2">商品販売等に係る収益、収益（IFRS）</link:label>
    <link:labelArc xlink:type="arc" xlink:arcrole="http://www.xbrl.org/2003/arcrole/concept-label" xlink:from="RevenuesFromSaleOfGoodsRevenue2IFRS" xlink:to="label_RevenuesFromSaleOfGoodsRevenue2IFRS_2" />
    <link:label xlink:type="resource" xlink:label="label_RevenuesOfRenderingOfServicesAndRoyaltiesRevenue2IFRS" xml:lang="ja" xlink:role="http://www.xbrl.org/2003/role/label" id="label_RevenuesOfRenderingOfServicesAndRoyaltiesRevenue2IFRS">役務提供及びロイヤルティ取引に係る収益</link:label>
    <link:labelArc xlink:type="arc" xlink:arcrole="http://www.xbrl.org/2003/arcrole/concept-label" xlink:from="RevenuesOfRenderingOfServicesAndRoyaltiesRevenue2IFRS" xlink:to="label_RevenuesOfRenderingOfServicesAndRoyaltiesRevenue2IFRS" />
    <link:label xlink:type="resource" xlink:label="label_RevenuesOfRenderingOfServicesAndRoyaltiesRevenue2IFRS_2" xml:lang="ja" xlink:role="http://www.xbrl.org/2003/role/verboseLabel" id="label_RevenuesOfRenderingOfServicesAndRoyaltiesRevenue2IFRS_2">役務提供及びロイヤルティ取引に係る収益、収益（IFRS）</link:label>
    <link:labelArc xlink:type="arc" xlink:arcrole="http://www.xbrl.org/2003/arcrole/concept-label" xlink:from="RevenuesOfRenderingOfServicesAndRoyaltiesRevenue2IFRS" xlink:to="label_RevenuesOfRenderingOfServicesAndRoyaltiesRevenue2IFRS_2" />
    <link:label xlink:type="resource" xlink:label="label_CostOfSaleOfGoodsCostOfSalesIFRS" xml:lang="ja" xlink:role="http://www.xbrl.org/2003/role/label" id="label_CostOfSaleOfGoodsCostOfSalesIFRS">商品販売等に係る原価</link:label>
    <link:labelArc xlink:type="arc" xlink:arcrole="http://www.xbrl.org/2003/arcrole/concept-label" xlink:from="CostOfSaleOfGoodsCostOfSalesIFRS" xlink:to="label_CostOfSaleOfGoodsCostOfSalesIFRS" />
    <link:label xlink:type="resource" xlink:label="label_CostOfSaleOfGoodsCostOfSalesIFRS_2" xml:lang="ja" xlink:role="http://www.xbrl.org/2003/role/verboseLabel" id="label_CostOfSaleOfGoodsCostOfSalesIFRS_2">商品販売等に係る原価、売上原価（IFRS）</link:label>
    <link:labelArc xlink:type="arc" xlink:arcrole="http://www.xbrl.org/2003/arcrole/concept-label" xlink:from="CostOfSaleOfGoodsCostOfSalesIFRS" xlink:to="label_CostOfSaleOfGoodsCostOfSalesIFRS_2" />
    <link:label xlink:type="resource" xlink:label="label_CostOfRenderingOfServicesAndRoyaltiesCostOfSalesIFRS" xml:lang="ja" xlink:role="http://www.xbrl.org/2003/role/label" id="label_CostOfRenderingOfServicesAndRoyaltiesCostOfSalesIFRS">役務提供及びロイヤルティ取引に係る原価</link:label>
    <link:labelArc xlink:type="arc" xlink:arcrole="http://www.xbrl.org/2003/arcrole/concept-label" xlink:from="CostOfRenderingOfServicesAndRoyaltiesCostOfSalesIFRS" xlink:to="label_CostOfRenderingOfServicesAndRoyaltiesCostOfSalesIFRS" />
    <link:label xlink:type="resource" xlink:label="label_CostOfRenderingOfServicesAndRoyaltiesCostOfSalesIFRS_2" xml:lang="ja" xlink:role="http://www.xbrl.org/2003/role/verboseLabel" id="label_CostOfRenderingOfServicesAndRoyaltiesCostOfSalesIFRS_2">役務提供及びロイヤルティ取引に係る原価、売上原価（IFRS）</link:label>
    <link:labelArc xlink:type="arc" xlink:arcrole="http://www.xbrl.org/2003/arcrole/concept-label" xlink:from="CostOfRenderingOfServicesAndRoyaltiesCostOfSalesIFRS" xlink:to="label_CostOfRenderingOfServicesAndRoyaltiesCostOfSalesIFRS_2" />
    <link:label xlink:type="resource" xlink:label="label_OtherGainsLossesIFRSAbstract" xml:lang="ja" xlink:role="http://www.xbrl.org/2003/role/label" id="label_OtherGainsLossesIFRSAbstract">その他の収益及び費用</link:label>
    <link:labelArc xlink:type="arc" xlink:arcrole="http://www.xbrl.org/2003/arcrole/concept-label" xlink:from="OtherGainsLossesIFRSAbstract" xlink:to="label_OtherGainsLossesIFRSAbstract" />
    <link:label xlink:type="resource" xlink:label="label_OtherGainsLossesIFRSAbstract_2" xml:lang="ja" xlink:role="http://www.xbrl.org/2003/role/verboseLabel" id="label_OtherGainsLossesIFRSAbstract_2">その他の収益及び費用（IFRS） [タイトル項目]</link:label>
    <link:labelArc xlink:type="arc" xlink:arcrole="http://www.xbrl.org/2003/arcrole/concept-label" xlink:from="OtherGainsLossesIFRSAbstract" xlink:to="label_OtherGainsLossesIFRSAbstract_2" />
    <link:label xlink:type="resource" xlink:label="label_ProvisionForDoubtfulAccountsOtherGainsLossesIFRS" xml:lang="ja" xlink:role="http://www.xbrl.org/2003/role/label" id="label_ProvisionForDoubtfulAccountsOtherGainsLossesIFRS">貸倒損失</link:label>
    <link:labelArc xlink:type="arc" xlink:arcrole="http://www.xbrl.org/2003/arcrole/concept-label" xlink:from="ProvisionForDoubtfulAccountsOtherGainsLossesIFRS" xlink:to="label_ProvisionForDoubtfulAccountsOtherGainsLossesIFRS" />
    <link:label xlink:type="resource" xlink:label="label_ProvisionForDoubtfulAccountsOtherGainsLossesIFRS_2" xml:lang="ja" xlink:role="http://www.xbrl.org/2003/role/verboseLabel" id="label_ProvisionForDoubtfulAccountsOtherGainsLossesIFRS_2">貸倒損失、その他の収益及び費用（IFRS）</link:label>
    <link:labelArc xlink:type="arc" xlink:arcrole="http://www.xbrl.org/2003/arcrole/concept-label" xlink:from="ProvisionForDoubtfulAccountsOtherGainsLossesIFRS" xlink:to="label_ProvisionForDoubtfulAccountsOtherGainsLossesIFRS_2" />
    <link:label xlink:type="resource" xlink:label="label_GainsOnInvestmentsOtherGainsLossesIFRS" xml:lang="ja" xlink:role="http://www.xbrl.org/2003/role/label" id="label_GainsOnInvestmentsOtherGainsLossesIFRS">有価証券損益</link:label>
    <link:labelArc xlink:type="arc" xlink:arcrole="http://www.xbrl.org/2003/arcrole/concept-label" xlink:from="GainsOnInvestmentsOtherGainsLossesIFRS" xlink:to="label_GainsOnInvestmentsOtherGainsLossesIFRS" />
    <link:label xlink:type="resource" xlink:label="label_GainsOnInvestmentsOtherGainsLossesIFRS_2" xml:lang="ja" xlink:role="http://www.xbrl.org/2003/role/verboseLabel" id="label_GainsOnInvestmentsOtherGainsLossesIFRS_2">有価証券損益、その他の収益及び費用（IFRS）</link:label>
    <link:labelArc xlink:type="arc" xlink:arcrole="http://www.xbrl.org/2003/arcrole/concept-label" xlink:from="GainsOnInvestmentsOtherGainsLossesIFRS" xlink:to="label_GainsOnInvestmentsOtherGainsLossesIFRS_2" />
    <link:label xlink:type="resource" xlink:label="label_GainsOnPropertyPlantEquipmentAndIntangibleAssetsOtherGainsLossesIFRS" xml:lang="ja" xlink:role="http://www.xbrl.org/2003/role/label" id="label_GainsOnPropertyPlantEquipmentAndIntangibleAssetsOtherGainsLossesIFRS">固定資産に係る損益</link:label>
    <link:labelArc xlink:type="arc" xlink:arcrole="http://www.xbrl.org/2003/arcrole/concept-label" xlink:from="GainsOnPropertyPlantEquipmentAndIntangibleAssetsOtherGainsLossesIFRS" xlink:to="label_GainsOnPropertyPlantEquipmentAndIntangibleAssetsOtherGainsLossesIFRS" />
    <link:label xlink:type="resource" xlink:label="label_GainsOnPropertyPlantEquipmentAndIntangibleAssetsOtherGainsLossesIFRS_2" xml:lang="ja" xlink:role="http://www.xbrl.org/2003/role/verboseLabel" id="label_GainsOnPropertyPlantEquipmentAndIntangibleAssetsOtherGainsLossesIFRS_2">固定資産に係る損益、その他の収益及び費用（IFRS）</link:label>
    <link:labelArc xlink:type="arc" xlink:arcrole="http://www.xbrl.org/2003/arcrole/concept-label" xlink:from="GainsOnPropertyPlantEquipmentAndIntangibleAssetsOtherGainsLossesIFRS" xlink:to="label_GainsOnPropertyPlantEquipmentAndIntangibleAssetsOtherGainsLossesIFRS_2" />
    <link:label xlink:type="resource" xlink:label="label_OtherNetOtherGainsLossesIFRS" xml:lang="ja" xlink:role="http://www.xbrl.org/2003/role/label" id="label_OtherNetOtherGainsLossesIFRS">その他の損益</link:label>
    <link:labelArc xlink:type="arc" xlink:arcrole="http://www.xbrl.org/2003/arcrole/concept-label" xlink:from="OtherNetOtherGainsLossesIFRS" xlink:to="label_OtherNetOtherGainsLossesIFRS" />
    <link:label xlink:type="resource" xlink:label="label_OtherNetOtherGainsLossesIFRS_2" xml:lang="ja" xlink:role="http://www.xbrl.org/2003/role/verboseLabel" id="label_OtherNetOtherGainsLossesIFRS_2">その他の損益、その他の収益及び費用（IFRS）</link:label>
    <link:labelArc xlink:type="arc" xlink:arcrole="http://www.xbrl.org/2003/arcrole/concept-label" xlink:from="OtherNetOtherGainsLossesIFRS" xlink:to="label_OtherNetOtherGainsLossesIFRS_2" />
    <link:label xlink:type="resource" xlink:label="label_FinancialIncomeLossIFRSAbstract" xml:lang="ja" xlink:role="http://www.xbrl.org/2003/role/label" id="label_FinancialIncomeLossIFRSAbstract">金融収益及び金融費用</link:label>
    <link:labelArc xlink:type="arc" xlink:arcrole="http://www.xbrl.org/2003/arcrole/concept-label" xlink:from="FinancialIncomeLossIFRSAbstract" xlink:to="label_FinancialIncomeLossIFRSAbstract" />
    <link:label xlink:type="resource" xlink:label="label_FinancialIncomeLossIFRSAbstract_2" xml:lang="ja" xlink:role="http://www.xbrl.org/2003/role/verboseLabel" id="label_FinancialIncomeLossIFRSAbstract_2">金融収益及び金融費用（IFRS） [タイトル項目]</link:label>
    <link:labelArc xlink:type="arc" xlink:arcrole="http://www.xbrl.org/2003/arcrole/concept-label" xlink:from="FinancialIncomeLossIFRSAbstract" xlink:to="label_FinancialIncomeLossIFRSAbstract_2" />
    <link:label xlink:type="resource" xlink:label="label_NetChangeInSalePurchaseOfSubsidiarySharesToFromNonControllingInterestsIFRS" xml:lang="ja" xlink:role="http://www.xbrl.org/2003/role/label" id="label_NetChangeInSalePurchaseOfSubsidiarySharesToFromNonControllingInterestsIFRS">子会社持分の取得及び売却による増減等</link:label>
    <link:labelArc xlink:type="arc" xlink:arcrole="http://www.xbrl.org/2003/arcrole/concept-label" xlink:from="NetChangeInSalePurchaseOfSubsidiarySharesToFromNonControllingInterestsIFRS" xlink:to="label_NetChangeInSalePurchaseOfSubsidiarySharesToFromNonControllingInterestsIFRS" />
    <link:label xlink:type="resource" xlink:label="label_NetChangeInSalePurchaseOfSubsidiarySharesToFromNonControllingInterestsIFRS_2" xml:lang="ja" xlink:role="http://www.xbrl.org/2003/role/verboseLabel" id="label_NetChangeInSalePurchaseOfSubsidiarySharesToFromNonControllingInterestsIFRS_2">子会社持分の取得及び売却による増減等、持分変動計算書（IFRS）</link:label>
    <link:labelArc xlink:type="arc" xlink:arcrole="http://www.xbrl.org/2003/arcrole/concept-label" xlink:from="NetChangeInSalePurchaseOfSubsidiarySharesToFromNonControllingInterestsIFRS" xlink:to="label_NetChangeInSalePurchaseOfSubsidiarySharesToFromNonControllingInterestsIFRS_2" />
    <link:label xlink:type="resource" xlink:label="label_OtherShortTermReceivablesCAIFRS" xml:lang="ja" xlink:role="http://www.xbrl.org/2003/role/label" id="label_OtherShortTermReceivablesCAIFRS">営業債権以外の短期債権</link:label>
    <link:labelArc xlink:type="arc" xlink:arcrole="http://www.xbrl.org/2003/arcrole/concept-label" xlink:from="OtherShortTermReceivablesCAIFRS" xlink:to="label_OtherShortTermReceivablesCAIFRS" />
    <link:label xlink:type="resource" xlink:label="label_OtherShortTermReceivablesCAIFRS_2" xml:lang="ja" xlink:role="http://www.xbrl.org/2003/role/verboseLabel" id="label_OtherShortTermReceivablesCAIFRS_2">営業債権以外の短期債権、流動資産（IFRS）</link:label>
    <link:labelArc xlink:type="arc" xlink:arcrole="http://www.xbrl.org/2003/arcrole/concept-label" xlink:from="OtherShortTermReceivablesCAIFRS" xlink:to="label_OtherShortTermReceivablesCAIFRS_2" />
    <link:label xlink:type="resource" xlink:label="label_LongTermReceivablesNCAIFRS" xml:lang="ja" xlink:role="http://www.xbrl.org/2003/role/label" id="label_LongTermReceivablesNCAIFRS">長期債権</link:label>
    <link:labelArc xlink:type="arc" xlink:arcrole="http://www.xbrl.org/2003/arcrole/concept-label" xlink:from="LongTermReceivablesNCAIFRS" xlink:to="label_LongTermReceivablesNCAIFRS" />
    <link:label xlink:type="resource" xlink:label="label_LongTermReceivablesNCAIFRS_2" xml:lang="ja" xlink:role="http://www.xbrl.org/2003/role/verboseLabel" id="label_LongTermReceivablesNCAIFRS_2">長期債権、非流動資産（IFRS）</link:label>
    <link:labelArc xlink:type="arc" xlink:arcrole="http://www.xbrl.org/2003/arcrole/concept-label" xlink:from="LongTermReceivablesNCAIFRS" xlink:to="label_LongTermReceivablesNCAIFRS_2" />
    <link:label xlink:type="resource" xlink:label="label_LongTermFinancialAssetsOtherThanInvestmentsOrReceivablesNCAIFRS" xml:lang="ja" xlink:role="http://www.xbrl.org/2003/role/label" id="label_LongTermFinancialAssetsOtherThanInvestmentsOrReceivablesNCAIFRS">投資・債権以外の長期金融資産</link:label>
    <link:labelArc xlink:type="arc" xlink:arcrole="http://www.xbrl.org/2003/arcrole/concept-label" xlink:from="LongTermFinancialAssetsOtherThanInvestmentsOrReceivablesNCAIFRS" xlink:to="label_LongTermFinancialAssetsOtherThanInvestmentsOrReceivablesNCAIFRS" />
    <link:label xlink:type="resource" xlink:label="label_LongTermFinancialAssetsOtherThanInvestmentsOrReceivablesNCAIFRS_2" xml:lang="ja" xlink:role="http://www.xbrl.org/2003/role/verboseLabel" id="label_LongTermFinancialAssetsOtherThanInvestmentsOrReceivablesNCAIFRS_2">投資・債権以外の長期金融資産、非流動資産（IFRS）</link:label>
    <link:labelArc xlink:type="arc" xlink:arcrole="http://www.xbrl.org/2003/arcrole/concept-label" xlink:from="LongTermFinancialAssetsOtherThanInvestmentsOrReceivablesNCAIFRS" xlink:to="label_LongTermFinancialAssetsOtherThanInvestmentsOrReceivablesNCAIFRS_2" />
    <link:label xlink:type="resource" xlink:label="label_ShortTermPayablesOtherThanTradePayablesCLIFRS" xml:lang="ja" xlink:role="http://www.xbrl.org/2003/role/label" id="label_ShortTermPayablesOtherThanTradePayablesCLIFRS">営業債務以外の短期債務</link:label>
    <link:labelArc xlink:type="arc" xlink:arcrole="http://www.xbrl.org/2003/arcrole/concept-label" xlink:from="ShortTermPayablesOtherThanTradePayablesCLIFRS" xlink:to="label_ShortTermPayablesOtherThanTradePayablesCLIFRS" />
    <link:label xlink:type="resource" xlink:label="label_ShortTermPayablesOtherThanTradePayablesCLIFRS_2" xml:lang="ja" xlink:role="http://www.xbrl.org/2003/role/verboseLabel" id="label_ShortTermPayablesOtherThanTradePayablesCLIFRS_2">営業債務以外の短期債務、流動負債（IFRS）</link:label>
    <link:labelArc xlink:type="arc" xlink:arcrole="http://www.xbrl.org/2003/arcrole/concept-label" xlink:from="ShortTermPayablesOtherThanTradePayablesCLIFRS" xlink:to="label_ShortTermPayablesOtherThanTradePayablesCLIFRS_2" />
    <link:label xlink:type="resource" xlink:label="label_OtherComponentsOfEquityEquityIFRSAbstract" xml:lang="ja" xlink:role="http://www.xbrl.org/2003/role/label" id="label_OtherComponentsOfEquityEquityIFRSAbstract">その他の資本の構成要素</link:label>
    <link:labelArc xlink:type="arc" xlink:arcrole="http://www.xbrl.org/2003/arcrole/concept-label" xlink:from="OtherComponentsOfEquityEquityIFRSAbstract" xlink:to="label_OtherComponentsOfEquityEquityIFRSAbstract" />
    <link:label xlink:type="resource" xlink:label="label_OtherComponentsOfEquityEquityIFRSAbstract_2" xml:lang="ja" xlink:role="http://www.xbrl.org/2003/role/verboseLabel" id="label_OtherComponentsOfEquityEquityIFRSAbstract_2">その他の資本の構成要素、資本（IFRS） [タイトル項目]</link:label>
    <link:labelArc xlink:type="arc" xlink:arcrole="http://www.xbrl.org/2003/arcrole/concept-label" xlink:from="OtherComponentsOfEquityEquityIFRSAbstract" xlink:to="label_OtherComponentsOfEquityEquityIFRSAbstract_2" />
    <link:label xlink:type="resource" xlink:label="label_GrossTradingProfitIFRSSummaryOfBusinessResults" xml:lang="ja" xlink:role="http://www.xbrl.org/2003/role/label" id="label_GrossTradingProfitIFRSSummaryOfBusinessResults">売上総利益</link:label>
    <link:labelArc xlink:type="arc" xlink:arcrole="http://www.xbrl.org/2003/arcrole/concept-label" xlink:from="GrossTradingProfitIFRSSummaryOfBusinessResults" xlink:to="label_GrossTradingProfitIFRSSummaryOfBusinessResults" />
    <link:label xlink:type="resource" xlink:label="label_GrossTradingProfitIFRSSummaryOfBusinessResults_2" xml:lang="ja" xlink:role="http://www.xbrl.org/2003/role/verboseLabel" id="label_GrossTradingProfitIFRSSummaryOfBusinessResults_2">売上総利益（IFRS）、経営指標等</link:label>
    <link:labelArc xlink:type="arc" xlink:arcrole="http://www.xbrl.org/2003/arcrole/concept-label" xlink:from="GrossTradingProfitIFRSSummaryOfBusinessResults" xlink:to="label_GrossTradingProfitIFRSSummaryOfBusinessResults_2" />
    <link:label xlink:type="resource" xlink:label="label_TotalEquityIFRSSummaryOfBusinessResults" xml:lang="ja" xlink:role="http://www.xbrl.org/2003/role/label" id="label_TotalEquityIFRSSummaryOfBusinessResults">資本合計</link:label>
    <link:labelArc xlink:type="arc" xlink:arcrole="http://www.xbrl.org/2003/arcrole/concept-label" xlink:from="TotalEquityIFRSSummaryOfBusinessResults" xlink:to="label_TotalEquityIFRSSummaryOfBusinessResults" />
    <link:label xlink:type="resource" xlink:label="label_TotalEquityIFRSSummaryOfBusinessResults_2" xml:lang="ja" xlink:role="http://www.xbrl.org/2003/role/verboseLabel" id="label_TotalEquityIFRSSummaryOfBusinessResults_2">資本（IFRS）、経営指標等</link:label>
    <link:labelArc xlink:type="arc" xlink:arcrole="http://www.xbrl.org/2003/arcrole/concept-label" xlink:from="TotalEquityIFRSSummaryOfBusinessResults" xlink:to="label_TotalEquityIFRSSummaryOfBusinessResults_2" />
    <link:label xlink:type="resource" xlink:label="label_TextileReportableSegmentMember" xml:lang="ja" xlink:role="http://www.xbrl.org/2003/role/label" id="label_TextileReportableSegmentMember">繊維</link:label>
    <link:labelArc xlink:type="arc" xlink:arcrole="http://www.xbrl.org/2003/arcrole/concept-label" xlink:from="TextileReportableSegmentMember" xlink:to="label_TextileReportableSegmentMember" />
    <link:label xlink:type="resource" xlink:label="label_TextileReportableSegmentMember_2" xml:lang="ja" xlink:role="http://www.xbrl.org/2003/role/verboseLabel" id="label_TextileReportableSegmentMember_2">繊維、報告セグメント [メンバー]</link:label>
    <link:labelArc xlink:type="arc" xlink:arcrole="http://www.xbrl.org/2003/arcrole/concept-label" xlink:from="TextileReportableSegmentMember" xlink:to="label_TextileReportableSegmentMember_2" />
    <link:label xlink:type="resource" xlink:label="label_MachineryReportableSegmentMember" xml:lang="ja" xlink:role="http://www.xbrl.org/2003/role/label" id="label_MachineryReportableSegmentMember">機械</link:label>
    <link:labelArc xlink:type="arc" xlink:arcrole="http://www.xbrl.org/2003/arcrole/concept-label" xlink:from="MachineryReportableSegmentMember" xlink:to="label_MachineryReportableSegmentMember" />
    <link:label xlink:type="resource" xlink:label="label_MachineryReportableSegmentMember_2" xml:lang="ja" xlink:role="http://www.xbrl.org/2003/role/verboseLabel" id="label_MachineryReportableSegmentMember_2">機械、報告セグメント [メンバー]</link:label>
    <link:labelArc xlink:type="arc" xlink:arcrole="http://www.xbrl.org/2003/arcrole/concept-label" xlink:from="MachineryReportableSegmentMember" xlink:to="label_MachineryReportableSegmentMember_2" />
    <link:label xlink:type="resource" xlink:label="label_MetalsAndMineralsReportableSegmentMember" xml:lang="ja" xlink:role="http://www.xbrl.org/2003/role/label" id="label_MetalsAndMineralsReportableSegmentMember">金属</link:label>
    <link:labelArc xlink:type="arc" xlink:arcrole="http://www.xbrl.org/2003/arcrole/concept-label" xlink:from="MetalsAndMineralsReportableSegmentMember" xlink:to="label_MetalsAndMineralsReportableSegmentMember" />
    <link:label xlink:type="resource" xlink:label="label_MetalsAndMineralsReportableSegmentMember_2" xml:lang="ja" xlink:role="http://www.xbrl.org/2003/role/verboseLabel" id="label_MetalsAndMineralsReportableSegmentMember_2">金属、報告セグメント [メンバー]</link:label>
    <link:labelArc xlink:type="arc" xlink:arcrole="http://www.xbrl.org/2003/arcrole/concept-label" xlink:from="MetalsAndMineralsReportableSegmentMember" xlink:to="label_MetalsAndMineralsReportableSegmentMember_2" />
    <link:label xlink:type="resource" xlink:label="label_EnergyAndChemicalsReportableSegmentMember" xml:lang="ja" xlink:role="http://www.xbrl.org/2003/role/label" id="label_EnergyAndChemicalsReportableSegmentMember">エネルギー・化学品</link:label>
    <link:labelArc xlink:type="arc" xlink:arcrole="http://www.xbrl.org/2003/arcrole/concept-label" xlink:from="EnergyAndChemicalsReportableSegmentMember" xlink:to="label_EnergyAndChemicalsReportableSegmentMember" />
    <link:label xlink:type="resource" xlink:label="label_EnergyAndChemicalsReportableSegmentMember_2" xml:lang="ja" xlink:role="http://www.xbrl.org/2003/role/verboseLabel" id="label_EnergyAndChemicalsReportableSegmentMember_2">エネルギー・化学品、報告セグメント [メンバー]</link:label>
    <link:labelArc xlink:type="arc" xlink:arcrole="http://www.xbrl.org/2003/arcrole/concept-label" xlink:from="EnergyAndChemicalsReportableSegmentMember" xlink:to="label_EnergyAndChemicalsReportableSegmentMember_2" />
    <link:label xlink:type="resource" xlink:label="label_FoodReportableSegmentMember" xml:lang="ja" xlink:role="http://www.xbrl.org/2003/role/label" id="label_FoodReportableSegmentMember">食料</link:label>
    <link:labelArc xlink:type="arc" xlink:arcrole="http://www.xbrl.org/2003/arcrole/concept-label" xlink:from="FoodReportableSegmentMember" xlink:to="label_FoodReportableSegmentMember" />
    <link:label xlink:type="resource" xlink:label="label_FoodReportableSegmentMember_2" xml:lang="ja" xlink:role="http://www.xbrl.org/2003/role/verboseLabel" id="label_FoodReportableSegmentMember_2">食料、報告セグメント [メンバー]</link:label>
    <link:labelArc xlink:type="arc" xlink:arcrole="http://www.xbrl.org/2003/arcrole/concept-label" xlink:from="FoodReportableSegmentMember" xlink:to="label_FoodReportableSegmentMember_2" />
    <link:label xlink:type="resource" xlink:label="label_GeneralProductsAndRealtyReportableSegmentMember" xml:lang="ja" xlink:role="http://www.xbrl.org/2003/role/label" id="label_GeneralProductsAndRealtyReportableSegmentMember">住生活</link:label>
    <link:labelArc xlink:type="arc" xlink:arcrole="http://www.xbrl.org/2003/arcrole/concept-label" xlink:from="GeneralProductsAndRealtyReportableSegmentMember" xlink:to="label_GeneralProductsAndRealtyReportableSegmentMember" />
    <link:label xlink:type="resource" xlink:label="label_GeneralProductsAndRealtyReportableSegmentMember_2" xml:lang="ja" xlink:role="http://www.xbrl.org/2003/role/verboseLabel" id="label_GeneralProductsAndRealtyReportableSegmentMember_2">住生活、報告セグメント [メンバー]</link:label>
    <link:labelArc xlink:type="arc" xlink:arcrole="http://www.xbrl.org/2003/arcrole/concept-label" xlink:from="GeneralProductsAndRealtyReportableSegmentMember" xlink:to="label_GeneralProductsAndRealtyReportableSegmentMember_2" />
    <link:label xlink:type="resource" xlink:label="label_ICTAndFinancialBusinessReportableSegmentMember" xml:lang="ja" xlink:role="http://www.xbrl.org/2003/role/label" id="label_ICTAndFinancialBusinessReportableSegmentMember">情報・金融</link:label>
    <link:labelArc xlink:type="arc" xlink:arcrole="http://www.xbrl.org/2003/arcrole/concept-label" xlink:from="ICTAndFinancialBusinessReportableSegmentMember" xlink:to="label_ICTAndFinancialBusinessReportableSegmentMember" />
    <link:label xlink:type="resource" xlink:label="label_ICTAndFinancialBusinessReportableSegmentMember_2" xml:lang="ja" xlink:role="http://www.xbrl.org/2003/role/verboseLabel" id="label_ICTAndFinancialBusinessReportableSegmentMember_2">情報・金融、報告セグメント [メンバー]</link:label>
    <link:labelArc xlink:type="arc" xlink:arcrole="http://www.xbrl.org/2003/arcrole/concept-label" xlink:from="ICTAndFinancialBusinessReportableSegmentMember" xlink:to="label_ICTAndFinancialBusinessReportableSegmentMember_2" />
    <link:label xlink:type="resource" xlink:label="label_The8thReportableSegmentMember" xml:lang="ja" xlink:role="http://www.xbrl.org/2003/role/label" id="label_The8thReportableSegmentMember">第８</link:label>
    <link:labelArc xlink:type="arc" xlink:arcrole="http://www.xbrl.org/2003/arcrole/concept-label" xlink:from="The8thReportableSegmentMember" xlink:to="label_The8thReportableSegmentMember" />
    <link:label xlink:type="resource" xlink:label="label_The8thReportableSegmentMember_2" xml:lang="ja" xlink:role="http://www.xbrl.org/2003/role/verboseLabel" id="label_The8thReportableSegmentMember_2">第８、報告セグメント [メンバー]</link:label>
    <link:labelArc xlink:type="arc" xlink:arcrole="http://www.xbrl.org/2003/arcrole/concept-label" xlink:from="The8thReportableSegmentMember" xlink:to="label_The8thReportableSegmentMember_2" />
    <link:label xlink:type="resource" xlink:label="label_ProvisionForDoubtfulAccountsAndOtherProvisionsOpeCFIFRS" xml:lang="ja" xlink:role="http://www.xbrl.org/2003/role/label" id="label_ProvisionForDoubtfulAccountsAndOtherProvisionsOpeCFIFRS">貸倒損失・引当金等</link:label>
    <link:labelArc xlink:type="arc" xlink:arcrole="http://www.xbrl.org/2003/arcrole/concept-label" xlink:from="ProvisionForDoubtfulAccountsAndOtherProvisionsOpeCFIFRS" xlink:to="label_ProvisionForDoubtfulAccountsAndOtherProvisionsOpeCFIFRS" />
    <link:label xlink:type="resource" xlink:label="label_ProvisionForDoubtfulAccountsAndOtherProvisionsOpeCFIFRS_2" xml:lang="ja" xlink:role="http://www.xbrl.org/2003/role/verboseLabel" id="label_ProvisionForDoubtfulAccountsAndOtherProvisionsOpeCFIFRS_2">貸倒損失・引当金等、営業活動によるキャッシュ・フロー（IFRS）</link:label>
    <link:labelArc xlink:type="arc" xlink:arcrole="http://www.xbrl.org/2003/arcrole/concept-label" xlink:from="ProvisionForDoubtfulAccountsAndOtherProvisionsOpeCFIFRS" xlink:to="label_ProvisionForDoubtfulAccountsAndOtherProvisionsOpeCFIFRS_2" />
    <link:label xlink:type="resource" xlink:label="label_ProceedsFromIssuanceOfBondsAndBorrowingsFinCFIFRS" xml:lang="ja" xlink:role="http://www.xbrl.org/2003/role/label" id="label_ProceedsFromIssuanceOfBondsAndBorrowingsFinCFIFRS">社債及び借入金による調達額</link:label>
    <link:labelArc xlink:type="arc" xlink:arcrole="http://www.xbrl.org/2003/arcrole/concept-label" xlink:from="ProceedsFromIssuanceOfBondsAndBorrowingsFinCFIFRS" xlink:to="label_ProceedsFromIssuanceOfBondsAndBorrowingsFinCFIFRS" />
    <link:label xlink:type="resource" xlink:label="label_ProceedsFromIssuanceOfBondsAndBorrowingsFinCFIFRS_2" xml:lang="ja" xlink:role="http://www.xbrl.org/2003/role/verboseLabel" id="label_ProceedsFromIssuanceOfBondsAndBorrowingsFinCFIFRS_2">社債及び借入金による調達額、財務活動によるキャッシュ・フロー（IFRS）</link:label>
    <link:labelArc xlink:type="arc" xlink:arcrole="http://www.xbrl.org/2003/arcrole/concept-label" xlink:from="ProceedsFromIssuanceOfBondsAndBorrowingsFinCFIFRS" xlink:to="label_ProceedsFromIssuanceOfBondsAndBorrowingsFinCFIFRS_2" />
    <link:label xlink:type="resource" xlink:label="label_RedemptionOfBondsAndRepaymentsOfBorrowingsFinCFIFRS" xml:lang="ja" xlink:role="http://www.xbrl.org/2003/role/label" id="label_RedemptionOfBondsAndRepaymentsOfBorrowingsFinCFIFRS">社債及び借入金の返済額</link:label>
    <link:labelArc xlink:type="arc" xlink:arcrole="http://www.xbrl.org/2003/arcrole/concept-label" xlink:from="RedemptionOfBondsAndRepaymentsOfBorrowingsFinCFIFRS" xlink:to="label_RedemptionOfBondsAndRepaymentsOfBorrowingsFinCFIFRS" />
    <link:label xlink:type="resource" xlink:label="label_RedemptionOfBondsAndRepaymentsOfBorrowingsFinCFIFRS_2" xml:lang="ja" xlink:role="http://www.xbrl.org/2003/role/verboseLabel" id="label_RedemptionOfBondsAndRepaymentsOfBorrowingsFinCFIFRS_2">社債及び借入金の返済額、財務活動によるキャッシュ・フロー（IFRS）</link:label>
    <link:labelArc xlink:type="arc" xlink:arcrole="http://www.xbrl.org/2003/arcrole/concept-label" xlink:from="RedemptionOfBondsAndRepaymentsOfBorrowingsFinCFIFRS" xlink:to="label_RedemptionOfBondsAndRepaymentsOfBorrowingsFinCFIFRS_2" />
    <link:label xlink:type="resource" xlink:label="label_NetChangeInAcquisitionSaleOfInterestsInSubsidiariesFromNonControllingInterestsFinCFIFRS" xml:lang="ja" xlink:role="http://www.xbrl.org/2003/role/label" id="label_NetChangeInAcquisitionSaleOfInterestsInSubsidiariesFromNonControllingInterestsFinCFIFRS">非支配持分との資本取引</link:label>
    <link:labelArc xlink:type="arc" xlink:arcrole="http://www.xbrl.org/2003/arcrole/concept-label" xlink:from="NetChangeInAcquisitionSaleOfInterestsInSubsidiariesFromNonControllingInterestsFinCFIFRS" xlink:to="label_NetChangeInAcquisitionSaleOfInterestsInSubsidiariesFromNonControllingInterestsFinCFIFRS" />
    <link:label xlink:type="resource" xlink:label="label_NetChangeInAcquisitionSaleOfInterestsInSubsidiariesFromNonControllingInterestsFinCFIFRS_2" xml:lang="ja" xlink:role="http://www.xbrl.org/2003/role/verboseLabel" id="label_NetChangeInAcquisitionSaleOfInterestsInSubsidiariesFromNonControllingInterestsFinCFIFRS_2">非支配持分との資本取引、財務活動によるキャッシュ・フロー（IFRS）</link:label>
    <link:labelArc xlink:type="arc" xlink:arcrole="http://www.xbrl.org/2003/arcrole/concept-label" xlink:from="NetChangeInAcquisitionSaleOfInterestsInSubsidiariesFromNonControllingInterestsFinCFIFRS" xlink:to="label_NetChangeInAcquisitionSaleOfInterestsInSubsidiariesFromNonControllingInterestsFinCFIFRS_2" />
  </link:labelLink>
</link:linkbase>