<?xml version="1.0" encoding="utf-8"?>
<!-- Generated by PRONEXUS WORKS -->
<link:linkbase xmlns:link="http://www.xbrl.org/2003/linkbase" xmlns:xsi="http://www.w3.org/2001/XMLSchema-instance" xmlns:xbrli="http://www.xbrl.org/2003/instance" xmlns:xlink="http://www.w3.org/1999/xlink">
  <link:roleRef xlink:type="simple" roleURI="http://disclosure.edinet-fsa.go.jp/jppfs/Consolidated/role/totalLabel" xlink:href="http://disclosure.edinet-fsa.go.jp/taxonomy/jppfs/2019-11-01/jppfs_rt_2019-11-01.xsd#rol_ConsolidatedTotalLabel" />
  <link:roleRef xlink:type="simple" roleURI="http://disclosure.edinet-fsa.go.jp/jpcrp/alt/role/periodStartLabel" xlink:href="http://disclosure.edinet-fsa.go.jp/taxonomy/jpcrp/2019-11-01/jpcrp_rt_2019-11-01.xsd#rol_altPeriodStartLabel" />
  <link:roleRef xlink:type="simple" roleURI="http://disclosure.edinet-fsa.go.jp/jppfs/ConsolidatedQuarterly/role/label" xlink:href="http://disclosure.edinet-fsa.go.jp/taxonomy/jppfs/2019-11-01/jppfs_rt_2019-11-01.xsd#rol_ConsolidatedQuarterlyLabel" />
  <link:roleRef xlink:type="simple" roleURI="http://disclosure.edinet-fsa.go.jp/jppfs/ConsolidatedQuarterly/role/positiveLabel" xlink:href="http://disclosure.edinet-fsa.go.jp/taxonomy/jppfs/2019-11-01/jppfs_rt_2019-11-01.xsd#rol_ConsolidatedQuarterlyPositiveLabel" />
  <link:roleRef xlink:type="simple" roleURI="http://disclosure.edinet-fsa.go.jp/jpcrp/alt/ConsolidatedQuarterly/role/positiveLabel" xlink:href="http://disclosure.edinet-fsa.go.jp/taxonomy/jpcrp/2019-11-01/jpcrp_rt_2019-11-01.xsd#rol_altConsolidatedQuarterlyPositiveLabel" />
  <link:roleRef xlink:type="simple" roleURI="http://disclosure.edinet-fsa.go.jp/jpcrp/alt/role/totalLabel" xlink:href="http://disclosure.edinet-fsa.go.jp/taxonomy/jpcrp/2019-11-01/jpcrp_rt_2019-11-01.xsd#rol_altTotalLabel" />
  <link:roleRef xlink:type="simple" roleURI="http://disclosure.edinet-fsa.go.jp/jppfs/ConsolidatedQuarterly/role/periodEndLabel" xlink:href="http://disclosure.edinet-fsa.go.jp/taxonomy/jppfs/2019-11-01/jppfs_rt_2019-11-01.xsd#rol_ConsolidatedQuarterlyPeriodEndLabel" />
  <link:roleRef xlink:type="simple" roleURI="http://disclosure.edinet-fsa.go.jp/jpcrp/alt/role/label" xlink:href="http://disclosure.edinet-fsa.go.jp/taxonomy/jpcrp/2019-11-01/jpcrp_rt_2019-11-01.xsd#rol_altLabel" />
  <link:labelLink xlink:type="extended" xlink:role="http://www.xbrl.org/2003/role/link">
    <link:loc xlink:type="locator" xlink:href="http://disclosure.edinet-fsa.go.jp/taxonomy/jpigp/2019-11-01/jpigp_cor_2019-11-01.xsd#jpigp_cor_CashAndCashEquivalentsIFRS" xlink:label="CashAndCashEquivalentsIFRS" />
    <link:loc xlink:type="locator" xlink:href="jpcrp040300-q1r-001_E02497-000_2020-06-30_01_2020-08-12.xsd#jpcrp040300-q1r_E02497-000_OtherShortTermReceivablesCAIFRS" xlink:label="OtherShortTermReceivablesCAIFRS" />
    <link:loc xlink:type="locator" xlink:href="jpcrp040300-q1r-001_E02497-000_2020-06-30_01_2020-08-12.xsd#jpcrp040300-q1r_E02497-000_LongTermReceivablesNCAIFRS" xlink:label="LongTermReceivablesNCAIFRS" />
    <link:loc xlink:type="locator" xlink:href="jpcrp040300-q1r-001_E02497-000_2020-06-30_01_2020-08-12.xsd#jpcrp040300-q1r_E02497-000_LongTermFinancialAssetsOtherThanInvestmentsOrReceivablesNCAIFRS" xlink:label="LongTermFinancialAssetsOtherThanInvestmentsOrReceivablesNCAIFRS" />
    <link:loc xlink:type="locator" xlink:href="jpcrp040300-q1r-001_E02497-000_2020-06-30_01_2020-08-12.xsd#jpcrp040300-q1r_E02497-000_ShortTermPayablesOtherThanTradePayablesCLIFRS" xlink:label="ShortTermPayablesOtherThanTradePayablesCLIFRS" />
    <link:loc xlink:type="locator" xlink:href="jpcrp040300-q1r-001_E02497-000_2020-06-30_01_2020-08-12.xsd#jpcrp040300-q1r_E02497-000_OtherComponentsOfEquityEquityIFRSAbstract" xlink:label="OtherComponentsOfEquityEquityIFRSAbstract" />
    <link:loc xlink:type="locator" xlink:href="jpcrp040300-q1r-001_E02497-000_2020-06-30_01_2020-08-12.xsd#jpcrp040300-q1r_E02497-000_RevenuesFromSaleOfGoodsRevenue2IFRS" xlink:label="RevenuesFromSaleOfGoodsRevenue2IFRS" />
    <link:loc xlink:type="locator" xlink:href="jpcrp040300-q1r-001_E02497-000_2020-06-30_01_2020-08-12.xsd#jpcrp040300-q1r_E02497-000_RevenuesOfRenderingOfServicesAndRoyaltiesRevenue2IFRS" xlink:label="RevenuesOfRenderingOfServicesAndRoyaltiesRevenue2IFRS" />
    <link:loc xlink:type="locator" xlink:href="jpcrp040300-q1r-001_E02497-000_2020-06-30_01_2020-08-12.xsd#jpcrp040300-q1r_E02497-000_CostOfSaleOfGoodsCostOfSalesIFRS" xlink:label="CostOfSaleOfGoodsCostOfSalesIFRS" />
    <link:loc xlink:type="locator" xlink:href="jpcrp040300-q1r-001_E02497-000_2020-06-30_01_2020-08-12.xsd#jpcrp040300-q1r_E02497-000_CostOfRenderingOfServicesAndRoyaltiesCostOfSalesIFRS" xlink:label="CostOfRenderingOfServicesAndRoyaltiesCostOfSalesIFRS" />
    <link:loc xlink:type="locator" xlink:href="jpcrp040300-q1r-001_E02497-000_2020-06-30_01_2020-08-12.xsd#jpcrp040300-q1r_E02497-000_OtherGainsLossesIFRSAbstract" xlink:label="OtherGainsLossesIFRSAbstract" />
    <link:loc xlink:type="locator" xlink:href="jpcrp040300-q1r-001_E02497-000_2020-06-30_01_2020-08-12.xsd#jpcrp040300-q1r_E02497-000_ProvisionForDoubtfulAccountsOtherGainsLossesIFRS" xlink:label="ProvisionForDoubtfulAccountsOtherGainsLossesIFRS" />
    <link:loc xlink:type="locator" xlink:href="jpcrp040300-q1r-001_E02497-000_2020-06-30_01_2020-08-12.xsd#jpcrp040300-q1r_E02497-000_GainsOnInvestmentsOtherGainsLossesIFRS" xlink:label="GainsOnInvestmentsOtherGainsLossesIFRS" />
    <link:loc xlink:type="locator" xlink:href="jpcrp040300-q1r-001_E02497-000_2020-06-30_01_2020-08-12.xsd#jpcrp040300-q1r_E02497-000_GainsOnPropertyPlantEquipmentAndIntangibleAssetsOtherGainsLossesIFRS" xlink:label="GainsOnPropertyPlantEquipmentAndIntangibleAssetsOtherGainsLossesIFRS" />
    <link:loc xlink:type="locator" xlink:href="jpcrp040300-q1r-001_E02497-000_2020-06-30_01_2020-08-12.xsd#jpcrp040300-q1r_E02497-000_OtherNetOtherGainsLossesIFRS" xlink:label="OtherNetOtherGainsLossesIFRS" />
    <link:loc xlink:type="locator" xlink:href="jpcrp040300-q1r-001_E02497-000_2020-06-30_01_2020-08-12.xsd#jpcrp040300-q1r_E02497-000_FinancialIncomeLossIFRSAbstract" xlink:label="FinancialIncomeLossIFRSAbstract" />
    <link:loc xlink:type="locator" xlink:href="jpcrp040300-q1r-001_E02497-000_2020-06-30_01_2020-08-12.xsd#jpcrp040300-q1r_E02497-000_NetChangeInSalePurchaseOfSubsidiarySharesToFromNonControllingInterestsIFRS" xlink:label="NetChangeInSalePurchaseOfSubsidiarySharesToFromNonControllingInterestsIFRS" />
    <link:loc xlink:type="locator" xlink:href="jpcrp040300-q1r-001_E02497-000_2020-06-30_01_2020-08-12.xsd#jpcrp040300-q1r_E02497-000_ProvisionForDoubtfulAccountsAndOtherProvisionsOpeCFIFRS" xlink:label="ProvisionForDoubtfulAccountsAndOtherProvisionsOpeCFIFRS" />
    <link:loc xlink:type="locator" xlink:href="jpcrp040300-q1r-001_E02497-000_2020-06-30_01_2020-08-12.xsd#jpcrp040300-q1r_E02497-000_ProceedsFromIssuanceOfBondsAndBorrowingsFinCFIFRS" xlink:label="ProceedsFromIssuanceOfBondsAndBorrowingsFinCFIFRS" />
    <link:loc xlink:type="locator" xlink:href="jpcrp040300-q1r-001_E02497-000_2020-06-30_01_2020-08-12.xsd#jpcrp040300-q1r_E02497-000_RedemptionOfBondsAndRepaymentsOfBorrowingsFinCFIFRS" xlink:label="RedemptionOfBondsAndRepaymentsOfBorrowingsFinCFIFRS" />
    <link:loc xlink:type="locator" xlink:href="jpcrp040300-q1r-001_E02497-000_2020-06-30_01_2020-08-12.xsd#jpcrp040300-q1r_E02497-000_NetChangeInAcquisitionSaleOfInterestsInSubsidiariesFromNonControllingInterestsFinCFIFRS" xlink:label="NetChangeInAcquisitionSaleOfInterestsInSubsidiariesFromNonControllingInterestsFinCFIFRS" />
    <link:loc xlink:type="locator" xlink:href="jpcrp040300-q1r-001_E02497-000_2020-06-30_01_2020-08-12.xsd#jpcrp040300-q1r_E02497-000_TextileReportableSegmentMember" xlink:label="TextileReportableSegmentMember" />
    <link:loc xlink:type="locator" xlink:href="jpcrp040300-q1r-001_E02497-000_2020-06-30_01_2020-08-12.xsd#jpcrp040300-q1r_E02497-000_MachineryReportableSegmentMember" xlink:label="MachineryReportableSegmentMember" />
    <link:loc xlink:type="locator" xlink:href="jpcrp040300-q1r-001_E02497-000_2020-06-30_01_2020-08-12.xsd#jpcrp040300-q1r_E02497-000_MetalsAndMineralsReportableSegmentMember" xlink:label="MetalsAndMineralsReportableSegmentMember" />
    <link:loc xlink:type="locator" xlink:href="jpcrp040300-q1r-001_E02497-000_2020-06-30_01_2020-08-12.xsd#jpcrp040300-q1r_E02497-000_EnergyAndChemicalsReportableSegmentMember" xlink:label="EnergyAndChemicalsReportableSegmentMember" />
    <link:loc xlink:type="locator" xlink:href="jpcrp040300-q1r-001_E02497-000_2020-06-30_01_2020-08-12.xsd#jpcrp040300-q1r_E02497-000_FoodReportableSegmentMember" xlink:label="FoodReportableSegmentMember" />
    <link:loc xlink:type="locator" xlink:href="jpcrp040300-q1r-001_E02497-000_2020-06-30_01_2020-08-12.xsd#jpcrp040300-q1r_E02497-000_GeneralProductsAndRealtyReportableSegmentMember" xlink:label="GeneralProductsAndRealtyReportableSegmentMember" />
    <link:loc xlink:type="locator" xlink:href="jpcrp040300-q1r-001_E02497-000_2020-06-30_01_2020-08-12.xsd#jpcrp040300-q1r_E02497-000_ICTAndFinancialBusinessReportableSegmentMember" xlink:label="ICTAndFinancialBusinessReportableSegmentMember" />
    <link:loc xlink:type="locator" xlink:href="jpcrp040300-q1r-001_E02497-000_2020-06-30_01_2020-08-12.xsd#jpcrp040300-q1r_E02497-000_GrossTradingProfitIFRSSummaryOfBusinessResults" xlink:label="GrossTradingProfitIFRSSummaryOfBusinessResults" />
    <link:loc xlink:type="locator" xlink:href="jpcrp040300-q1r-001_E02497-000_2020-06-30_01_2020-08-12.xsd#jpcrp040300-q1r_E02497-000_TotalEquityIFRSSummaryOfBusinessResults" xlink:label="TotalEquityIFRSSummaryOfBusinessResults" />
    <link:loc xlink:type="locator" xlink:href="http://disclosure.edinet-fsa.go.jp/taxonomy/jpigp/2019-11-01/jpigp_cor_2019-11-01.xsd#jpigp_cor_CostOfSalesIFRSAbstract" xlink:label="CostOfSalesIFRSAbstract" />
    <link:label xlink:type="resource" xlink:label="label_CostOfSalesIFRSAbstract" xml:lang="en" xlink:role="http://disclosure.edinet-fsa.go.jp/jpcrp/alt/role/label" id="label_CostOfSalesIFRSAbstract">Cost of sales</link:label>
    <link:labelArc xlink:type="arc" xlink:arcrole="http://www.xbrl.org/2003/arcrole/concept-label" xlink:from="CostOfSalesIFRSAbstract" xlink:to="label_CostOfSalesIFRSAbstract" />
    <link:loc xlink:type="locator" xlink:href="http://disclosure.edinet-fsa.go.jp/taxonomy/jpigp/2019-11-01/jpigp_cor_2019-11-01.xsd#jpigp_cor_CostOfSalesIFRS" xlink:label="CostOfSalesIFRS" />
    <link:label xlink:type="resource" xlink:label="label_CostOfSalesIFRS" xml:lang="en" xlink:role="http://disclosure.edinet-fsa.go.jp/jpcrp/alt/role/totalLabel" id="label_CostOfSalesIFRS">Total</link:label>
    <link:labelArc xlink:type="arc" xlink:arcrole="http://www.xbrl.org/2003/arcrole/concept-label" xlink:from="CostOfSalesIFRS" xlink:to="label_CostOfSalesIFRS" />
    <link:loc xlink:type="locator" xlink:href="http://disclosure.edinet-fsa.go.jp/taxonomy/jpigp/2019-11-01/jpigp_cor_2019-11-01.xsd#jpigp_cor_OtherIncomeAndExpensesNetIFRS" xlink:label="OtherIncomeAndExpensesNetIFRS" />
    <link:label xlink:type="resource" xlink:label="label_OtherIncomeAndExpensesNetIFRS" xml:lang="en" xlink:role="http://www.xbrl.org/2003/role/totalLabel" id="label_OtherIncomeAndExpensesNetIFRS">Total</link:label>
    <link:labelArc xlink:type="arc" xlink:arcrole="http://www.xbrl.org/2003/arcrole/concept-label" xlink:from="OtherIncomeAndExpensesNetIFRS" xlink:to="label_OtherIncomeAndExpensesNetIFRS" />
    <link:loc xlink:type="locator" xlink:href="http://disclosure.edinet-fsa.go.jp/taxonomy/jpigp/2019-11-01/jpigp_cor_2019-11-01.xsd#jpigp_cor_FinanceIncomeAndExpensesNetIFRS" xlink:label="FinanceIncomeAndExpensesNetIFRS" />
    <link:label xlink:type="resource" xlink:label="label_FinanceIncomeAndExpensesNetIFRS" xml:lang="en" xlink:role="http://www.xbrl.org/2003/role/totalLabel" id="label_FinanceIncomeAndExpensesNetIFRS">Total</link:label>
    <link:labelArc xlink:type="arc" xlink:arcrole="http://www.xbrl.org/2003/arcrole/concept-label" xlink:from="FinanceIncomeAndExpensesNetIFRS" xlink:to="label_FinanceIncomeAndExpensesNetIFRS" />
    <link:loc xlink:type="locator" xlink:href="http://disclosure.edinet-fsa.go.jp/taxonomy/jpigp/2019-11-01/jpigp_cor_2019-11-01.xsd#jpigp_cor_ProfitLossAttributableToIFRSAbstract" xlink:label="ProfitLossAttributableToIFRSAbstract" />
    <link:label xlink:type="resource" xlink:label="label_ProfitLossAttributableToIFRSAbstract" xml:lang="en" xlink:role="http://disclosure.edinet-fsa.go.jp/jpcrp/alt/ConsolidatedQuarterly/role/positiveLabel" id="label_ProfitLossAttributableToIFRSAbstract">Profit attributable to</link:label>
    <link:labelArc xlink:type="arc" xlink:arcrole="http://www.xbrl.org/2003/arcrole/concept-label" xlink:from="ProfitLossAttributableToIFRSAbstract" xlink:to="label_ProfitLossAttributableToIFRSAbstract" />
    <link:loc xlink:type="locator" xlink:href="http://disclosure.edinet-fsa.go.jp/taxonomy/jpigp/2019-11-01/jpigp_cor_2019-11-01.xsd#jpigp_cor_ProfitLossAttributableToNonControllingInterestsIFRS" xlink:label="ProfitLossAttributableToNonControllingInterestsIFRS" />
    <link:label xlink:type="resource" xlink:label="label_ProfitLossAttributableToNonControllingInterestsIFRS" xml:lang="en" xlink:role="http://disclosure.edinet-fsa.go.jp/jppfs/ConsolidatedQuarterly/role/positiveLabel" id="label_ProfitLossAttributableToNonControllingInterestsIFRS">Non-controlling interests</link:label>
    <link:labelArc xlink:type="arc" xlink:arcrole="http://www.xbrl.org/2003/arcrole/concept-label" xlink:from="ProfitLossAttributableToNonControllingInterestsIFRS" xlink:to="label_ProfitLossAttributableToNonControllingInterestsIFRS" />
    <link:loc xlink:type="locator" xlink:href="http://disclosure.edinet-fsa.go.jp/taxonomy/jpigp/2019-11-01/jpigp_cor_2019-11-01.xsd#jpigp_cor_OtherComprehensiveIncomeIFRSAbstract" xlink:label="OtherComprehensiveIncomeIFRSAbstract" />
    <link:label xlink:type="resource" xlink:label="label_OtherComprehensiveIncomeIFRSAbstract" xml:lang="en" xlink:role="http://disclosure.edinet-fsa.go.jp/jpcrp/alt/role/label" id="label_OtherComprehensiveIncomeIFRSAbstract">Other comprehensive income</link:label>
    <link:labelArc xlink:type="arc" xlink:arcrole="http://www.xbrl.org/2003/arcrole/concept-label" xlink:from="OtherComprehensiveIncomeIFRSAbstract" xlink:to="label_OtherComprehensiveIncomeIFRSAbstract" />
    <link:loc xlink:type="locator" xlink:href="http://disclosure.edinet-fsa.go.jp/taxonomy/jpigp/2019-11-01/jpigp_cor_2019-11-01.xsd#jpigp_cor_ItemsThatWillNotBeReclassifiedToProfitOrLossOCIIFRSAbstract" xlink:label="ItemsThatWillNotBeReclassifiedToProfitOrLossOCIIFRSAbstract" />
    <link:label xlink:type="resource" xlink:label="label_ItemsThatWillNotBeReclassifiedToProfitOrLossOCIIFRSAbstract" xml:lang="en" xlink:role="http://disclosure.edinet-fsa.go.jp/jpcrp/alt/role/label" id="label_ItemsThatWillNotBeReclassifiedToProfitOrLossOCIIFRSAbstract">Items that will not be reclassified to profit or loss</link:label>
    <link:labelArc xlink:type="arc" xlink:arcrole="http://www.xbrl.org/2003/arcrole/concept-label" xlink:from="ItemsThatWillNotBeReclassifiedToProfitOrLossOCIIFRSAbstract" xlink:to="label_ItemsThatWillNotBeReclassifiedToProfitOrLossOCIIFRSAbstract" />
    <link:loc xlink:type="locator" xlink:href="http://disclosure.edinet-fsa.go.jp/taxonomy/jpigp/2019-11-01/jpigp_cor_2019-11-01.xsd#jpigp_cor_NetChangeInFairValueOfEquityInstrumentsDesignatedAsMeasuredAtFairValueThroughOtherComprehensiveIncomeNetOfTaxItemsThatWillNotBeReclassifiedToProfitOrLossOCIIFRS" xlink:label="NetChangeInFairValueOfEquityInstrumentsDesignatedAsMeasuredAtFairValueThroughOtherComprehensiveIncomeNetOfTaxItemsThatWillNotBeReclassifiedToProfitOrLossOCIIFRS" />
    <link:label xlink:type="resource" xlink:label="label_NetChangeInFairValueOfEquityInstrumentsDesignatedAsMeasuredAtFairValueThroughOtherComprehensiveIncomeNetOfTaxItemsThatWillNotBeReclassifiedToProfitOrLossOCIIFRS" xml:lang="en" xlink:role="http://disclosure.edinet-fsa.go.jp/jpcrp/alt/role/label" id="label_NetChangeInFairValueOfEquityInstrumentsDesignatedAsMeasuredAtFairValueThroughOtherComprehensiveIncomeNetOfTaxItemsThatWillNotBeReclassifiedToProfitOrLossOCIIFRS">Net change in fair value of equity instruments designated as measured at fair value through other comprehensive income</link:label>
    <link:labelArc xlink:type="arc" xlink:arcrole="http://www.xbrl.org/2003/arcrole/concept-label" xlink:from="NetChangeInFairValueOfEquityInstrumentsDesignatedAsMeasuredAtFairValueThroughOtherComprehensiveIncomeNetOfTaxItemsThatWillNotBeReclassifiedToProfitOrLossOCIIFRS" xlink:to="label_NetChangeInFairValueOfEquityInstrumentsDesignatedAsMeasuredAtFairValueThroughOtherComprehensiveIncomeNetOfTaxItemsThatWillNotBeReclassifiedToProfitOrLossOCIIFRS" />
    <link:loc xlink:type="locator" xlink:href="http://disclosure.edinet-fsa.go.jp/taxonomy/jpigp/2019-11-01/jpigp_cor_2019-11-01.xsd#jpigp_cor_RemeasurementsOfDefinedBenefitPlansNetOfTaxItemsThatWillNotBeReclassifiedToProfitOrLossOCIIFRS" xlink:label="RemeasurementsOfDefinedBenefitPlansNetOfTaxItemsThatWillNotBeReclassifiedToProfitOrLossOCIIFRS" />
    <link:label xlink:type="resource" xlink:label="label_RemeasurementsOfDefinedBenefitPlansNetOfTaxItemsThatWillNotBeReclassifiedToProfitOrLossOCIIFRS" xml:lang="en" xlink:role="http://disclosure.edinet-fsa.go.jp/jpcrp/alt/role/label" id="label_RemeasurementsOfDefinedBenefitPlansNetOfTaxItemsThatWillNotBeReclassifiedToProfitOrLossOCIIFRS">Remeasurements of defined benefit plans</link:label>
    <link:labelArc xlink:type="arc" xlink:arcrole="http://www.xbrl.org/2003/arcrole/concept-label" xlink:from="RemeasurementsOfDefinedBenefitPlansNetOfTaxItemsThatWillNotBeReclassifiedToProfitOrLossOCIIFRS" xlink:to="label_RemeasurementsOfDefinedBenefitPlansNetOfTaxItemsThatWillNotBeReclassifiedToProfitOrLossOCIIFRS" />
    <link:loc xlink:type="locator" xlink:href="http://disclosure.edinet-fsa.go.jp/taxonomy/jpigp/2019-11-01/jpigp_cor_2019-11-01.xsd#jpigp_cor_ShareOfOtherComprehensiveIncomeOfInvestmentsAccountedForUsingEquityMethodNetOfTaxItemsThatWillNotBeReclassifiedToProfitOrLossOCIIFRS" xlink:label="ShareOfOtherComprehensiveIncomeOfInvestmentsAccountedForUsingEquityMethodNetOfTaxItemsThatWillNotBeReclassifiedToProfitOrLossOCIIFRS" />
    <link:label xlink:type="resource" xlink:label="label_ShareOfOtherComprehensiveIncomeOfInvestmentsAccountedForUsingEquityMethodNetOfTaxItemsThatWillNotBeReclassifiedToProfitOrLossOCIIFRS" xml:lang="en" xlink:role="http://disclosure.edinet-fsa.go.jp/jpcrp/alt/role/label" id="label_ShareOfOtherComprehensiveIncomeOfInvestmentsAccountedForUsingEquityMethodNetOfTaxItemsThatWillNotBeReclassifiedToProfitOrLossOCIIFRS">Share of other comprehensive income of investments accounted for using equity method</link:label>
    <link:labelArc xlink:type="arc" xlink:arcrole="http://www.xbrl.org/2003/arcrole/concept-label" xlink:from="ShareOfOtherComprehensiveIncomeOfInvestmentsAccountedForUsingEquityMethodNetOfTaxItemsThatWillNotBeReclassifiedToProfitOrLossOCIIFRS" xlink:to="label_ShareOfOtherComprehensiveIncomeOfInvestmentsAccountedForUsingEquityMethodNetOfTaxItemsThatWillNotBeReclassifiedToProfitOrLossOCIIFRS" />
    <link:loc xlink:type="locator" xlink:href="http://disclosure.edinet-fsa.go.jp/taxonomy/jpigp/2019-11-01/jpigp_cor_2019-11-01.xsd#jpigp_cor_ItemsThatMayBeReclassifiedToProfitOrLossOCIIFRSAbstract" xlink:label="ItemsThatMayBeReclassifiedToProfitOrLossOCIIFRSAbstract" />
    <link:label xlink:type="resource" xlink:label="label_ItemsThatMayBeReclassifiedToProfitOrLossOCIIFRSAbstract" xml:lang="en" xlink:role="http://disclosure.edinet-fsa.go.jp/jpcrp/alt/role/label" id="label_ItemsThatMayBeReclassifiedToProfitOrLossOCIIFRSAbstract">Items that may be reclassified to profit or loss</link:label>
    <link:labelArc xlink:type="arc" xlink:arcrole="http://www.xbrl.org/2003/arcrole/concept-label" xlink:from="ItemsThatMayBeReclassifiedToProfitOrLossOCIIFRSAbstract" xlink:to="label_ItemsThatMayBeReclassifiedToProfitOrLossOCIIFRSAbstract" />
    <link:loc xlink:type="locator" xlink:href="http://disclosure.edinet-fsa.go.jp/taxonomy/jpigp/2019-11-01/jpigp_cor_2019-11-01.xsd#jpigp_cor_ExchangeDifferencesOnTranslationOfForeignOperationsNetOfTaxItemsThatMayBeReclassifiedToProfitOrLossOCIIFRS" xlink:label="ExchangeDifferencesOnTranslationOfForeignOperationsNetOfTaxItemsThatMayBeReclassifiedToProfitOrLossOCIIFRS" />
    <link:label xlink:type="resource" xlink:label="label_ExchangeDifferencesOnTranslationOfForeignOperationsNetOfTaxItemsThatMayBeReclassifiedToProfitOrLossOCIIFRS" xml:lang="en" xlink:role="http://disclosure.edinet-fsa.go.jp/jpcrp/alt/role/label" id="label_ExchangeDifferencesOnTranslationOfForeignOperationsNetOfTaxItemsThatMayBeReclassifiedToProfitOrLossOCIIFRS">Exchange differences on translation of foreign operations</link:label>
    <link:labelArc xlink:type="arc" xlink:arcrole="http://www.xbrl.org/2003/arcrole/concept-label" xlink:from="ExchangeDifferencesOnTranslationOfForeignOperationsNetOfTaxItemsThatMayBeReclassifiedToProfitOrLossOCIIFRS" xlink:to="label_ExchangeDifferencesOnTranslationOfForeignOperationsNetOfTaxItemsThatMayBeReclassifiedToProfitOrLossOCIIFRS" />
    <link:loc xlink:type="locator" xlink:href="http://disclosure.edinet-fsa.go.jp/taxonomy/jpigp/2019-11-01/jpigp_cor_2019-11-01.xsd#jpigp_cor_ShareOfOtherComprehensiveIncomeOfInvestmentsAccountedForUsingEquityMethodNetOfTaxItemsThatMayBeReclassifiedToProfitOrLossOCIIFRS" xlink:label="ShareOfOtherComprehensiveIncomeOfInvestmentsAccountedForUsingEquityMethodNetOfTaxItemsThatMayBeReclassifiedToProfitOrLossOCIIFRS" />
    <link:label xlink:type="resource" xlink:label="label_ShareOfOtherComprehensiveIncomeOfInvestmentsAccountedForUsingEquityMethodNetOfTaxItemsThatMayBeReclassifiedToProfitOrLossOCIIFRS" xml:lang="en" xlink:role="http://disclosure.edinet-fsa.go.jp/jpcrp/alt/role/label" id="label_ShareOfOtherComprehensiveIncomeOfInvestmentsAccountedForUsingEquityMethodNetOfTaxItemsThatMayBeReclassifiedToProfitOrLossOCIIFRS">Share of other comprehensive income of investments accounted for using equity method</link:label>
    <link:labelArc xlink:type="arc" xlink:arcrole="http://www.xbrl.org/2003/arcrole/concept-label" xlink:from="ShareOfOtherComprehensiveIncomeOfInvestmentsAccountedForUsingEquityMethodNetOfTaxItemsThatMayBeReclassifiedToProfitOrLossOCIIFRS" xlink:to="label_ShareOfOtherComprehensiveIncomeOfInvestmentsAccountedForUsingEquityMethodNetOfTaxItemsThatMayBeReclassifiedToProfitOrLossOCIIFRS" />
    <link:loc xlink:type="locator" xlink:href="http://disclosure.edinet-fsa.go.jp/taxonomy/jpigp/2019-11-01/jpigp_cor_2019-11-01.xsd#jpigp_cor_ComprehensiveIncomeAttributableToIFRSAbstract" xlink:label="ComprehensiveIncomeAttributableToIFRSAbstract" />
    <link:label xlink:type="resource" xlink:label="label_ComprehensiveIncomeAttributableToIFRSAbstract" xml:lang="en" xlink:role="http://disclosure.edinet-fsa.go.jp/jppfs/ConsolidatedQuarterly/role/label" id="label_ComprehensiveIncomeAttributableToIFRSAbstract">Comprehensive income attributable to</link:label>
    <link:labelArc xlink:type="arc" xlink:arcrole="http://www.xbrl.org/2003/arcrole/concept-label" xlink:from="ComprehensiveIncomeAttributableToIFRSAbstract" xlink:to="label_ComprehensiveIncomeAttributableToIFRSAbstract" />
    <link:loc xlink:type="locator" xlink:href="http://disclosure.edinet-fsa.go.jp/taxonomy/jpigp/2019-11-01/jpigp_cor_2019-11-01.xsd#jpigp_cor_ComprehensiveIncomeAttributableToOwnersOfParentIFRS" xlink:label="ComprehensiveIncomeAttributableToOwnersOfParentIFRS" />
    <link:label xlink:type="resource" xlink:label="label_ComprehensiveIncomeAttributableToOwnersOfParentIFRS" xml:lang="en" xlink:role="http://disclosure.edinet-fsa.go.jp/jppfs/ConsolidatedQuarterly/role/label" id="label_ComprehensiveIncomeAttributableToOwnersOfParentIFRS">Owners of parent</link:label>
    <link:labelArc xlink:type="arc" xlink:arcrole="http://www.xbrl.org/2003/arcrole/concept-label" xlink:from="ComprehensiveIncomeAttributableToOwnersOfParentIFRS" xlink:to="label_ComprehensiveIncomeAttributableToOwnersOfParentIFRS" />
    <link:loc xlink:type="locator" xlink:href="http://disclosure.edinet-fsa.go.jp/taxonomy/jpigp/2019-11-01/jpigp_cor_2019-11-01.xsd#jpigp_cor_ComprehensiveIncomeAttributableToNonControllingInterestsIFRS" xlink:label="ComprehensiveIncomeAttributableToNonControllingInterestsIFRS" />
    <link:label xlink:type="resource" xlink:label="label_ComprehensiveIncomeAttributableToNonControllingInterestsIFRS" xml:lang="en" xlink:role="http://disclosure.edinet-fsa.go.jp/jppfs/ConsolidatedQuarterly/role/label" id="label_ComprehensiveIncomeAttributableToNonControllingInterestsIFRS">Non-controlling interests</link:label>
    <link:labelArc xlink:type="arc" xlink:arcrole="http://www.xbrl.org/2003/arcrole/concept-label" xlink:from="ComprehensiveIncomeAttributableToNonControllingInterestsIFRS" xlink:to="label_ComprehensiveIncomeAttributableToNonControllingInterestsIFRS" />
    <link:loc xlink:type="locator" xlink:href="http://disclosure.edinet-fsa.go.jp/taxonomy/jpigp/2019-11-01/jpigp_cor_2019-11-01.xsd#jpigp_cor_EarningsLossPerShareIFRSAbstract" xlink:label="EarningsLossPerShareIFRSAbstract" />
    <link:label xlink:type="resource" xlink:label="label_EarningsLossPerShareIFRSAbstract" xml:lang="en" xlink:role="http://disclosure.edinet-fsa.go.jp/jpcrp/alt/ConsolidatedQuarterly/role/positiveLabel" id="label_EarningsLossPerShareIFRSAbstract">Earnings per share</link:label>
    <link:labelArc xlink:type="arc" xlink:arcrole="http://www.xbrl.org/2003/arcrole/concept-label" xlink:from="EarningsLossPerShareIFRSAbstract" xlink:to="label_EarningsLossPerShareIFRSAbstract" />
    <link:loc xlink:type="locator" xlink:href="http://disclosure.edinet-fsa.go.jp/taxonomy/jpigp/2019-11-01/jpigp_cor_2019-11-01.xsd#jpigp_cor_BasicEarningsLossPerShareIFRS" xlink:label="BasicEarningsLossPerShareIFRS" />
    <link:label xlink:type="resource" xlink:label="label_BasicEarningsLossPerShareIFRS" xml:lang="en" xlink:role="http://disclosure.edinet-fsa.go.jp/jpcrp/alt/ConsolidatedQuarterly/role/positiveLabel" id="label_BasicEarningsLossPerShareIFRS">Basic earnings per share</link:label>
    <link:labelArc xlink:type="arc" xlink:arcrole="http://www.xbrl.org/2003/arcrole/concept-label" xlink:from="BasicEarningsLossPerShareIFRS" xlink:to="label_BasicEarningsLossPerShareIFRS" />
    <link:loc xlink:type="locator" xlink:href="http://disclosure.edinet-fsa.go.jp/taxonomy/jpigp/2019-11-01/jpigp_cor_2019-11-01.xsd#jpigp_cor_DilutedEarningsLossPerShareIFRS" xlink:label="DilutedEarningsLossPerShareIFRS" />
    <link:label xlink:type="resource" xlink:label="label_DilutedEarningsLossPerShareIFRS" xml:lang="en" xlink:role="http://disclosure.edinet-fsa.go.jp/jpcrp/alt/ConsolidatedQuarterly/role/positiveLabel" id="label_DilutedEarningsLossPerShareIFRS">Diluted earnings per share</link:label>
    <link:labelArc xlink:type="arc" xlink:arcrole="http://www.xbrl.org/2003/arcrole/concept-label" xlink:from="DilutedEarningsLossPerShareIFRS" xlink:to="label_DilutedEarningsLossPerShareIFRS" />
    <link:loc xlink:type="locator" xlink:href="http://disclosure.edinet-fsa.go.jp/taxonomy/jpigp/2019-11-01/jpigp_cor_2019-11-01.xsd#jpigp_cor_EquityIFRSMember" xlink:label="EquityIFRSMember" />
    <link:label xlink:type="resource" xlink:label="label_EquityIFRSMember" xml:lang="en" xlink:role="http://disclosure.edinet-fsa.go.jp/jpcrp/alt/role/totalLabel" id="label_EquityIFRSMember">Total</link:label>
    <link:labelArc xlink:type="arc" xlink:arcrole="http://www.xbrl.org/2003/arcrole/concept-label" xlink:from="EquityIFRSMember" xlink:to="label_EquityIFRSMember" />
    <link:loc xlink:type="locator" xlink:href="http://disclosure.edinet-fsa.go.jp/taxonomy/jpigp/2019-11-01/jpigp_cor_2019-11-01.xsd#jpigp_cor_EquityAttributableToOwnersOfParentIFRSMember" xlink:label="EquityAttributableToOwnersOfParentIFRSMember" />
    <link:label xlink:type="resource" xlink:label="label_EquityAttributableToOwnersOfParentIFRSMember" xml:lang="en" xlink:role="http://disclosure.edinet-fsa.go.jp/jpcrp/alt/role/totalLabel" id="label_EquityAttributableToOwnersOfParentIFRSMember">Total</link:label>
    <link:labelArc xlink:type="arc" xlink:arcrole="http://www.xbrl.org/2003/arcrole/concept-label" xlink:from="EquityAttributableToOwnersOfParentIFRSMember" xlink:to="label_EquityAttributableToOwnersOfParentIFRSMember" />
    <link:loc xlink:type="locator" xlink:href="http://disclosure.edinet-fsa.go.jp/taxonomy/jpigp/2019-11-01/jpigp_cor_2019-11-01.xsd#jpigp_cor_CumulativeEffectOfAccountingChangeIFRS" xlink:label="CumulativeEffectOfAccountingChangeIFRS" />
    <link:label xlink:type="resource" xlink:label="label_CumulativeEffectOfAccountingChangeIFRS" xml:lang="en" xlink:role="http://disclosure.edinet-fsa.go.jp/jpcrp/alt/role/periodStartLabel" id="label_CumulativeEffectOfAccountingChangeIFRS">Cumulative effect of accounting change</link:label>
    <link:labelArc xlink:type="arc" xlink:arcrole="http://www.xbrl.org/2003/arcrole/concept-label" xlink:from="CumulativeEffectOfAccountingChangeIFRS" xlink:to="label_CumulativeEffectOfAccountingChangeIFRS" />
    <link:loc xlink:type="locator" xlink:href="http://disclosure.edinet-fsa.go.jp/taxonomy/jpigp/2019-11-01/jpigp_cor_2019-11-01.xsd#jpigp_cor_ComprehensiveIncomeIFRSAbstract" xlink:label="ComprehensiveIncomeIFRSAbstract" />
    <link:label xlink:type="resource" xlink:label="label_ComprehensiveIncomeIFRSAbstract" xml:lang="en" xlink:role="http://disclosure.edinet-fsa.go.jp/jppfs/ConsolidatedQuarterly/role/label" id="label_ComprehensiveIncomeIFRSAbstract">Comprehensive income</link:label>
    <link:labelArc xlink:type="arc" xlink:arcrole="http://www.xbrl.org/2003/arcrole/concept-label" xlink:from="ComprehensiveIncomeIFRSAbstract" xlink:to="label_ComprehensiveIncomeIFRSAbstract" />
    <link:loc xlink:type="locator" xlink:href="http://disclosure.edinet-fsa.go.jp/taxonomy/jpigp/2019-11-01/jpigp_cor_2019-11-01.xsd#jpigp_cor_DividendsToOwnersOfParentSSIFRS" xlink:label="DividendsToOwnersOfParentSSIFRS" />
    <link:label xlink:type="resource" xlink:label="label_DividendsToOwnersOfParentSSIFRS" xml:lang="en" xlink:role="http://disclosure.edinet-fsa.go.jp/jpcrp/alt/role/label" id="label_DividendsToOwnersOfParentSSIFRS">Dividends to owners of parent</link:label>
    <link:labelArc xlink:type="arc" xlink:arcrole="http://www.xbrl.org/2003/arcrole/concept-label" xlink:from="DividendsToOwnersOfParentSSIFRS" xlink:to="label_DividendsToOwnersOfParentSSIFRS" />
    <link:loc xlink:type="locator" xlink:href="http://disclosure.edinet-fsa.go.jp/taxonomy/jpigp/2019-11-01/jpigp_cor_2019-11-01.xsd#jpigp_cor_DividendsToNonControllingInterestsSSIFRS" xlink:label="DividendsToNonControllingInterestsSSIFRS" />
    <link:label xlink:type="resource" xlink:label="label_DividendsToNonControllingInterestsSSIFRS" xml:lang="en" xlink:role="http://disclosure.edinet-fsa.go.jp/jpcrp/alt/role/label" id="label_DividendsToNonControllingInterestsSSIFRS">Dividends to non-controlling interests</link:label>
    <link:labelArc xlink:type="arc" xlink:arcrole="http://www.xbrl.org/2003/arcrole/concept-label" xlink:from="DividendsToNonControllingInterestsSSIFRS" xlink:to="label_DividendsToNonControllingInterestsSSIFRS" />
    <link:loc xlink:type="locator" xlink:href="http://disclosure.edinet-fsa.go.jp/taxonomy/jpigp/2019-11-01/jpigp_cor_2019-11-01.xsd#jpigp_cor_OtherComprehensiveIncomeIFRS" xlink:label="OtherComprehensiveIncomeIFRS" />
    <link:label xlink:type="resource" xlink:label="label_OtherComprehensiveIncomeIFRS" xml:lang="en" xlink:role="http://disclosure.edinet-fsa.go.jp/jpcrp/alt/role/totalLabel" id="label_OtherComprehensiveIncomeIFRS">Total other comprehensive income</link:label>
    <link:labelArc xlink:type="arc" xlink:arcrole="http://www.xbrl.org/2003/arcrole/concept-label" xlink:from="OtherComprehensiveIncomeIFRS" xlink:to="label_OtherComprehensiveIncomeIFRS" />
    <link:loc xlink:type="locator" xlink:href="http://disclosure.edinet-fsa.go.jp/taxonomy/jpigp/2019-11-01/jpigp_cor_2019-11-01.xsd#jpigp_cor_AssetsIFRSAbstract" xlink:label="AssetsIFRSAbstract" />
    <link:label xlink:type="resource" xlink:label="label_AssetsIFRSAbstract" xml:lang="en" xlink:role="http://disclosure.edinet-fsa.go.jp/jpcrp/alt/role/label" id="label_AssetsIFRSAbstract">Assets</link:label>
    <link:labelArc xlink:type="arc" xlink:arcrole="http://www.xbrl.org/2003/arcrole/concept-label" xlink:from="AssetsIFRSAbstract" xlink:to="label_AssetsIFRSAbstract" />
    <link:loc xlink:type="locator" xlink:href="http://disclosure.edinet-fsa.go.jp/taxonomy/jpigp/2019-11-01/jpigp_cor_2019-11-01.xsd#jpigp_cor_OtherFinancialAssetsCAIFRS" xlink:label="OtherFinancialAssetsCAIFRS" />
    <link:label xlink:type="resource" xlink:label="label_OtherFinancialAssetsCAIFRS" xml:lang="en" xlink:role="http://disclosure.edinet-fsa.go.jp/jpcrp/alt/role/label" id="label_OtherFinancialAssetsCAIFRS">Other financial assets</link:label>
    <link:labelArc xlink:type="arc" xlink:arcrole="http://www.xbrl.org/2003/arcrole/concept-label" xlink:from="OtherFinancialAssetsCAIFRS" xlink:to="label_OtherFinancialAssetsCAIFRS" />
    <link:loc xlink:type="locator" xlink:href="http://disclosure.edinet-fsa.go.jp/taxonomy/jpigp/2019-11-01/jpigp_cor_2019-11-01.xsd#jpigp_cor_LiabilitiesAndEquityIFRSAbstract" xlink:label="LiabilitiesAndEquityIFRSAbstract" />
    <link:label xlink:type="resource" xlink:label="label_LiabilitiesAndEquityIFRSAbstract" xml:lang="en" xlink:role="http://disclosure.edinet-fsa.go.jp/jpcrp/alt/role/label" id="label_LiabilitiesAndEquityIFRSAbstract">Liabilities and equity</link:label>
    <link:labelArc xlink:type="arc" xlink:arcrole="http://www.xbrl.org/2003/arcrole/concept-label" xlink:from="LiabilitiesAndEquityIFRSAbstract" xlink:to="label_LiabilitiesAndEquityIFRSAbstract" />
    <link:loc xlink:type="locator" xlink:href="http://disclosure.edinet-fsa.go.jp/taxonomy/jpigp/2019-11-01/jpigp_cor_2019-11-01.xsd#jpigp_cor_BondsAndBorrowingsCLIFRS" xlink:label="BondsAndBorrowingsCLIFRS" />
    <link:label xlink:type="resource" xlink:label="label_BondsAndBorrowingsCLIFRS" xml:lang="en" xlink:role="http://disclosure.edinet-fsa.go.jp/jpcrp/alt/role/label" id="label_BondsAndBorrowingsCLIFRS">Bonds and borrowings</link:label>
    <link:labelArc xlink:type="arc" xlink:arcrole="http://www.xbrl.org/2003/arcrole/concept-label" xlink:from="BondsAndBorrowingsCLIFRS" xlink:to="label_BondsAndBorrowingsCLIFRS" />
    <link:loc xlink:type="locator" xlink:href="http://disclosure.edinet-fsa.go.jp/taxonomy/jpigp/2019-11-01/jpigp_cor_2019-11-01.xsd#jpigp_cor_LeaseLiabilitiesCLIFRS" xlink:label="LeaseLiabilitiesCLIFRS" />
    <link:label xlink:type="resource" xlink:label="label_LeaseLiabilitiesCLIFRS" xml:lang="en" xlink:role="http://disclosure.edinet-fsa.go.jp/jpcrp/alt/role/label" id="label_LeaseLiabilitiesCLIFRS">Lease Liability</link:label>
    <link:labelArc xlink:type="arc" xlink:arcrole="http://www.xbrl.org/2003/arcrole/concept-label" xlink:from="LeaseLiabilitiesCLIFRS" xlink:to="label_LeaseLiabilitiesCLIFRS" />
    <link:loc xlink:type="locator" xlink:href="http://disclosure.edinet-fsa.go.jp/taxonomy/jpigp/2019-11-01/jpigp_cor_2019-11-01.xsd#jpigp_cor_OtherFinancialLiabilitiesCLIFRS" xlink:label="OtherFinancialLiabilitiesCLIFRS" />
    <link:label xlink:type="resource" xlink:label="label_OtherFinancialLiabilitiesCLIFRS" xml:lang="en" xlink:role="http://disclosure.edinet-fsa.go.jp/jpcrp/alt/role/label" id="label_OtherFinancialLiabilitiesCLIFRS">Other financial liabilities</link:label>
    <link:labelArc xlink:type="arc" xlink:arcrole="http://www.xbrl.org/2003/arcrole/concept-label" xlink:from="OtherFinancialLiabilitiesCLIFRS" xlink:to="label_OtherFinancialLiabilitiesCLIFRS" />
    <link:loc xlink:type="locator" xlink:href="http://disclosure.edinet-fsa.go.jp/taxonomy/jpigp/2019-11-01/jpigp_cor_2019-11-01.xsd#jpigp_cor_BondsAndBorrowingsNCLIFRS" xlink:label="BondsAndBorrowingsNCLIFRS" />
    <link:label xlink:type="resource" xlink:label="label_BondsAndBorrowingsNCLIFRS" xml:lang="en" xlink:role="http://disclosure.edinet-fsa.go.jp/jpcrp/alt/role/label" id="label_BondsAndBorrowingsNCLIFRS">Bonds and borrowings</link:label>
    <link:labelArc xlink:type="arc" xlink:arcrole="http://www.xbrl.org/2003/arcrole/concept-label" xlink:from="BondsAndBorrowingsNCLIFRS" xlink:to="label_BondsAndBorrowingsNCLIFRS" />
    <link:loc xlink:type="locator" xlink:href="http://disclosure.edinet-fsa.go.jp/taxonomy/jpigp/2019-11-01/jpigp_cor_2019-11-01.xsd#jpigp_cor_LeaseLiabilitiesNCLIFRS" xlink:label="LeaseLiabilitiesNCLIFRS" />
    <link:label xlink:type="resource" xlink:label="label_LeaseLiabilitiesNCLIFRS" xml:lang="en" xlink:role="http://disclosure.edinet-fsa.go.jp/jpcrp/alt/role/label" id="label_LeaseLiabilitiesNCLIFRS">Lease Liability</link:label>
    <link:labelArc xlink:type="arc" xlink:arcrole="http://www.xbrl.org/2003/arcrole/concept-label" xlink:from="LeaseLiabilitiesNCLIFRS" xlink:to="label_LeaseLiabilitiesNCLIFRS" />
    <link:loc xlink:type="locator" xlink:href="http://disclosure.edinet-fsa.go.jp/taxonomy/jpigp/2019-11-01/jpigp_cor_2019-11-01.xsd#jpigp_cor_OtherFinancialLiabilitiesNCLIFRS" xlink:label="OtherFinancialLiabilitiesNCLIFRS" />
    <link:label xlink:type="resource" xlink:label="label_OtherFinancialLiabilitiesNCLIFRS" xml:lang="en" xlink:role="http://disclosure.edinet-fsa.go.jp/jpcrp/alt/role/label" id="label_OtherFinancialLiabilitiesNCLIFRS">Other financial liabilities</link:label>
    <link:labelArc xlink:type="arc" xlink:arcrole="http://www.xbrl.org/2003/arcrole/concept-label" xlink:from="OtherFinancialLiabilitiesNCLIFRS" xlink:to="label_OtherFinancialLiabilitiesNCLIFRS" />
    <link:loc xlink:type="locator" xlink:href="http://disclosure.edinet-fsa.go.jp/taxonomy/jpigp/2019-11-01/jpigp_cor_2019-11-01.xsd#jpigp_cor_ExchangeDifferencesOnTranslationOfForeignOperationsEquityIFRS" xlink:label="ExchangeDifferencesOnTranslationOfForeignOperationsEquityIFRS" />
    <link:label xlink:type="resource" xlink:label="label_ExchangeDifferencesOnTranslationOfForeignOperationsEquityIFRS" xml:lang="en" xlink:role="http://disclosure.edinet-fsa.go.jp/jpcrp/alt/role/label" id="label_ExchangeDifferencesOnTranslationOfForeignOperationsEquityIFRS">Exchange differences on translation of foreign operations</link:label>
    <link:labelArc xlink:type="arc" xlink:arcrole="http://www.xbrl.org/2003/arcrole/concept-label" xlink:from="ExchangeDifferencesOnTranslationOfForeignOperationsEquityIFRS" xlink:to="label_ExchangeDifferencesOnTranslationOfForeignOperationsEquityIFRS" />
    <link:loc xlink:type="locator" xlink:href="http://disclosure.edinet-fsa.go.jp/taxonomy/jpigp/2019-11-01/jpigp_cor_2019-11-01.xsd#jpigp_cor_FinancialAssetsMeasuredAtFairValueThroughOtherComprehensiveIncomeEquityIFRS" xlink:label="FinancialAssetsMeasuredAtFairValueThroughOtherComprehensiveIncomeEquityIFRS" />
    <link:label xlink:type="resource" xlink:label="label_FinancialAssetsMeasuredAtFairValueThroughOtherComprehensiveIncomeEquityIFRS" xml:lang="en" xlink:role="http://disclosure.edinet-fsa.go.jp/jpcrp/alt/role/label" id="label_FinancialAssetsMeasuredAtFairValueThroughOtherComprehensiveIncomeEquityIFRS">Financial assets measured at fair value through other comprehensive income</link:label>
    <link:labelArc xlink:type="arc" xlink:arcrole="http://www.xbrl.org/2003/arcrole/concept-label" xlink:from="FinancialAssetsMeasuredAtFairValueThroughOtherComprehensiveIncomeEquityIFRS" xlink:to="label_FinancialAssetsMeasuredAtFairValueThroughOtherComprehensiveIncomeEquityIFRS" />
    <link:loc xlink:type="locator" xlink:href="http://disclosure.edinet-fsa.go.jp/taxonomy/jpigp/2019-11-01/jpigp_cor_2019-11-01.xsd#jpigp_cor_OtherComponentsOfEquityIFRS" xlink:label="OtherComponentsOfEquityIFRS" />
    <link:label xlink:type="resource" xlink:label="label_OtherComponentsOfEquityIFRS" xml:lang="en" xlink:role="http://www.xbrl.org/2003/role/totalLabel" id="label_OtherComponentsOfEquityIFRS">Total</link:label>
    <link:labelArc xlink:type="arc" xlink:arcrole="http://www.xbrl.org/2003/arcrole/concept-label" xlink:from="OtherComponentsOfEquityIFRS" xlink:to="label_OtherComponentsOfEquityIFRS" />
    <link:loc xlink:type="locator" xlink:href="http://disclosure.edinet-fsa.go.jp/taxonomy/jpigp/2019-11-01/jpigp_cor_2019-11-01.xsd#jpigp_cor_EquityAttributableToOwnersOfParentIFRS" xlink:label="EquityAttributableToOwnersOfParentIFRS" />
    <link:label xlink:type="resource" xlink:label="label_EquityAttributableToOwnersOfParentIFRS" xml:lang="en" xlink:role="http://disclosure.edinet-fsa.go.jp/jpcrp/alt/role/totalLabel" id="label_EquityAttributableToOwnersOfParentIFRS">Total equity attributable to owners of parent</link:label>
    <link:labelArc xlink:type="arc" xlink:arcrole="http://www.xbrl.org/2003/arcrole/concept-label" xlink:from="EquityAttributableToOwnersOfParentIFRS" xlink:to="label_EquityAttributableToOwnersOfParentIFRS" />
    <link:loc xlink:type="locator" xlink:href="jpcrp040300-q1r-001_E02497-000_2020-06-30_01_2020-08-12.xsd#jpcrp040300-q1r_E02497-000_The8thReportableSegmentMember" xlink:label="The8thReportableSegmentMember" />
    <link:loc xlink:type="locator" xlink:href="http://disclosure.edinet-fsa.go.jp/taxonomy/jpcrp/2019-11-01/jpcrp_cor_2019-11-01.xsd#jpcrp_cor_EntityTotalMember" xlink:label="EntityTotalMember" />
    <link:label xlink:type="resource" xlink:label="label_EntityTotalMember" xml:lang="en" xlink:role="http://disclosure.edinet-fsa.go.jp/jppfs/Consolidated/role/totalLabel" id="label_EntityTotalMember">Total</link:label>
    <link:labelArc xlink:type="arc" xlink:arcrole="http://www.xbrl.org/2003/arcrole/concept-label" xlink:from="EntityTotalMember" xlink:to="label_EntityTotalMember" />
    <link:loc xlink:type="locator" xlink:href="http://disclosure.edinet-fsa.go.jp/taxonomy/jpcrp/2019-11-01/jpcrp_cor_2019-11-01.xsd#jpcrp_cor_ReconcilingItemsMember" xlink:label="ReconcilingItemsMember" />
    <link:label xlink:type="resource" xlink:label="label_ReconcilingItemsMember" xml:lang="en" xlink:role="http://disclosure.edinet-fsa.go.jp/jpcrp/alt/role/label" id="label_ReconcilingItemsMember">Reconciling items</link:label>
    <link:labelArc xlink:type="arc" xlink:arcrole="http://www.xbrl.org/2003/arcrole/concept-label" xlink:from="ReconcilingItemsMember" xlink:to="label_ReconcilingItemsMember" />
    <link:loc xlink:type="locator" xlink:href="http://disclosure.edinet-fsa.go.jp/taxonomy/jpigp/2019-11-01/jpigp_cor_2019-11-01.xsd#jpigp_cor_IntersegmentRevenue2IFRS" xlink:label="IntersegmentRevenue2IFRS" />
    <link:label xlink:type="resource" xlink:label="label_IntersegmentRevenue2IFRS" xml:lang="en" xlink:role="http://disclosure.edinet-fsa.go.jp/jpcrp/alt/role/label" id="label_IntersegmentRevenue2IFRS">Intersegment revenue</link:label>
    <link:labelArc xlink:type="arc" xlink:arcrole="http://www.xbrl.org/2003/arcrole/concept-label" xlink:from="IntersegmentRevenue2IFRS" xlink:to="label_IntersegmentRevenue2IFRS" />
    <link:loc xlink:type="locator" xlink:href="http://disclosure.edinet-fsa.go.jp/taxonomy/jpigp/2019-11-01/jpigp_cor_2019-11-01.xsd#jpigp_cor_Revenue2IFRS" xlink:label="Revenue2IFRS" />
    <link:label xlink:type="resource" xlink:label="label_Revenue2IFRS" xml:lang="en" xlink:role="http://disclosure.edinet-fsa.go.jp/jpcrp/alt/role/totalLabel" id="label_Revenue2IFRS">Total</link:label>
    <link:labelArc xlink:type="arc" xlink:arcrole="http://www.xbrl.org/2003/arcrole/concept-label" xlink:from="Revenue2IFRS" xlink:to="label_Revenue2IFRS" />
    <link:loc xlink:type="locator" xlink:href="http://disclosure.edinet-fsa.go.jp/taxonomy/jpigp/2019-11-01/jpigp_cor_2019-11-01.xsd#jpigp_cor_ShareOfProfitLossOfInvestmentsAccountedForUsingEquityMethodIFRS" xlink:label="ShareOfProfitLossOfInvestmentsAccountedForUsingEquityMethodIFRS" />
    <link:label xlink:type="resource" xlink:label="label_ShareOfProfitLossOfInvestmentsAccountedForUsingEquityMethodIFRS" xml:lang="en" xlink:role="http://disclosure.edinet-fsa.go.jp/jpcrp/alt/role/label" id="label_ShareOfProfitLossOfInvestmentsAccountedForUsingEquityMethodIFRS">Share of profit (loss) of investments accounted for using equity method</link:label>
    <link:labelArc xlink:type="arc" xlink:arcrole="http://www.xbrl.org/2003/arcrole/concept-label" xlink:from="ShareOfProfitLossOfInvestmentsAccountedForUsingEquityMethodIFRS" xlink:to="label_ShareOfProfitLossOfInvestmentsAccountedForUsingEquityMethodIFRS" />
    <link:loc xlink:type="locator" xlink:href="http://disclosure.edinet-fsa.go.jp/taxonomy/jpigp/2019-11-01/jpigp_cor_2019-11-01.xsd#jpigp_cor_ProfitLossAttributableToOwnersOfParentIFRS" xlink:label="ProfitLossAttributableToOwnersOfParentIFRS" />
    <link:label xlink:type="resource" xlink:label="label_ProfitLossAttributableToOwnersOfParentIFRS" xml:lang="en" xlink:role="http://disclosure.edinet-fsa.go.jp/jppfs/ConsolidatedQuarterly/role/positiveLabel" id="label_ProfitLossAttributableToOwnersOfParentIFRS">Owners of parent</link:label>
    <link:labelArc xlink:type="arc" xlink:arcrole="http://www.xbrl.org/2003/arcrole/concept-label" xlink:from="ProfitLossAttributableToOwnersOfParentIFRS" xlink:to="label_ProfitLossAttributableToOwnersOfParentIFRS" />
    <link:loc xlink:type="locator" xlink:href="http://disclosure.edinet-fsa.go.jp/taxonomy/jpigp/2019-11-01/jpigp_cor_2019-11-01.xsd#jpigp_cor_AssetsIFRS" xlink:label="AssetsIFRS" />
    <link:label xlink:type="resource" xlink:label="label_AssetsIFRS" xml:lang="en" xlink:role="http://disclosure.edinet-fsa.go.jp/jpcrp/alt/role/label" id="label_AssetsIFRS">Assets</link:label>
    <link:labelArc xlink:type="arc" xlink:arcrole="http://www.xbrl.org/2003/arcrole/concept-label" xlink:from="AssetsIFRS" xlink:to="label_AssetsIFRS" />
    <link:loc xlink:type="locator" xlink:href="http://disclosure.edinet-fsa.go.jp/taxonomy/jpigp/2019-11-01/jpigp_cor_2019-11-01.xsd#jpigp_cor_AdjustmentsForOpeCFIFRSAbstract" xlink:label="AdjustmentsForOpeCFIFRSAbstract" />
    <link:label xlink:type="resource" xlink:label="label_AdjustmentsForOpeCFIFRSAbstract" xml:lang="en" xlink:role="http://disclosure.edinet-fsa.go.jp/jpcrp/alt/role/label" id="label_AdjustmentsForOpeCFIFRSAbstract">Adjustments for</link:label>
    <link:labelArc xlink:type="arc" xlink:arcrole="http://www.xbrl.org/2003/arcrole/concept-label" xlink:from="AdjustmentsForOpeCFIFRSAbstract" xlink:to="label_AdjustmentsForOpeCFIFRSAbstract" />
    <link:loc xlink:type="locator" xlink:href="http://disclosure.edinet-fsa.go.jp/taxonomy/jpigp/2019-11-01/jpigp_cor_2019-11-01.xsd#jpigp_cor_DepreciationExpenseOpeCFIFRS" xlink:label="DepreciationExpenseOpeCFIFRS" />
    <link:label xlink:type="resource" xlink:label="label_DepreciationExpenseOpeCFIFRS" xml:lang="en" xlink:role="http://disclosure.edinet-fsa.go.jp/jpcrp/alt/role/label" id="label_DepreciationExpenseOpeCFIFRS">Depreciation</link:label>
    <link:labelArc xlink:type="arc" xlink:arcrole="http://www.xbrl.org/2003/arcrole/concept-label" xlink:from="DepreciationExpenseOpeCFIFRS" xlink:to="label_DepreciationExpenseOpeCFIFRS" />
    <link:loc xlink:type="locator" xlink:href="http://disclosure.edinet-fsa.go.jp/taxonomy/jpigp/2019-11-01/jpigp_cor_2019-11-01.xsd#jpigp_cor_LossGainOnInvestmentsInSecuritiesOpeCFIFRS" xlink:label="LossGainOnInvestmentsInSecuritiesOpeCFIFRS" />
    <link:label xlink:type="resource" xlink:label="label_LossGainOnInvestmentsInSecuritiesOpeCFIFRS" xml:lang="en" xlink:role="http://disclosure.edinet-fsa.go.jp/jpcrp/alt/role/label" id="label_LossGainOnInvestmentsInSecuritiesOpeCFIFRS">Loss (gain) on investments in securities</link:label>
    <link:labelArc xlink:type="arc" xlink:arcrole="http://www.xbrl.org/2003/arcrole/concept-label" xlink:from="LossGainOnInvestmentsInSecuritiesOpeCFIFRS" xlink:to="label_LossGainOnInvestmentsInSecuritiesOpeCFIFRS" />
    <link:loc xlink:type="locator" xlink:href="http://disclosure.edinet-fsa.go.jp/taxonomy/jpigp/2019-11-01/jpigp_cor_2019-11-01.xsd#jpigp_cor_LossGainRelatedToFixedAssetsOpeCFIFRS" xlink:label="LossGainRelatedToFixedAssetsOpeCFIFRS" />
    <link:label xlink:type="resource" xlink:label="label_LossGainRelatedToFixedAssetsOpeCFIFRS" xml:lang="en" xlink:role="http://disclosure.edinet-fsa.go.jp/jpcrp/alt/role/label" id="label_LossGainRelatedToFixedAssetsOpeCFIFRS">Loss (gain) related to fixed assets</link:label>
    <link:labelArc xlink:type="arc" xlink:arcrole="http://www.xbrl.org/2003/arcrole/concept-label" xlink:from="LossGainRelatedToFixedAssetsOpeCFIFRS" xlink:to="label_LossGainRelatedToFixedAssetsOpeCFIFRS" />
    <link:loc xlink:type="locator" xlink:href="http://disclosure.edinet-fsa.go.jp/taxonomy/jpigp/2019-11-01/jpigp_cor_2019-11-01.xsd#jpigp_cor_ShareOfLossProfitOfInvestmentsAccountedForUsingEquityMethodOpeCFIFRS" xlink:label="ShareOfLossProfitOfInvestmentsAccountedForUsingEquityMethodOpeCFIFRS" />
    <link:label xlink:type="resource" xlink:label="label_ShareOfLossProfitOfInvestmentsAccountedForUsingEquityMethodOpeCFIFRS" xml:lang="en" xlink:role="http://disclosure.edinet-fsa.go.jp/jpcrp/alt/role/label" id="label_ShareOfLossProfitOfInvestmentsAccountedForUsingEquityMethodOpeCFIFRS">Share of loss (profit) of investments accounted for using equity method</link:label>
    <link:labelArc xlink:type="arc" xlink:arcrole="http://www.xbrl.org/2003/arcrole/concept-label" xlink:from="ShareOfLossProfitOfInvestmentsAccountedForUsingEquityMethodOpeCFIFRS" xlink:to="label_ShareOfLossProfitOfInvestmentsAccountedForUsingEquityMethodOpeCFIFRS" />
    <link:loc xlink:type="locator" xlink:href="http://disclosure.edinet-fsa.go.jp/taxonomy/jpigp/2019-11-01/jpigp_cor_2019-11-01.xsd#jpigp_cor_DecreaseIncreaseInTradeReceivablesOpeCFIFRS" xlink:label="DecreaseIncreaseInTradeReceivablesOpeCFIFRS" />
    <link:label xlink:type="resource" xlink:label="label_DecreaseIncreaseInTradeReceivablesOpeCFIFRS" xml:lang="en" xlink:role="http://disclosure.edinet-fsa.go.jp/jpcrp/alt/role/label" id="label_DecreaseIncreaseInTradeReceivablesOpeCFIFRS">Decrease (increase) in trade receivables</link:label>
    <link:labelArc xlink:type="arc" xlink:arcrole="http://www.xbrl.org/2003/arcrole/concept-label" xlink:from="DecreaseIncreaseInTradeReceivablesOpeCFIFRS" xlink:to="label_DecreaseIncreaseInTradeReceivablesOpeCFIFRS" />
    <link:loc xlink:type="locator" xlink:href="http://disclosure.edinet-fsa.go.jp/taxonomy/jpigp/2019-11-01/jpigp_cor_2019-11-01.xsd#jpigp_cor_DecreaseIncreaseInInventoriesOpeCFIFRS" xlink:label="DecreaseIncreaseInInventoriesOpeCFIFRS" />
    <link:label xlink:type="resource" xlink:label="label_DecreaseIncreaseInInventoriesOpeCFIFRS" xml:lang="en" xlink:role="http://disclosure.edinet-fsa.go.jp/jpcrp/alt/role/label" id="label_DecreaseIncreaseInInventoriesOpeCFIFRS">Decrease (increase) in inventories</link:label>
    <link:labelArc xlink:type="arc" xlink:arcrole="http://www.xbrl.org/2003/arcrole/concept-label" xlink:from="DecreaseIncreaseInInventoriesOpeCFIFRS" xlink:to="label_DecreaseIncreaseInInventoriesOpeCFIFRS" />
    <link:loc xlink:type="locator" xlink:href="http://disclosure.edinet-fsa.go.jp/taxonomy/jpigp/2019-11-01/jpigp_cor_2019-11-01.xsd#jpigp_cor_IncreaseDecreaseInTradePayablesOpeCFIFRS" xlink:label="IncreaseDecreaseInTradePayablesOpeCFIFRS" />
    <link:label xlink:type="resource" xlink:label="label_IncreaseDecreaseInTradePayablesOpeCFIFRS" xml:lang="en" xlink:role="http://disclosure.edinet-fsa.go.jp/jpcrp/alt/role/label" id="label_IncreaseDecreaseInTradePayablesOpeCFIFRS">Increase (decrease) in trade payables</link:label>
    <link:labelArc xlink:type="arc" xlink:arcrole="http://www.xbrl.org/2003/arcrole/concept-label" xlink:from="IncreaseDecreaseInTradePayablesOpeCFIFRS" xlink:to="label_IncreaseDecreaseInTradePayablesOpeCFIFRS" />
    <link:loc xlink:type="locator" xlink:href="http://disclosure.edinet-fsa.go.jp/taxonomy/jpigp/2019-11-01/jpigp_cor_2019-11-01.xsd#jpigp_cor_OtherChangesInWorkingCapitalOpeCFIFRS" xlink:label="OtherChangesInWorkingCapitalOpeCFIFRS" />
    <link:label xlink:type="resource" xlink:label="label_OtherChangesInWorkingCapitalOpeCFIFRS" xml:lang="en" xlink:role="http://disclosure.edinet-fsa.go.jp/jpcrp/alt/role/label" id="label_OtherChangesInWorkingCapitalOpeCFIFRS">Other</link:label>
    <link:labelArc xlink:type="arc" xlink:arcrole="http://www.xbrl.org/2003/arcrole/concept-label" xlink:from="OtherChangesInWorkingCapitalOpeCFIFRS" xlink:to="label_OtherChangesInWorkingCapitalOpeCFIFRS" />
    <link:loc xlink:type="locator" xlink:href="http://disclosure.edinet-fsa.go.jp/taxonomy/jpigp/2019-11-01/jpigp_cor_2019-11-01.xsd#jpigp_cor_PaymentsForAcquisitionOfSubsidiariesInvCFIFRS" xlink:label="PaymentsForAcquisitionOfSubsidiariesInvCFIFRS" />
    <link:label xlink:type="resource" xlink:label="label_PaymentsForAcquisitionOfSubsidiariesInvCFIFRS" xml:lang="en" xlink:role="http://disclosure.edinet-fsa.go.jp/jpcrp/alt/role/label" id="label_PaymentsForAcquisitionOfSubsidiariesInvCFIFRS">Payments for acquisition of subsidiaries</link:label>
    <link:labelArc xlink:type="arc" xlink:arcrole="http://www.xbrl.org/2003/arcrole/concept-label" xlink:from="PaymentsForAcquisitionOfSubsidiariesInvCFIFRS" xlink:to="label_PaymentsForAcquisitionOfSubsidiariesInvCFIFRS" />
    <link:loc xlink:type="locator" xlink:href="http://disclosure.edinet-fsa.go.jp/taxonomy/jpigp/2019-11-01/jpigp_cor_2019-11-01.xsd#jpigp_cor_PaymentsForLoansReceivableInvCFIFRS" xlink:label="PaymentsForLoansReceivableInvCFIFRS" />
    <link:label xlink:type="resource" xlink:label="label_PaymentsForLoansReceivableInvCFIFRS" xml:lang="en" xlink:role="http://disclosure.edinet-fsa.go.jp/jpcrp/alt/role/label" id="label_PaymentsForLoansReceivableInvCFIFRS">Payments for loans receivable</link:label>
    <link:labelArc xlink:type="arc" xlink:arcrole="http://www.xbrl.org/2003/arcrole/concept-label" xlink:from="PaymentsForLoansReceivableInvCFIFRS" xlink:to="label_PaymentsForLoansReceivableInvCFIFRS" />
    <link:loc xlink:type="locator" xlink:href="http://disclosure.edinet-fsa.go.jp/taxonomy/jpigp/2019-11-01/jpigp_cor_2019-11-01.xsd#jpigp_cor_PurchaseOfPropertyPlantAndEquipmentInvCFIFRS" xlink:label="PurchaseOfPropertyPlantAndEquipmentInvCFIFRS" />
    <link:label xlink:type="resource" xlink:label="label_PurchaseOfPropertyPlantAndEquipmentInvCFIFRS" xml:lang="en" xlink:role="http://disclosure.edinet-fsa.go.jp/jpcrp/alt/role/label" id="label_PurchaseOfPropertyPlantAndEquipmentInvCFIFRS">Purchase of property, plant and equipment</link:label>
    <link:labelArc xlink:type="arc" xlink:arcrole="http://www.xbrl.org/2003/arcrole/concept-label" xlink:from="PurchaseOfPropertyPlantAndEquipmentInvCFIFRS" xlink:to="label_PurchaseOfPropertyPlantAndEquipmentInvCFIFRS" />
    <link:loc xlink:type="locator" xlink:href="http://disclosure.edinet-fsa.go.jp/taxonomy/jpigp/2019-11-01/jpigp_cor_2019-11-01.xsd#jpigp_cor_ProceedsFromSaleOfPropertyPlantAndEquipmentInvCFIFRS" xlink:label="ProceedsFromSaleOfPropertyPlantAndEquipmentInvCFIFRS" />
    <link:label xlink:type="resource" xlink:label="label_ProceedsFromSaleOfPropertyPlantAndEquipmentInvCFIFRS" xml:lang="en" xlink:role="http://disclosure.edinet-fsa.go.jp/jpcrp/alt/role/label" id="label_ProceedsFromSaleOfPropertyPlantAndEquipmentInvCFIFRS">Proceeds from sale of property, plant and equipment</link:label>
    <link:labelArc xlink:type="arc" xlink:arcrole="http://www.xbrl.org/2003/arcrole/concept-label" xlink:from="ProceedsFromSaleOfPropertyPlantAndEquipmentInvCFIFRS" xlink:to="label_ProceedsFromSaleOfPropertyPlantAndEquipmentInvCFIFRS" />
    <link:loc xlink:type="locator" xlink:href="http://disclosure.edinet-fsa.go.jp/taxonomy/jpigp/2019-11-01/jpigp_cor_2019-11-01.xsd#jpigp_cor_NetDecreaseIncreaseInTimeDepositsInvCFIFRS" xlink:label="NetDecreaseIncreaseInTimeDepositsInvCFIFRS" />
    <link:label xlink:type="resource" xlink:label="label_NetDecreaseIncreaseInTimeDepositsInvCFIFRS" xml:lang="en" xlink:role="http://disclosure.edinet-fsa.go.jp/jpcrp/alt/role/label" id="label_NetDecreaseIncreaseInTimeDepositsInvCFIFRS">Net decrease (increase) in time deposits</link:label>
    <link:labelArc xlink:type="arc" xlink:arcrole="http://www.xbrl.org/2003/arcrole/concept-label" xlink:from="NetDecreaseIncreaseInTimeDepositsInvCFIFRS" xlink:to="label_NetDecreaseIncreaseInTimeDepositsInvCFIFRS" />
    <link:loc xlink:type="locator" xlink:href="http://disclosure.edinet-fsa.go.jp/taxonomy/jpigp/2019-11-01/jpigp_cor_2019-11-01.xsd#jpigp_cor_RepaymentsOfLeaseObligationsFinCFIFRS" xlink:label="RepaymentsOfLeaseObligationsFinCFIFRS" />
    <link:label xlink:type="resource" xlink:label="label_RepaymentsOfLeaseObligationsFinCFIFRS" xml:lang="en" xlink:role="http://disclosure.edinet-fsa.go.jp/jpcrp/alt/role/label" id="label_RepaymentsOfLeaseObligationsFinCFIFRS">Repayments of lease liabilities</link:label>
    <link:labelArc xlink:type="arc" xlink:arcrole="http://www.xbrl.org/2003/arcrole/concept-label" xlink:from="RepaymentsOfLeaseObligationsFinCFIFRS" xlink:to="label_RepaymentsOfLeaseObligationsFinCFIFRS" />
    <link:loc xlink:type="locator" xlink:href="http://disclosure.edinet-fsa.go.jp/taxonomy/jpigp/2019-11-01/jpigp_cor_2019-11-01.xsd#jpigp_cor_NetIncreaseDecreaseInShortTermBorrowingsFinCFIFRS" xlink:label="NetIncreaseDecreaseInShortTermBorrowingsFinCFIFRS" />
    <link:label xlink:type="resource" xlink:label="label_NetIncreaseDecreaseInShortTermBorrowingsFinCFIFRS" xml:lang="en" xlink:role="http://disclosure.edinet-fsa.go.jp/jpcrp/alt/role/label" id="label_NetIncreaseDecreaseInShortTermBorrowingsFinCFIFRS">Net increase (decrease) in short-term borrowings</link:label>
    <link:labelArc xlink:type="arc" xlink:arcrole="http://www.xbrl.org/2003/arcrole/concept-label" xlink:from="NetIncreaseDecreaseInShortTermBorrowingsFinCFIFRS" xlink:to="label_NetIncreaseDecreaseInShortTermBorrowingsFinCFIFRS" />
    <link:loc xlink:type="locator" xlink:href="http://disclosure.edinet-fsa.go.jp/taxonomy/jpigp/2019-11-01/jpigp_cor_2019-11-01.xsd#jpigp_cor_DividendsPaidToOwnersOfParentFinCFIFRS" xlink:label="DividendsPaidToOwnersOfParentFinCFIFRS" />
    <link:label xlink:type="resource" xlink:label="label_DividendsPaidToOwnersOfParentFinCFIFRS" xml:lang="en" xlink:role="http://disclosure.edinet-fsa.go.jp/jpcrp/alt/role/label" id="label_DividendsPaidToOwnersOfParentFinCFIFRS">Dividends paid to owners of parent</link:label>
    <link:labelArc xlink:type="arc" xlink:arcrole="http://www.xbrl.org/2003/arcrole/concept-label" xlink:from="DividendsPaidToOwnersOfParentFinCFIFRS" xlink:to="label_DividendsPaidToOwnersOfParentFinCFIFRS" />
    <link:loc xlink:type="locator" xlink:href="http://disclosure.edinet-fsa.go.jp/taxonomy/jpigp/2019-11-01/jpigp_cor_2019-11-01.xsd#jpigp_cor_NetDecreaseIncreaseInTreasurySharesFinCFIFRS" xlink:label="NetDecreaseIncreaseInTreasurySharesFinCFIFRS" />
    <link:label xlink:type="resource" xlink:label="label_NetDecreaseIncreaseInTreasurySharesFinCFIFRS" xml:lang="en" xlink:role="http://disclosure.edinet-fsa.go.jp/jpcrp/alt/role/label" id="label_NetDecreaseIncreaseInTreasurySharesFinCFIFRS">Net decrease (increase) in treasury shares</link:label>
    <link:labelArc xlink:type="arc" xlink:arcrole="http://www.xbrl.org/2003/arcrole/concept-label" xlink:from="NetDecreaseIncreaseInTreasurySharesFinCFIFRS" xlink:to="label_NetDecreaseIncreaseInTreasurySharesFinCFIFRS" />
    <link:loc xlink:type="locator" xlink:href="http://disclosure.edinet-fsa.go.jp/taxonomy/jpigp/2019-11-01/jpigp_cor_2019-11-01.xsd#jpigp_cor_NetIncreaseDecreaseInCashAndCashEquivalentsBeforeEffectOfExchangeRateChangesIFRS" xlink:label="NetIncreaseDecreaseInCashAndCashEquivalentsBeforeEffectOfExchangeRateChangesIFRS" />
    <link:label xlink:type="resource" xlink:label="label_NetIncreaseDecreaseInCashAndCashEquivalentsBeforeEffectOfExchangeRateChangesIFRS" xml:lang="en" xlink:role="http://disclosure.edinet-fsa.go.jp/jpcrp/alt/role/label" id="label_NetIncreaseDecreaseInCashAndCashEquivalentsBeforeEffectOfExchangeRateChangesIFRS">Net increase (decrease) in cash and cash equivalents</link:label>
    <link:labelArc xlink:type="arc" xlink:arcrole="http://www.xbrl.org/2003/arcrole/concept-label" xlink:from="NetIncreaseDecreaseInCashAndCashEquivalentsBeforeEffectOfExchangeRateChangesIFRS" xlink:to="label_NetIncreaseDecreaseInCashAndCashEquivalentsBeforeEffectOfExchangeRateChangesIFRS" />
    <link:loc xlink:type="locator" xlink:href="http://disclosure.edinet-fsa.go.jp/taxonomy/jpigp/2019-11-01/jpigp_cor_2019-11-01.xsd#jpigp_cor_EffectOfExchangeRateChangesOnCashAndCashEquivalentsIFRS" xlink:label="EffectOfExchangeRateChangesOnCashAndCashEquivalentsIFRS" />
    <link:label xlink:type="resource" xlink:label="label_EffectOfExchangeRateChangesOnCashAndCashEquivalentsIFRS" xml:lang="en" xlink:role="http://disclosure.edinet-fsa.go.jp/jpcrp/alt/role/label" id="label_EffectOfExchangeRateChangesOnCashAndCashEquivalentsIFRS">Effect of exchange rate changes on cash and cash equivalents</link:label>
    <link:labelArc xlink:type="arc" xlink:arcrole="http://www.xbrl.org/2003/arcrole/concept-label" xlink:from="EffectOfExchangeRateChangesOnCashAndCashEquivalentsIFRS" xlink:to="label_EffectOfExchangeRateChangesOnCashAndCashEquivalentsIFRS" />
    <link:loc xlink:type="locator" xlink:href="http://disclosure.edinet-fsa.go.jp/taxonomy/jpigp/2019-11-01/jpigp_cor_2019-11-01.xsd#jpigp_cor_ProfitLossIFRS" xlink:label="ProfitLossIFRS" />
    <link:label xlink:type="resource" xlink:label="label_ProfitLossIFRS" xml:lang="en" xlink:role="http://disclosure.edinet-fsa.go.jp/jpcrp/alt/ConsolidatedQuarterly/role/positiveLabel" id="label_ProfitLossIFRS">Profit</link:label>
    <link:labelArc xlink:type="arc" xlink:arcrole="http://www.xbrl.org/2003/arcrole/concept-label" xlink:from="ProfitLossIFRS" xlink:to="label_ProfitLossIFRS" />
    <link:loc xlink:type="locator" xlink:href="http://disclosure.edinet-fsa.go.jp/taxonomy/jpigp/2019-11-01/label/jpigp_2019-11-01_lab-en.xml#label_CashAndCashEquivalentsIFRS_6" xlink:label="label_CashAndCashEquivalentsIFRS" xlink:role="http://disclosure.edinet-fsa.go.jp/jppfs/ConsolidatedQuarterly/role/periodEndLabel" />
    <link:labelArc xlink:type="arc" xlink:arcrole="http://www.xbrl.org/2003/arcrole/concept-label" xlink:from="CashAndCashEquivalentsIFRS" xlink:to="label_CashAndCashEquivalentsIFRS" use="prohibited" priority="1" />
    <link:label xlink:type="resource" xlink:label="label_CashAndCashEquivalentsIFRS_2" xml:lang="en" xlink:role="http://disclosure.edinet-fsa.go.jp/jppfs/ConsolidatedQuarterly/role/periodEndLabel" id="label_CashAndCashEquivalentsIFRS_2">Cash and cash equivalents</link:label>
    <link:labelArc xlink:type="arc" xlink:arcrole="http://www.xbrl.org/2003/arcrole/concept-label" xlink:from="CashAndCashEquivalentsIFRS" xlink:to="label_CashAndCashEquivalentsIFRS_2" priority="2" />
    <link:label xlink:type="resource" xlink:label="label_RevenuesFromSaleOfGoodsRevenue2IFRS" xml:lang="en" xlink:role="http://www.xbrl.org/2003/role/label" id="label_RevenuesFromSaleOfGoodsRevenue2IFRS">Revenues from sale of goods</link:label>
    <link:labelArc xlink:type="arc" xlink:arcrole="http://www.xbrl.org/2003/arcrole/concept-label" xlink:from="RevenuesFromSaleOfGoodsRevenue2IFRS" xlink:to="label_RevenuesFromSaleOfGoodsRevenue2IFRS" />
    <link:label xlink:type="resource" xlink:label="label_RevenuesFromSaleOfGoodsRevenue2IFRS_2" xml:lang="en" xlink:role="http://www.xbrl.org/2003/role/verboseLabel" id="label_RevenuesFromSaleOfGoodsRevenue2IFRS_2">Revenues from sale of goods, Revenue 2 (IFRS)</link:label>
    <link:labelArc xlink:type="arc" xlink:arcrole="http://www.xbrl.org/2003/arcrole/concept-label" xlink:from="RevenuesFromSaleOfGoodsRevenue2IFRS" xlink:to="label_RevenuesFromSaleOfGoodsRevenue2IFRS_2" />
    <link:label xlink:type="resource" xlink:label="label_RevenuesOfRenderingOfServicesAndRoyaltiesRevenue2IFRS" xml:lang="en" xlink:role="http://www.xbrl.org/2003/role/label" id="label_RevenuesOfRenderingOfServicesAndRoyaltiesRevenue2IFRS">Revenues of rendering of services and royalties</link:label>
    <link:labelArc xlink:type="arc" xlink:arcrole="http://www.xbrl.org/2003/arcrole/concept-label" xlink:from="RevenuesOfRenderingOfServicesAndRoyaltiesRevenue2IFRS" xlink:to="label_RevenuesOfRenderingOfServicesAndRoyaltiesRevenue2IFRS" />
    <link:label xlink:type="resource" xlink:label="label_RevenuesOfRenderingOfServicesAndRoyaltiesRevenue2IFRS_2" xml:lang="en" xlink:role="http://www.xbrl.org/2003/role/verboseLabel" id="label_RevenuesOfRenderingOfServicesAndRoyaltiesRevenue2IFRS_2">Revenues of rendering of services and royalties, Revenue 2 (IFRS)</link:label>
    <link:labelArc xlink:type="arc" xlink:arcrole="http://www.xbrl.org/2003/arcrole/concept-label" xlink:from="RevenuesOfRenderingOfServicesAndRoyaltiesRevenue2IFRS" xlink:to="label_RevenuesOfRenderingOfServicesAndRoyaltiesRevenue2IFRS_2" />
    <link:label xlink:type="resource" xlink:label="label_CostOfSaleOfGoodsCostOfSalesIFRS" xml:lang="en" xlink:role="http://www.xbrl.org/2003/role/label" id="label_CostOfSaleOfGoodsCostOfSalesIFRS">Cost of sale of goods</link:label>
    <link:labelArc xlink:type="arc" xlink:arcrole="http://www.xbrl.org/2003/arcrole/concept-label" xlink:from="CostOfSaleOfGoodsCostOfSalesIFRS" xlink:to="label_CostOfSaleOfGoodsCostOfSalesIFRS" />
    <link:label xlink:type="resource" xlink:label="label_CostOfSaleOfGoodsCostOfSalesIFRS_2" xml:lang="en" xlink:role="http://www.xbrl.org/2003/role/verboseLabel" id="label_CostOfSaleOfGoodsCostOfSalesIFRS_2">Cost of sale of goods, Cost of sales (IFRS)</link:label>
    <link:labelArc xlink:type="arc" xlink:arcrole="http://www.xbrl.org/2003/arcrole/concept-label" xlink:from="CostOfSaleOfGoodsCostOfSalesIFRS" xlink:to="label_CostOfSaleOfGoodsCostOfSalesIFRS_2" />
    <link:label xlink:type="resource" xlink:label="label_CostOfRenderingOfServicesAndRoyaltiesCostOfSalesIFRS" xml:lang="en" xlink:role="http://www.xbrl.org/2003/role/label" id="label_CostOfRenderingOfServicesAndRoyaltiesCostOfSalesIFRS">Cost of rendering of services and royalties</link:label>
    <link:labelArc xlink:type="arc" xlink:arcrole="http://www.xbrl.org/2003/arcrole/concept-label" xlink:from="CostOfRenderingOfServicesAndRoyaltiesCostOfSalesIFRS" xlink:to="label_CostOfRenderingOfServicesAndRoyaltiesCostOfSalesIFRS" />
    <link:label xlink:type="resource" xlink:label="label_CostOfRenderingOfServicesAndRoyaltiesCostOfSalesIFRS_2" xml:lang="en" xlink:role="http://www.xbrl.org/2003/role/verboseLabel" id="label_CostOfRenderingOfServicesAndRoyaltiesCostOfSalesIFRS_2">Cost of rendering of services and royalties, Cost of sales (IFRS)</link:label>
    <link:labelArc xlink:type="arc" xlink:arcrole="http://www.xbrl.org/2003/arcrole/concept-label" xlink:from="CostOfRenderingOfServicesAndRoyaltiesCostOfSalesIFRS" xlink:to="label_CostOfRenderingOfServicesAndRoyaltiesCostOfSalesIFRS_2" />
    <link:label xlink:type="resource" xlink:label="label_OtherGainsLossesIFRSAbstract" xml:lang="en" xlink:role="http://www.xbrl.org/2003/role/label" id="label_OtherGainsLossesIFRSAbstract">Other gains (losses)</link:label>
    <link:labelArc xlink:type="arc" xlink:arcrole="http://www.xbrl.org/2003/arcrole/concept-label" xlink:from="OtherGainsLossesIFRSAbstract" xlink:to="label_OtherGainsLossesIFRSAbstract" />
    <link:label xlink:type="resource" xlink:label="label_OtherGainsLossesIFRSAbstract_2" xml:lang="en" xlink:role="http://www.xbrl.org/2003/role/verboseLabel" id="label_OtherGainsLossesIFRSAbstract_2">Other gains (losses) (IFRS) [abstract]</link:label>
    <link:labelArc xlink:type="arc" xlink:arcrole="http://www.xbrl.org/2003/arcrole/concept-label" xlink:from="OtherGainsLossesIFRSAbstract" xlink:to="label_OtherGainsLossesIFRSAbstract_2" />
    <link:label xlink:type="resource" xlink:label="label_ProvisionForDoubtfulAccountsOtherGainsLossesIFRS" xml:lang="en" xlink:role="http://www.xbrl.org/2003/role/label" id="label_ProvisionForDoubtfulAccountsOtherGainsLossesIFRS">Provision for doubtful accounts</link:label>
    <link:labelArc xlink:type="arc" xlink:arcrole="http://www.xbrl.org/2003/arcrole/concept-label" xlink:from="ProvisionForDoubtfulAccountsOtherGainsLossesIFRS" xlink:to="label_ProvisionForDoubtfulAccountsOtherGainsLossesIFRS" />
    <link:label xlink:type="resource" xlink:label="label_ProvisionForDoubtfulAccountsOtherGainsLossesIFRS_2" xml:lang="en" xlink:role="http://www.xbrl.org/2003/role/verboseLabel" id="label_ProvisionForDoubtfulAccountsOtherGainsLossesIFRS_2">Provision for doubtful accounts, Other gains (losses) (IFRS)</link:label>
    <link:labelArc xlink:type="arc" xlink:arcrole="http://www.xbrl.org/2003/arcrole/concept-label" xlink:from="ProvisionForDoubtfulAccountsOtherGainsLossesIFRS" xlink:to="label_ProvisionForDoubtfulAccountsOtherGainsLossesIFRS_2" />
    <link:label xlink:type="resource" xlink:label="label_GainsOnInvestmentsOtherGainsLossesIFRS" xml:lang="en" xlink:role="http://www.xbrl.org/2003/role/label" id="label_GainsOnInvestmentsOtherGainsLossesIFRS">Gains on investments</link:label>
    <link:labelArc xlink:type="arc" xlink:arcrole="http://www.xbrl.org/2003/arcrole/concept-label" xlink:from="GainsOnInvestmentsOtherGainsLossesIFRS" xlink:to="label_GainsOnInvestmentsOtherGainsLossesIFRS" />
    <link:label xlink:type="resource" xlink:label="label_GainsOnInvestmentsOtherGainsLossesIFRS_2" xml:lang="en" xlink:role="http://www.xbrl.org/2003/role/verboseLabel" id="label_GainsOnInvestmentsOtherGainsLossesIFRS_2">Gains on investments, Other gains (losses) (IFRS)</link:label>
    <link:labelArc xlink:type="arc" xlink:arcrole="http://www.xbrl.org/2003/arcrole/concept-label" xlink:from="GainsOnInvestmentsOtherGainsLossesIFRS" xlink:to="label_GainsOnInvestmentsOtherGainsLossesIFRS_2" />
    <link:label xlink:type="resource" xlink:label="label_GainsOnPropertyPlantEquipmentAndIntangibleAssetsOtherGainsLossesIFRS" xml:lang="en" xlink:role="http://www.xbrl.org/2003/role/label" id="label_GainsOnPropertyPlantEquipmentAndIntangibleAssetsOtherGainsLossesIFRS">Gains on property. plant, equipment and intangible assets</link:label>
    <link:labelArc xlink:type="arc" xlink:arcrole="http://www.xbrl.org/2003/arcrole/concept-label" xlink:from="GainsOnPropertyPlantEquipmentAndIntangibleAssetsOtherGainsLossesIFRS" xlink:to="label_GainsOnPropertyPlantEquipmentAndIntangibleAssetsOtherGainsLossesIFRS" />
    <link:label xlink:type="resource" xlink:label="label_GainsOnPropertyPlantEquipmentAndIntangibleAssetsOtherGainsLossesIFRS_2" xml:lang="en" xlink:role="http://www.xbrl.org/2003/role/verboseLabel" id="label_GainsOnPropertyPlantEquipmentAndIntangibleAssetsOtherGainsLossesIFRS_2">Gains on property. plant, equipment and intangible assets, Other gains (losses) (IFRS)</link:label>
    <link:labelArc xlink:type="arc" xlink:arcrole="http://www.xbrl.org/2003/arcrole/concept-label" xlink:from="GainsOnPropertyPlantEquipmentAndIntangibleAssetsOtherGainsLossesIFRS" xlink:to="label_GainsOnPropertyPlantEquipmentAndIntangibleAssetsOtherGainsLossesIFRS_2" />
    <link:label xlink:type="resource" xlink:label="label_OtherNetOtherGainsLossesIFRS" xml:lang="en" xlink:role="http://www.xbrl.org/2003/role/label" id="label_OtherNetOtherGainsLossesIFRS">Other-net</link:label>
    <link:labelArc xlink:type="arc" xlink:arcrole="http://www.xbrl.org/2003/arcrole/concept-label" xlink:from="OtherNetOtherGainsLossesIFRS" xlink:to="label_OtherNetOtherGainsLossesIFRS" />
    <link:label xlink:type="resource" xlink:label="label_OtherNetOtherGainsLossesIFRS_2" xml:lang="en" xlink:role="http://www.xbrl.org/2003/role/verboseLabel" id="label_OtherNetOtherGainsLossesIFRS_2">Other-net, Other gains (losses) (IFRS)</link:label>
    <link:labelArc xlink:type="arc" xlink:arcrole="http://www.xbrl.org/2003/arcrole/concept-label" xlink:from="OtherNetOtherGainsLossesIFRS" xlink:to="label_OtherNetOtherGainsLossesIFRS_2" />
    <link:label xlink:type="resource" xlink:label="label_FinancialIncomeLossIFRSAbstract" xml:lang="en" xlink:role="http://www.xbrl.org/2003/role/label" id="label_FinancialIncomeLossIFRSAbstract">Financial income (loss)</link:label>
    <link:labelArc xlink:type="arc" xlink:arcrole="http://www.xbrl.org/2003/arcrole/concept-label" xlink:from="FinancialIncomeLossIFRSAbstract" xlink:to="label_FinancialIncomeLossIFRSAbstract" />
    <link:label xlink:type="resource" xlink:label="label_FinancialIncomeLossIFRSAbstract_2" xml:lang="en" xlink:role="http://www.xbrl.org/2003/role/verboseLabel" id="label_FinancialIncomeLossIFRSAbstract_2">Financial income (loss) (IFRS) [abstract]</link:label>
    <link:labelArc xlink:type="arc" xlink:arcrole="http://www.xbrl.org/2003/arcrole/concept-label" xlink:from="FinancialIncomeLossIFRSAbstract" xlink:to="label_FinancialIncomeLossIFRSAbstract_2" />
    <link:label xlink:type="resource" xlink:label="label_NetChangeInSalePurchaseOfSubsidiarySharesToFromNonControllingInterestsIFRS" xml:lang="en" xlink:role="http://www.xbrl.org/2003/role/label" id="label_NetChangeInSalePurchaseOfSubsidiarySharesToFromNonControllingInterestsIFRS">Net change in sale (purchase) of subsidiary shares to (from) non-controlling interests</link:label>
    <link:labelArc xlink:type="arc" xlink:arcrole="http://www.xbrl.org/2003/arcrole/concept-label" xlink:from="NetChangeInSalePurchaseOfSubsidiarySharesToFromNonControllingInterestsIFRS" xlink:to="label_NetChangeInSalePurchaseOfSubsidiarySharesToFromNonControllingInterestsIFRS" />
    <link:label xlink:type="resource" xlink:label="label_NetChangeInSalePurchaseOfSubsidiarySharesToFromNonControllingInterestsIFRS_2" xml:lang="en" xlink:role="http://www.xbrl.org/2003/role/verboseLabel" id="label_NetChangeInSalePurchaseOfSubsidiarySharesToFromNonControllingInterestsIFRS_2">Net change in sale (purchase) of subsidiary shares to (from) non-controlling interests (IFRS)</link:label>
    <link:labelArc xlink:type="arc" xlink:arcrole="http://www.xbrl.org/2003/arcrole/concept-label" xlink:from="NetChangeInSalePurchaseOfSubsidiarySharesToFromNonControllingInterestsIFRS" xlink:to="label_NetChangeInSalePurchaseOfSubsidiarySharesToFromNonControllingInterestsIFRS_2" />
    <link:label xlink:type="resource" xlink:label="label_OtherShortTermReceivablesCAIFRS" xml:lang="en" xlink:role="http://www.xbrl.org/2003/role/label" id="label_OtherShortTermReceivablesCAIFRS">Other short-term receivables</link:label>
    <link:labelArc xlink:type="arc" xlink:arcrole="http://www.xbrl.org/2003/arcrole/concept-label" xlink:from="OtherShortTermReceivablesCAIFRS" xlink:to="label_OtherShortTermReceivablesCAIFRS" />
    <link:label xlink:type="resource" xlink:label="label_OtherShortTermReceivablesCAIFRS_2" xml:lang="en" xlink:role="http://www.xbrl.org/2003/role/verboseLabel" id="label_OtherShortTermReceivablesCAIFRS_2">Other short-term receivables - CA (IFRS)</link:label>
    <link:labelArc xlink:type="arc" xlink:arcrole="http://www.xbrl.org/2003/arcrole/concept-label" xlink:from="OtherShortTermReceivablesCAIFRS" xlink:to="label_OtherShortTermReceivablesCAIFRS_2" />
    <link:label xlink:type="resource" xlink:label="label_LongTermReceivablesNCAIFRS" xml:lang="en" xlink:role="http://www.xbrl.org/2003/role/label" id="label_LongTermReceivablesNCAIFRS">Long-term receivables</link:label>
    <link:labelArc xlink:type="arc" xlink:arcrole="http://www.xbrl.org/2003/arcrole/concept-label" xlink:from="LongTermReceivablesNCAIFRS" xlink:to="label_LongTermReceivablesNCAIFRS" />
    <link:label xlink:type="resource" xlink:label="label_LongTermReceivablesNCAIFRS_2" xml:lang="en" xlink:role="http://www.xbrl.org/2003/role/verboseLabel" id="label_LongTermReceivablesNCAIFRS_2">Long-term receivables - NCA (IFRS)</link:label>
    <link:labelArc xlink:type="arc" xlink:arcrole="http://www.xbrl.org/2003/arcrole/concept-label" xlink:from="LongTermReceivablesNCAIFRS" xlink:to="label_LongTermReceivablesNCAIFRS_2" />
    <link:label xlink:type="resource" xlink:label="label_LongTermFinancialAssetsOtherThanInvestmentsOrReceivablesNCAIFRS" xml:lang="en" xlink:role="http://www.xbrl.org/2003/role/label" id="label_LongTermFinancialAssetsOtherThanInvestmentsOrReceivablesNCAIFRS">Long-term financial assets other than investments or receivables</link:label>
    <link:labelArc xlink:type="arc" xlink:arcrole="http://www.xbrl.org/2003/arcrole/concept-label" xlink:from="LongTermFinancialAssetsOtherThanInvestmentsOrReceivablesNCAIFRS" xlink:to="label_LongTermFinancialAssetsOtherThanInvestmentsOrReceivablesNCAIFRS" />
    <link:label xlink:type="resource" xlink:label="label_LongTermFinancialAssetsOtherThanInvestmentsOrReceivablesNCAIFRS_2" xml:lang="en" xlink:role="http://www.xbrl.org/2003/role/verboseLabel" id="label_LongTermFinancialAssetsOtherThanInvestmentsOrReceivablesNCAIFRS_2">Long-term financial assets other than investments or receivables - NCA (IFRS)</link:label>
    <link:labelArc xlink:type="arc" xlink:arcrole="http://www.xbrl.org/2003/arcrole/concept-label" xlink:from="LongTermFinancialAssetsOtherThanInvestmentsOrReceivablesNCAIFRS" xlink:to="label_LongTermFinancialAssetsOtherThanInvestmentsOrReceivablesNCAIFRS_2" />
    <link:label xlink:type="resource" xlink:label="label_ShortTermPayablesOtherThanTradePayablesCLIFRS" xml:lang="en" xlink:role="http://www.xbrl.org/2003/role/label" id="label_ShortTermPayablesOtherThanTradePayablesCLIFRS">Short-term payables other than trade payables</link:label>
    <link:labelArc xlink:type="arc" xlink:arcrole="http://www.xbrl.org/2003/arcrole/concept-label" xlink:from="ShortTermPayablesOtherThanTradePayablesCLIFRS" xlink:to="label_ShortTermPayablesOtherThanTradePayablesCLIFRS" />
    <link:label xlink:type="resource" xlink:label="label_ShortTermPayablesOtherThanTradePayablesCLIFRS_2" xml:lang="en" xlink:role="http://www.xbrl.org/2003/role/verboseLabel" id="label_ShortTermPayablesOtherThanTradePayablesCLIFRS_2">Short-term payables other than trade payables - CL (IFRS)</link:label>
    <link:labelArc xlink:type="arc" xlink:arcrole="http://www.xbrl.org/2003/arcrole/concept-label" xlink:from="ShortTermPayablesOtherThanTradePayablesCLIFRS" xlink:to="label_ShortTermPayablesOtherThanTradePayablesCLIFRS_2" />
    <link:label xlink:type="resource" xlink:label="label_OtherComponentsOfEquityEquityIFRSAbstract" xml:lang="en" xlink:role="http://www.xbrl.org/2003/role/label" id="label_OtherComponentsOfEquityEquityIFRSAbstract">Other components of equity</link:label>
    <link:labelArc xlink:type="arc" xlink:arcrole="http://www.xbrl.org/2003/arcrole/concept-label" xlink:from="OtherComponentsOfEquityEquityIFRSAbstract" xlink:to="label_OtherComponentsOfEquityEquityIFRSAbstract" />
    <link:label xlink:type="resource" xlink:label="label_OtherComponentsOfEquityEquityIFRSAbstract_2" xml:lang="en" xlink:role="http://www.xbrl.org/2003/role/verboseLabel" id="label_OtherComponentsOfEquityEquityIFRSAbstract_2">Other components of equity - Equity (IFRS) [abstract]</link:label>
    <link:labelArc xlink:type="arc" xlink:arcrole="http://www.xbrl.org/2003/arcrole/concept-label" xlink:from="OtherComponentsOfEquityEquityIFRSAbstract" xlink:to="label_OtherComponentsOfEquityEquityIFRSAbstract_2" />
    <link:label xlink:type="resource" xlink:label="label_GrossTradingProfitIFRSSummaryOfBusinessResults" xml:lang="en" xlink:role="http://www.xbrl.org/2003/role/label" id="label_GrossTradingProfitIFRSSummaryOfBusinessResults">Gross trading profit (IFRS)</link:label>
    <link:labelArc xlink:type="arc" xlink:arcrole="http://www.xbrl.org/2003/arcrole/concept-label" xlink:from="GrossTradingProfitIFRSSummaryOfBusinessResults" xlink:to="label_GrossTradingProfitIFRSSummaryOfBusinessResults" />
    <link:label xlink:type="resource" xlink:label="label_GrossTradingProfitIFRSSummaryOfBusinessResults_2" xml:lang="en" xlink:role="http://www.xbrl.org/2003/role/verboseLabel" id="label_GrossTradingProfitIFRSSummaryOfBusinessResults_2">Gross trading profit (IFRS), Summary of business results</link:label>
    <link:labelArc xlink:type="arc" xlink:arcrole="http://www.xbrl.org/2003/arcrole/concept-label" xlink:from="GrossTradingProfitIFRSSummaryOfBusinessResults" xlink:to="label_GrossTradingProfitIFRSSummaryOfBusinessResults_2" />
    <link:label xlink:type="resource" xlink:label="label_TotalEquityIFRSSummaryOfBusinessResults" xml:lang="en" xlink:role="http://www.xbrl.org/2003/role/label" id="label_TotalEquityIFRSSummaryOfBusinessResults">Total equity (IFRS)</link:label>
    <link:labelArc xlink:type="arc" xlink:arcrole="http://www.xbrl.org/2003/arcrole/concept-label" xlink:from="TotalEquityIFRSSummaryOfBusinessResults" xlink:to="label_TotalEquityIFRSSummaryOfBusinessResults" />
    <link:label xlink:type="resource" xlink:label="label_TotalEquityIFRSSummaryOfBusinessResults_2" xml:lang="en" xlink:role="http://www.xbrl.org/2003/role/verboseLabel" id="label_TotalEquityIFRSSummaryOfBusinessResults_2">Total equity (IFRS), Summary of business results</link:label>
    <link:labelArc xlink:type="arc" xlink:arcrole="http://www.xbrl.org/2003/arcrole/concept-label" xlink:from="TotalEquityIFRSSummaryOfBusinessResults" xlink:to="label_TotalEquityIFRSSummaryOfBusinessResults_2" />
    <link:label xlink:type="resource" xlink:label="label_TextileReportableSegmentMember" xml:lang="en" xlink:role="http://www.xbrl.org/2003/role/label" id="label_TextileReportableSegmentMember">Textile</link:label>
    <link:labelArc xlink:type="arc" xlink:arcrole="http://www.xbrl.org/2003/arcrole/concept-label" xlink:from="TextileReportableSegmentMember" xlink:to="label_TextileReportableSegmentMember" />
    <link:label xlink:type="resource" xlink:label="label_TextileReportableSegmentMember_2" xml:lang="en" xlink:role="http://www.xbrl.org/2003/role/verboseLabel" id="label_TextileReportableSegmentMember_2">Textile, Reportable segment [member]</link:label>
    <link:labelArc xlink:type="arc" xlink:arcrole="http://www.xbrl.org/2003/arcrole/concept-label" xlink:from="TextileReportableSegmentMember" xlink:to="label_TextileReportableSegmentMember_2" />
    <link:label xlink:type="resource" xlink:label="label_MachineryReportableSegmentMember" xml:lang="en" xlink:role="http://www.xbrl.org/2003/role/label" id="label_MachineryReportableSegmentMember">Machinery</link:label>
    <link:labelArc xlink:type="arc" xlink:arcrole="http://www.xbrl.org/2003/arcrole/concept-label" xlink:from="MachineryReportableSegmentMember" xlink:to="label_MachineryReportableSegmentMember" />
    <link:label xlink:type="resource" xlink:label="label_MachineryReportableSegmentMember_2" xml:lang="en" xlink:role="http://www.xbrl.org/2003/role/verboseLabel" id="label_MachineryReportableSegmentMember_2">Machinery, Reportable segment [member]</link:label>
    <link:labelArc xlink:type="arc" xlink:arcrole="http://www.xbrl.org/2003/arcrole/concept-label" xlink:from="MachineryReportableSegmentMember" xlink:to="label_MachineryReportableSegmentMember_2" />
    <link:label xlink:type="resource" xlink:label="label_MetalsAndMineralsReportableSegmentMember" xml:lang="en" xlink:role="http://www.xbrl.org/2003/role/label" id="label_MetalsAndMineralsReportableSegmentMember">Metals and Minerals</link:label>
    <link:labelArc xlink:type="arc" xlink:arcrole="http://www.xbrl.org/2003/arcrole/concept-label" xlink:from="MetalsAndMineralsReportableSegmentMember" xlink:to="label_MetalsAndMineralsReportableSegmentMember" />
    <link:label xlink:type="resource" xlink:label="label_MetalsAndMineralsReportableSegmentMember_2" xml:lang="en" xlink:role="http://www.xbrl.org/2003/role/verboseLabel" id="label_MetalsAndMineralsReportableSegmentMember_2">Metals and Minerals, Reportable segment [member]</link:label>
    <link:labelArc xlink:type="arc" xlink:arcrole="http://www.xbrl.org/2003/arcrole/concept-label" xlink:from="MetalsAndMineralsReportableSegmentMember" xlink:to="label_MetalsAndMineralsReportableSegmentMember_2" />
    <link:label xlink:type="resource" xlink:label="label_EnergyAndChemicalsReportableSegmentMember" xml:lang="en" xlink:role="http://www.xbrl.org/2003/role/label" id="label_EnergyAndChemicalsReportableSegmentMember">Energy and Chemicals</link:label>
    <link:labelArc xlink:type="arc" xlink:arcrole="http://www.xbrl.org/2003/arcrole/concept-label" xlink:from="EnergyAndChemicalsReportableSegmentMember" xlink:to="label_EnergyAndChemicalsReportableSegmentMember" />
    <link:label xlink:type="resource" xlink:label="label_EnergyAndChemicalsReportableSegmentMember_2" xml:lang="en" xlink:role="http://www.xbrl.org/2003/role/verboseLabel" id="label_EnergyAndChemicalsReportableSegmentMember_2">Energy and Chemicals, Reportable segment [member]</link:label>
    <link:labelArc xlink:type="arc" xlink:arcrole="http://www.xbrl.org/2003/arcrole/concept-label" xlink:from="EnergyAndChemicalsReportableSegmentMember" xlink:to="label_EnergyAndChemicalsReportableSegmentMember_2" />
    <link:label xlink:type="resource" xlink:label="label_FoodReportableSegmentMember" xml:lang="en" xlink:role="http://www.xbrl.org/2003/role/label" id="label_FoodReportableSegmentMember">Food</link:label>
    <link:labelArc xlink:type="arc" xlink:arcrole="http://www.xbrl.org/2003/arcrole/concept-label" xlink:from="FoodReportableSegmentMember" xlink:to="label_FoodReportableSegmentMember" />
    <link:label xlink:type="resource" xlink:label="label_FoodReportableSegmentMember_2" xml:lang="en" xlink:role="http://www.xbrl.org/2003/role/verboseLabel" id="label_FoodReportableSegmentMember_2">Food, Reportable segment [member]</link:label>
    <link:labelArc xlink:type="arc" xlink:arcrole="http://www.xbrl.org/2003/arcrole/concept-label" xlink:from="FoodReportableSegmentMember" xlink:to="label_FoodReportableSegmentMember_2" />
    <link:label xlink:type="resource" xlink:label="label_GeneralProductsAndRealtyReportableSegmentMember" xml:lang="en" xlink:role="http://www.xbrl.org/2003/role/label" id="label_GeneralProductsAndRealtyReportableSegmentMember">General Products and Realty</link:label>
    <link:labelArc xlink:type="arc" xlink:arcrole="http://www.xbrl.org/2003/arcrole/concept-label" xlink:from="GeneralProductsAndRealtyReportableSegmentMember" xlink:to="label_GeneralProductsAndRealtyReportableSegmentMember" />
    <link:label xlink:type="resource" xlink:label="label_GeneralProductsAndRealtyReportableSegmentMember_2" xml:lang="en" xlink:role="http://www.xbrl.org/2003/role/verboseLabel" id="label_GeneralProductsAndRealtyReportableSegmentMember_2">General Products and Realty, Reportable segment [member]</link:label>
    <link:labelArc xlink:type="arc" xlink:arcrole="http://www.xbrl.org/2003/arcrole/concept-label" xlink:from="GeneralProductsAndRealtyReportableSegmentMember" xlink:to="label_GeneralProductsAndRealtyReportableSegmentMember_2" />
    <link:label xlink:type="resource" xlink:label="label_ICTAndFinancialBusinessReportableSegmentMember" xml:lang="en" xlink:role="http://www.xbrl.org/2003/role/label" id="label_ICTAndFinancialBusinessReportableSegmentMember">ICT and Financial Business</link:label>
    <link:labelArc xlink:type="arc" xlink:arcrole="http://www.xbrl.org/2003/arcrole/concept-label" xlink:from="ICTAndFinancialBusinessReportableSegmentMember" xlink:to="label_ICTAndFinancialBusinessReportableSegmentMember" />
    <link:label xlink:type="resource" xlink:label="label_ICTAndFinancialBusinessReportableSegmentMember_2" xml:lang="en" xlink:role="http://www.xbrl.org/2003/role/verboseLabel" id="label_ICTAndFinancialBusinessReportableSegmentMember_2">ICT and Financial Business, Reportable segment [member]</link:label>
    <link:labelArc xlink:type="arc" xlink:arcrole="http://www.xbrl.org/2003/arcrole/concept-label" xlink:from="ICTAndFinancialBusinessReportableSegmentMember" xlink:to="label_ICTAndFinancialBusinessReportableSegmentMember_2" />
    <link:label xlink:type="resource" xlink:label="label_The8thReportableSegmentMember" xml:lang="en" xlink:role="http://www.xbrl.org/2003/role/label" id="label_The8thReportableSegmentMember">The 8th</link:label>
    <link:labelArc xlink:type="arc" xlink:arcrole="http://www.xbrl.org/2003/arcrole/concept-label" xlink:from="The8thReportableSegmentMember" xlink:to="label_The8thReportableSegmentMember" />
    <link:label xlink:type="resource" xlink:label="label_The8thReportableSegmentMember_2" xml:lang="en" xlink:role="http://www.xbrl.org/2003/role/verboseLabel" id="label_The8thReportableSegmentMember_2">The 8th, Reportable segment [member]</link:label>
    <link:labelArc xlink:type="arc" xlink:arcrole="http://www.xbrl.org/2003/arcrole/concept-label" xlink:from="The8thReportableSegmentMember" xlink:to="label_The8thReportableSegmentMember_2" />
    <link:label xlink:type="resource" xlink:label="label_ProvisionForDoubtfulAccountsAndOtherProvisionsOpeCFIFRS" xml:lang="en" xlink:role="http://www.xbrl.org/2003/role/label" id="label_ProvisionForDoubtfulAccountsAndOtherProvisionsOpeCFIFRS">Provision for doubtful accounts and other provisions</link:label>
    <link:labelArc xlink:type="arc" xlink:arcrole="http://www.xbrl.org/2003/arcrole/concept-label" xlink:from="ProvisionForDoubtfulAccountsAndOtherProvisionsOpeCFIFRS" xlink:to="label_ProvisionForDoubtfulAccountsAndOtherProvisionsOpeCFIFRS" />
    <link:label xlink:type="resource" xlink:label="label_ProvisionForDoubtfulAccountsAndOtherProvisionsOpeCFIFRS_2" xml:lang="en" xlink:role="http://www.xbrl.org/2003/role/verboseLabel" id="label_ProvisionForDoubtfulAccountsAndOtherProvisionsOpeCFIFRS_2">Provision for doubtful accounts and other provisions - OpeCF (IFRS)</link:label>
    <link:labelArc xlink:type="arc" xlink:arcrole="http://www.xbrl.org/2003/arcrole/concept-label" xlink:from="ProvisionForDoubtfulAccountsAndOtherProvisionsOpeCFIFRS" xlink:to="label_ProvisionForDoubtfulAccountsAndOtherProvisionsOpeCFIFRS_2" />
    <link:label xlink:type="resource" xlink:label="label_ProceedsFromIssuanceOfBondsAndBorrowingsFinCFIFRS" xml:lang="en" xlink:role="http://www.xbrl.org/2003/role/label" id="label_ProceedsFromIssuanceOfBondsAndBorrowingsFinCFIFRS">Proceeds from issuance of bonds and borrowings</link:label>
    <link:labelArc xlink:type="arc" xlink:arcrole="http://www.xbrl.org/2003/arcrole/concept-label" xlink:from="ProceedsFromIssuanceOfBondsAndBorrowingsFinCFIFRS" xlink:to="label_ProceedsFromIssuanceOfBondsAndBorrowingsFinCFIFRS" />
    <link:label xlink:type="resource" xlink:label="label_ProceedsFromIssuanceOfBondsAndBorrowingsFinCFIFRS_2" xml:lang="en" xlink:role="http://www.xbrl.org/2003/role/verboseLabel" id="label_ProceedsFromIssuanceOfBondsAndBorrowingsFinCFIFRS_2">Proceeds from issuance of bonds and borrowings - FinCF (IFRS)</link:label>
    <link:labelArc xlink:type="arc" xlink:arcrole="http://www.xbrl.org/2003/arcrole/concept-label" xlink:from="ProceedsFromIssuanceOfBondsAndBorrowingsFinCFIFRS" xlink:to="label_ProceedsFromIssuanceOfBondsAndBorrowingsFinCFIFRS_2" />
    <link:label xlink:type="resource" xlink:label="label_RedemptionOfBondsAndRepaymentsOfBorrowingsFinCFIFRS" xml:lang="en" xlink:role="http://www.xbrl.org/2003/role/label" id="label_RedemptionOfBondsAndRepaymentsOfBorrowingsFinCFIFRS">Redemption of bonds and repayments of borrowings</link:label>
    <link:labelArc xlink:type="arc" xlink:arcrole="http://www.xbrl.org/2003/arcrole/concept-label" xlink:from="RedemptionOfBondsAndRepaymentsOfBorrowingsFinCFIFRS" xlink:to="label_RedemptionOfBondsAndRepaymentsOfBorrowingsFinCFIFRS" />
    <link:label xlink:type="resource" xlink:label="label_RedemptionOfBondsAndRepaymentsOfBorrowingsFinCFIFRS_2" xml:lang="en" xlink:role="http://www.xbrl.org/2003/role/verboseLabel" id="label_RedemptionOfBondsAndRepaymentsOfBorrowingsFinCFIFRS_2">Redemption of bonds and repayments of borrowings - FinCF (IFRS)</link:label>
    <link:labelArc xlink:type="arc" xlink:arcrole="http://www.xbrl.org/2003/arcrole/concept-label" xlink:from="RedemptionOfBondsAndRepaymentsOfBorrowingsFinCFIFRS" xlink:to="label_RedemptionOfBondsAndRepaymentsOfBorrowingsFinCFIFRS_2" />
    <link:label xlink:type="resource" xlink:label="label_NetChangeInAcquisitionSaleOfInterestsInSubsidiariesFromNonControllingInterestsFinCFIFRS" xml:lang="en" xlink:role="http://www.xbrl.org/2003/role/label" id="label_NetChangeInAcquisitionSaleOfInterestsInSubsidiariesFromNonControllingInterestsFinCFIFRS">Net change in acquisition (sale) of interests in subsidiaries from non-controlling interests</link:label>
    <link:labelArc xlink:type="arc" xlink:arcrole="http://www.xbrl.org/2003/arcrole/concept-label" xlink:from="NetChangeInAcquisitionSaleOfInterestsInSubsidiariesFromNonControllingInterestsFinCFIFRS" xlink:to="label_NetChangeInAcquisitionSaleOfInterestsInSubsidiariesFromNonControllingInterestsFinCFIFRS" />
    <link:label xlink:type="resource" xlink:label="label_NetChangeInAcquisitionSaleOfInterestsInSubsidiariesFromNonControllingInterestsFinCFIFRS_2" xml:lang="en" xlink:role="http://www.xbrl.org/2003/role/verboseLabel" id="label_NetChangeInAcquisitionSaleOfInterestsInSubsidiariesFromNonControllingInterestsFinCFIFRS_2">Net change in acquisition (sale) of interests in subsidiaries from non-controlling interests - FinCF (IFRS)</link:label>
    <link:labelArc xlink:type="arc" xlink:arcrole="http://www.xbrl.org/2003/arcrole/concept-label" xlink:from="NetChangeInAcquisitionSaleOfInterestsInSubsidiariesFromNonControllingInterestsFinCFIFRS" xlink:to="label_NetChangeInAcquisitionSaleOfInterestsInSubsidiariesFromNonControllingInterestsFinCFIFRS_2" />
  </link:labelLink>
</link:linkbase>