<?xml version="1.0" encoding="utf-8"?>
<!-- Generated by PRONEXUS WORKS -->
<link:linkbase xmlns:link="http://www.xbrl.org/2003/linkbase" xmlns:xsi="http://www.w3.org/2001/XMLSchema-instance" xmlns:xbrli="http://www.xbrl.org/2003/instance" xmlns:xlink="http://www.w3.org/1999/xlink">
  <link:roleRef xlink:type="simple" roleURI="http://disclosure.edinet-fsa.go.jp/role/jpigp/rol_CondensedYearToQuarterEndConsolidatedStatementOfComprehensiveIncomeSingleStatementIFRS" xlink:href="http://disclosure.edinet-fsa.go.jp/taxonomy/jpigp/2019-11-01/jpigp_rt_2019-11-01.xsd#rol_CondensedYearToQuarterEndConsolidatedStatementOfComprehensiveIncomeSingleStatementIFRS" />
  <link:roleRef xlink:type="simple" roleURI="http://disclosure.edinet-fsa.go.jp/role/jpigp/rol_CondensedQuarterlyConsolidatedStatementOfChangesInEquityIFRS" xlink:href="http://disclosure.edinet-fsa.go.jp/taxonomy/jpigp/2019-11-01/jpigp_rt_2019-11-01.xsd#rol_CondensedQuarterlyConsolidatedStatementOfChangesInEquityIFRS" />
  <link:roleRef xlink:type="simple" roleURI="http://disclosure.edinet-fsa.go.jp/role/jpigp/rol_CondensedQuarterlyConsolidatedStatementOfCashFlowsIFRS" xlink:href="http://disclosure.edinet-fsa.go.jp/taxonomy/jpigp/2019-11-01/jpigp_rt_2019-11-01.xsd#rol_CondensedQuarterlyConsolidatedStatementOfCashFlowsIFRS" />
  <link:roleRef xlink:type="simple" roleURI="http://disclosure.edinet-fsa.go.jp/role/jpigp/rol_CondensedQuarterlyConsolidatedStatementOfFinancialPositionIFRS" xlink:href="http://disclosure.edinet-fsa.go.jp/taxonomy/jpigp/2019-11-01/jpigp_rt_2019-11-01.xsd#rol_CondensedQuarterlyConsolidatedStatementOfFinancialPositionIFRS" />
  <link:calculationLink xlink:type="extended" xlink:role="http://disclosure.edinet-fsa.go.jp/role/jpigp/rol_CondensedQuarterlyConsolidatedStatementOfFinancialPositionIFRS">
    <link:loc xlink:type="locator" xlink:href="http://disclosure.edinet-fsa.go.jp/taxonomy/jpigp/2019-11-01/jpigp_cor_2019-11-01.xsd#jpigp_cor_AssetsIFRS" xlink:label="AssetsIFRS" />
    <link:loc xlink:type="locator" xlink:href="http://disclosure.edinet-fsa.go.jp/taxonomy/jpigp/2019-11-01/jpigp_cor_2019-11-01.xsd#jpigp_cor_CurrentAssetsIFRS" xlink:label="CurrentAssetsIFRS_2" />
    <link:calculationArc xlink:type="arc" weight="1" xlink:arcrole="http://www.xbrl.org/2003/arcrole/summation-item" xlink:from="AssetsIFRS" xlink:to="CurrentAssetsIFRS_2" order="1.0" />
    <link:loc xlink:type="locator" xlink:href="http://disclosure.edinet-fsa.go.jp/taxonomy/jpigp/2019-11-01/jpigp_cor_2019-11-01.xsd#jpigp_cor_CurrentAssetsIFRS" xlink:label="CurrentAssetsIFRS" />
    <link:loc xlink:type="locator" xlink:href="http://disclosure.edinet-fsa.go.jp/taxonomy/jpigp/2019-11-01/jpigp_cor_2019-11-01.xsd#jpigp_cor_CashAndCashEquivalentsIFRS" xlink:label="CashAndCashEquivalentsIFRS" />
    <link:calculationArc xlink:type="arc" weight="1" xlink:arcrole="http://www.xbrl.org/2003/arcrole/summation-item" xlink:from="CurrentAssetsIFRS" xlink:to="CashAndCashEquivalentsIFRS" order="0.0078125" />
    <link:loc xlink:type="locator" xlink:href="http://disclosure.edinet-fsa.go.jp/taxonomy/jpigp/2019-11-01/jpigp_cor_2019-11-01.xsd#jpigp_cor_TimeDepositsCAIFRS" xlink:label="TimeDepositsCAIFRS" />
    <link:calculationArc xlink:type="arc" weight="1" xlink:arcrole="http://www.xbrl.org/2003/arcrole/summation-item" xlink:from="CurrentAssetsIFRS" xlink:to="TimeDepositsCAIFRS" order="0.01953125" />
    <link:loc xlink:type="locator" xlink:href="http://disclosure.edinet-fsa.go.jp/taxonomy/jpigp/2019-11-01/jpigp_cor_2019-11-01.xsd#jpigp_cor_TradeReceivablesCAIFRS" xlink:label="TradeReceivablesCAIFRS" />
    <link:calculationArc xlink:type="arc" weight="1" xlink:arcrole="http://www.xbrl.org/2003/arcrole/summation-item" xlink:from="CurrentAssetsIFRS" xlink:to="TradeReceivablesCAIFRS" order="0.048828125" />
    <link:loc xlink:type="locator" xlink:href="jpcrp040300-q1r-001_E02497-000_2020-06-30_01_2020-08-12.xsd#jpcrp040300-q1r_E02497-000_OtherShortTermReceivablesCAIFRS" xlink:label="OtherShortTermReceivablesCAIFRS" />
    <link:calculationArc xlink:type="arc" weight="1" xlink:arcrole="http://www.xbrl.org/2003/arcrole/summation-item" xlink:from="CurrentAssetsIFRS" xlink:to="OtherShortTermReceivablesCAIFRS" order="0.0869140625" />
    <link:loc xlink:type="locator" xlink:href="http://disclosure.edinet-fsa.go.jp/taxonomy/jpigp/2019-11-01/jpigp_cor_2019-11-01.xsd#jpigp_cor_OtherFinancialAssetsCAIFRS" xlink:label="OtherFinancialAssetsCAIFRS" />
    <link:calculationArc xlink:type="arc" weight="1" xlink:arcrole="http://www.xbrl.org/2003/arcrole/summation-item" xlink:from="CurrentAssetsIFRS" xlink:to="OtherFinancialAssetsCAIFRS" order="0.16845703125" />
    <link:loc xlink:type="locator" xlink:href="http://disclosure.edinet-fsa.go.jp/taxonomy/jpigp/2019-11-01/jpigp_cor_2019-11-01.xsd#jpigp_cor_InventoriesCAIFRS" xlink:label="InventoriesCAIFRS" />
    <link:calculationArc xlink:type="arc" weight="1" xlink:arcrole="http://www.xbrl.org/2003/arcrole/summation-item" xlink:from="CurrentAssetsIFRS" xlink:to="InventoriesCAIFRS" order="0.334228515625" />
    <link:loc xlink:type="locator" xlink:href="http://disclosure.edinet-fsa.go.jp/taxonomy/jpigp/2019-11-01/jpigp_cor_2019-11-01.xsd#jpigp_cor_AdvancePaymentsToSuppliersCAIFRS" xlink:label="AdvancePaymentsToSuppliersCAIFRS" />
    <link:calculationArc xlink:type="arc" weight="1" xlink:arcrole="http://www.xbrl.org/2003/arcrole/summation-item" xlink:from="CurrentAssetsIFRS" xlink:to="AdvancePaymentsToSuppliersCAIFRS" order="0.6671142578125" />
    <link:loc xlink:type="locator" xlink:href="http://disclosure.edinet-fsa.go.jp/taxonomy/jpigp/2019-11-01/jpigp_cor_2019-11-01.xsd#jpigp_cor_OtherCurrentAssetsCAIFRS" xlink:label="OtherCurrentAssetsCAIFRS" />
    <link:calculationArc xlink:type="arc" weight="1" xlink:arcrole="http://www.xbrl.org/2003/arcrole/summation-item" xlink:from="CurrentAssetsIFRS" xlink:to="OtherCurrentAssetsCAIFRS" order="1.6671142578125" />
    <link:loc xlink:type="locator" xlink:href="http://disclosure.edinet-fsa.go.jp/taxonomy/jpigp/2019-11-01/jpigp_cor_2019-11-01.xsd#jpigp_cor_NonCurrentAssetsIFRS" xlink:label="NonCurrentAssetsIFRS_2" />
    <link:calculationArc xlink:type="arc" weight="1" xlink:arcrole="http://www.xbrl.org/2003/arcrole/summation-item" xlink:from="AssetsIFRS" xlink:to="NonCurrentAssetsIFRS_2" order="2.0" />
    <link:loc xlink:type="locator" xlink:href="http://disclosure.edinet-fsa.go.jp/taxonomy/jpigp/2019-11-01/jpigp_cor_2019-11-01.xsd#jpigp_cor_NonCurrentAssetsIFRS" xlink:label="NonCurrentAssetsIFRS" />
    <link:loc xlink:type="locator" xlink:href="http://disclosure.edinet-fsa.go.jp/taxonomy/jpigp/2019-11-01/jpigp_cor_2019-11-01.xsd#jpigp_cor_InvestmentsAccountedForUsingEquityMethodIFRS" xlink:label="InvestmentsAccountedForUsingEquityMethodIFRS" />
    <link:calculationArc xlink:type="arc" weight="1" xlink:arcrole="http://www.xbrl.org/2003/arcrole/summation-item" xlink:from="NonCurrentAssetsIFRS" xlink:to="InvestmentsAccountedForUsingEquityMethodIFRS" order="0.125" />
    <link:loc xlink:type="locator" xlink:href="http://disclosure.edinet-fsa.go.jp/taxonomy/jpigp/2019-11-01/jpigp_cor_2019-11-01.xsd#jpigp_cor_OtherInvestmentsIFRS" xlink:label="OtherInvestmentsIFRS" />
    <link:calculationArc xlink:type="arc" weight="1" xlink:arcrole="http://www.xbrl.org/2003/arcrole/summation-item" xlink:from="NonCurrentAssetsIFRS" xlink:to="OtherInvestmentsIFRS" order="0.1875" />
    <link:loc xlink:type="locator" xlink:href="jpcrp040300-q1r-001_E02497-000_2020-06-30_01_2020-08-12.xsd#jpcrp040300-q1r_E02497-000_LongTermReceivablesNCAIFRS" xlink:label="LongTermReceivablesNCAIFRS" />
    <link:calculationArc xlink:type="arc" weight="1" xlink:arcrole="http://www.xbrl.org/2003/arcrole/summation-item" xlink:from="NonCurrentAssetsIFRS" xlink:to="LongTermReceivablesNCAIFRS" order="0.4296875" />
    <link:loc xlink:type="locator" xlink:href="jpcrp040300-q1r-001_E02497-000_2020-06-30_01_2020-08-12.xsd#jpcrp040300-q1r_E02497-000_LongTermFinancialAssetsOtherThanInvestmentsOrReceivablesNCAIFRS" xlink:label="LongTermFinancialAssetsOtherThanInvestmentsOrReceivablesNCAIFRS" />
    <link:calculationArc xlink:type="arc" weight="1" xlink:arcrole="http://www.xbrl.org/2003/arcrole/summation-item" xlink:from="NonCurrentAssetsIFRS" xlink:to="LongTermFinancialAssetsOtherThanInvestmentsOrReceivablesNCAIFRS" order="0.71484375" />
    <link:loc xlink:type="locator" xlink:href="http://disclosure.edinet-fsa.go.jp/taxonomy/jpigp/2019-11-01/jpigp_cor_2019-11-01.xsd#jpigp_cor_PropertyPlantAndEquipmentIFRS" xlink:label="PropertyPlantAndEquipmentIFRS" />
    <link:calculationArc xlink:type="arc" weight="1" xlink:arcrole="http://www.xbrl.org/2003/arcrole/summation-item" xlink:from="NonCurrentAssetsIFRS" xlink:to="PropertyPlantAndEquipmentIFRS" order="1.0" />
    <link:loc xlink:type="locator" xlink:href="http://disclosure.edinet-fsa.go.jp/taxonomy/jpigp/2019-11-01/jpigp_cor_2019-11-01.xsd#jpigp_cor_InvestmentPropertyIFRS" xlink:label="InvestmentPropertyIFRS" />
    <link:calculationArc xlink:type="arc" weight="1" xlink:arcrole="http://www.xbrl.org/2003/arcrole/summation-item" xlink:from="NonCurrentAssetsIFRS" xlink:to="InvestmentPropertyIFRS" order="5.0" />
    <link:loc xlink:type="locator" xlink:href="http://disclosure.edinet-fsa.go.jp/taxonomy/jpigp/2019-11-01/jpigp_cor_2019-11-01.xsd#jpigp_cor_GoodwillAndIntangibleAssetsIFRS" xlink:label="GoodwillAndIntangibleAssetsIFRS" />
    <link:calculationArc xlink:type="arc" weight="1" xlink:arcrole="http://www.xbrl.org/2003/arcrole/summation-item" xlink:from="NonCurrentAssetsIFRS" xlink:to="GoodwillAndIntangibleAssetsIFRS" order="9.5" />
    <link:loc xlink:type="locator" xlink:href="http://disclosure.edinet-fsa.go.jp/taxonomy/jpigp/2019-11-01/jpigp_cor_2019-11-01.xsd#jpigp_cor_DeferredTaxAssetsIFRS" xlink:label="DeferredTaxAssetsIFRS" />
    <link:calculationArc xlink:type="arc" weight="1" xlink:arcrole="http://www.xbrl.org/2003/arcrole/summation-item" xlink:from="NonCurrentAssetsIFRS" xlink:to="DeferredTaxAssetsIFRS" order="14.0" />
    <link:loc xlink:type="locator" xlink:href="http://disclosure.edinet-fsa.go.jp/taxonomy/jpigp/2019-11-01/jpigp_cor_2019-11-01.xsd#jpigp_cor_OtherNonCurrentAssetsNCAIFRS" xlink:label="OtherNonCurrentAssetsNCAIFRS" />
    <link:calculationArc xlink:type="arc" weight="1" xlink:arcrole="http://www.xbrl.org/2003/arcrole/summation-item" xlink:from="NonCurrentAssetsIFRS" xlink:to="OtherNonCurrentAssetsNCAIFRS" order="16.0" />
    <link:loc xlink:type="locator" xlink:href="http://disclosure.edinet-fsa.go.jp/taxonomy/jpigp/2019-11-01/jpigp_cor_2019-11-01.xsd#jpigp_cor_LiabilitiesAndEquityIFRS" xlink:label="LiabilitiesAndEquityIFRS" />
    <link:loc xlink:type="locator" xlink:href="http://disclosure.edinet-fsa.go.jp/taxonomy/jpigp/2019-11-01/jpigp_cor_2019-11-01.xsd#jpigp_cor_LiabilitiesIFRS" xlink:label="LiabilitiesIFRS_2" />
    <link:calculationArc xlink:type="arc" weight="1" xlink:arcrole="http://www.xbrl.org/2003/arcrole/summation-item" xlink:from="LiabilitiesAndEquityIFRS" xlink:to="LiabilitiesIFRS_2" order="1.0" />
    <link:loc xlink:type="locator" xlink:href="http://disclosure.edinet-fsa.go.jp/taxonomy/jpigp/2019-11-01/jpigp_cor_2019-11-01.xsd#jpigp_cor_LiabilitiesIFRS" xlink:label="LiabilitiesIFRS" />
    <link:loc xlink:type="locator" xlink:href="http://disclosure.edinet-fsa.go.jp/taxonomy/jpigp/2019-11-01/jpigp_cor_2019-11-01.xsd#jpigp_cor_TotalCurrentLiabilitiesIFRS" xlink:label="TotalCurrentLiabilitiesIFRS_2" />
    <link:calculationArc xlink:type="arc" weight="1" xlink:arcrole="http://www.xbrl.org/2003/arcrole/summation-item" xlink:from="LiabilitiesIFRS" xlink:to="TotalCurrentLiabilitiesIFRS_2" order="1.0" />
    <link:loc xlink:type="locator" xlink:href="http://disclosure.edinet-fsa.go.jp/taxonomy/jpigp/2019-11-01/jpigp_cor_2019-11-01.xsd#jpigp_cor_TotalCurrentLiabilitiesIFRS" xlink:label="TotalCurrentLiabilitiesIFRS" />
    <link:loc xlink:type="locator" xlink:href="http://disclosure.edinet-fsa.go.jp/taxonomy/jpigp/2019-11-01/jpigp_cor_2019-11-01.xsd#jpigp_cor_BondsAndBorrowingsCLIFRS" xlink:label="BondsAndBorrowingsCLIFRS" />
    <link:calculationArc xlink:type="arc" weight="1" xlink:arcrole="http://www.xbrl.org/2003/arcrole/summation-item" xlink:from="TotalCurrentLiabilitiesIFRS" xlink:to="BondsAndBorrowingsCLIFRS" order="0.01171875" />
    <link:loc xlink:type="locator" xlink:href="http://disclosure.edinet-fsa.go.jp/taxonomy/jpigp/2019-11-01/jpigp_cor_2019-11-01.xsd#jpigp_cor_LeaseLiabilitiesCLIFRS" xlink:label="LeaseLiabilitiesCLIFRS" />
    <link:calculationArc xlink:type="arc" weight="1" xlink:arcrole="http://www.xbrl.org/2003/arcrole/summation-item" xlink:from="TotalCurrentLiabilitiesIFRS" xlink:to="LeaseLiabilitiesCLIFRS" order="0.021484375" />
    <link:loc xlink:type="locator" xlink:href="http://disclosure.edinet-fsa.go.jp/taxonomy/jpigp/2019-11-01/jpigp_cor_2019-11-01.xsd#jpigp_cor_TradePayablesCLIFRS" xlink:label="TradePayablesCLIFRS" />
    <link:calculationArc xlink:type="arc" weight="1" xlink:arcrole="http://www.xbrl.org/2003/arcrole/summation-item" xlink:from="TotalCurrentLiabilitiesIFRS" xlink:to="TradePayablesCLIFRS" order="0.0498046875" />
    <link:loc xlink:type="locator" xlink:href="jpcrp040300-q1r-001_E02497-000_2020-06-30_01_2020-08-12.xsd#jpcrp040300-q1r_E02497-000_ShortTermPayablesOtherThanTradePayablesCLIFRS" xlink:label="ShortTermPayablesOtherThanTradePayablesCLIFRS" />
    <link:calculationArc xlink:type="arc" weight="1" xlink:arcrole="http://www.xbrl.org/2003/arcrole/summation-item" xlink:from="TotalCurrentLiabilitiesIFRS" xlink:to="ShortTermPayablesOtherThanTradePayablesCLIFRS" order="0.08740234375" />
    <link:loc xlink:type="locator" xlink:href="http://disclosure.edinet-fsa.go.jp/taxonomy/jpigp/2019-11-01/jpigp_cor_2019-11-01.xsd#jpigp_cor_OtherFinancialLiabilitiesCLIFRS" xlink:label="OtherFinancialLiabilitiesCLIFRS" />
    <link:calculationArc xlink:type="arc" weight="1" xlink:arcrole="http://www.xbrl.org/2003/arcrole/summation-item" xlink:from="TotalCurrentLiabilitiesIFRS" xlink:to="OtherFinancialLiabilitiesCLIFRS" order="0.168701171875" />
    <link:loc xlink:type="locator" xlink:href="http://disclosure.edinet-fsa.go.jp/taxonomy/jpigp/2019-11-01/jpigp_cor_2019-11-01.xsd#jpigp_cor_IncomeTaxesPayableCLIFRS" xlink:label="IncomeTaxesPayableCLIFRS" />
    <link:calculationArc xlink:type="arc" weight="1" xlink:arcrole="http://www.xbrl.org/2003/arcrole/summation-item" xlink:from="TotalCurrentLiabilitiesIFRS" xlink:to="IncomeTaxesPayableCLIFRS" order="0.3343505859375" />
    <link:loc xlink:type="locator" xlink:href="http://disclosure.edinet-fsa.go.jp/taxonomy/jpigp/2019-11-01/jpigp_cor_2019-11-01.xsd#jpigp_cor_AdvancesReceivedCLIFRS" xlink:label="AdvancesReceivedCLIFRS" />
    <link:calculationArc xlink:type="arc" weight="1" xlink:arcrole="http://www.xbrl.org/2003/arcrole/summation-item" xlink:from="TotalCurrentLiabilitiesIFRS" xlink:to="AdvancesReceivedCLIFRS" order="0.66717529296875" />
    <link:loc xlink:type="locator" xlink:href="http://disclosure.edinet-fsa.go.jp/taxonomy/jpigp/2019-11-01/jpigp_cor_2019-11-01.xsd#jpigp_cor_OtherCurrentLiabilitiesCLIFRS" xlink:label="OtherCurrentLiabilitiesCLIFRS" />
    <link:calculationArc xlink:type="arc" weight="1" xlink:arcrole="http://www.xbrl.org/2003/arcrole/summation-item" xlink:from="TotalCurrentLiabilitiesIFRS" xlink:to="OtherCurrentLiabilitiesCLIFRS" order="1.66717529296875" />
    <link:loc xlink:type="locator" xlink:href="http://disclosure.edinet-fsa.go.jp/taxonomy/jpigp/2019-11-01/jpigp_cor_2019-11-01.xsd#jpigp_cor_NonCurrentLabilitiesIFRS" xlink:label="NonCurrentLabilitiesIFRS_2" />
    <link:calculationArc xlink:type="arc" weight="1" xlink:arcrole="http://www.xbrl.org/2003/arcrole/summation-item" xlink:from="LiabilitiesIFRS" xlink:to="NonCurrentLabilitiesIFRS_2" order="2.0" />
    <link:loc xlink:type="locator" xlink:href="http://disclosure.edinet-fsa.go.jp/taxonomy/jpigp/2019-11-01/jpigp_cor_2019-11-01.xsd#jpigp_cor_NonCurrentLabilitiesIFRS" xlink:label="NonCurrentLabilitiesIFRS" />
    <link:loc xlink:type="locator" xlink:href="http://disclosure.edinet-fsa.go.jp/taxonomy/jpigp/2019-11-01/jpigp_cor_2019-11-01.xsd#jpigp_cor_RetirementBenefitLiabilityNCLIFRS" xlink:label="RetirementBenefitLiabilityNCLIFRS" />
    <link:calculationArc xlink:type="arc" weight="1" xlink:arcrole="http://www.xbrl.org/2003/arcrole/summation-item" xlink:from="NonCurrentLabilitiesIFRS" xlink:to="RetirementBenefitLiabilityNCLIFRS" order="7.0" />
    <link:loc xlink:type="locator" xlink:href="http://disclosure.edinet-fsa.go.jp/taxonomy/jpigp/2019-11-01/jpigp_cor_2019-11-01.xsd#jpigp_cor_DeferredTaxLiabilitiesIFRS" xlink:label="DeferredTaxLiabilitiesIFRS" />
    <link:calculationArc xlink:type="arc" weight="1" xlink:arcrole="http://www.xbrl.org/2003/arcrole/summation-item" xlink:from="NonCurrentLabilitiesIFRS" xlink:to="DeferredTaxLiabilitiesIFRS" order="9.0" />
    <link:loc xlink:type="locator" xlink:href="http://disclosure.edinet-fsa.go.jp/taxonomy/jpigp/2019-11-01/jpigp_cor_2019-11-01.xsd#jpigp_cor_BondsAndBorrowingsNCLIFRS" xlink:label="BondsAndBorrowingsNCLIFRS" />
    <link:calculationArc xlink:type="arc" weight="1" xlink:arcrole="http://www.xbrl.org/2003/arcrole/summation-item" xlink:from="NonCurrentLabilitiesIFRS" xlink:to="BondsAndBorrowingsNCLIFRS" order="9.375" />
    <link:loc xlink:type="locator" xlink:href="http://disclosure.edinet-fsa.go.jp/taxonomy/jpigp/2019-11-01/jpigp_cor_2019-11-01.xsd#jpigp_cor_LeaseLiabilitiesNCLIFRS" xlink:label="LeaseLiabilitiesNCLIFRS" />
    <link:calculationArc xlink:type="arc" weight="1" xlink:arcrole="http://www.xbrl.org/2003/arcrole/summation-item" xlink:from="NonCurrentLabilitiesIFRS" xlink:to="LeaseLiabilitiesNCLIFRS" order="9.75" />
    <link:loc xlink:type="locator" xlink:href="http://disclosure.edinet-fsa.go.jp/taxonomy/jpigp/2019-11-01/jpigp_cor_2019-11-01.xsd#jpigp_cor_OtherFinancialLiabilitiesNCLIFRS" xlink:label="OtherFinancialLiabilitiesNCLIFRS" />
    <link:calculationArc xlink:type="arc" weight="1" xlink:arcrole="http://www.xbrl.org/2003/arcrole/summation-item" xlink:from="NonCurrentLabilitiesIFRS" xlink:to="OtherFinancialLiabilitiesNCLIFRS" order="10.0" />
    <link:loc xlink:type="locator" xlink:href="http://disclosure.edinet-fsa.go.jp/taxonomy/jpigp/2019-11-01/jpigp_cor_2019-11-01.xsd#jpigp_cor_OtherNonCurrentLiabilitiesNCLIFRS" xlink:label="OtherNonCurrentLiabilitiesNCLIFRS" />
    <link:calculationArc xlink:type="arc" weight="1" xlink:arcrole="http://www.xbrl.org/2003/arcrole/summation-item" xlink:from="NonCurrentLabilitiesIFRS" xlink:to="OtherNonCurrentLiabilitiesNCLIFRS" order="11.0" />
    <link:loc xlink:type="locator" xlink:href="http://disclosure.edinet-fsa.go.jp/taxonomy/jpigp/2019-11-01/jpigp_cor_2019-11-01.xsd#jpigp_cor_EquityIFRS" xlink:label="EquityIFRS_2" />
    <link:calculationArc xlink:type="arc" weight="1" xlink:arcrole="http://www.xbrl.org/2003/arcrole/summation-item" xlink:from="LiabilitiesAndEquityIFRS" xlink:to="EquityIFRS_2" order="2.0" />
    <link:loc xlink:type="locator" xlink:href="http://disclosure.edinet-fsa.go.jp/taxonomy/jpigp/2019-11-01/jpigp_cor_2019-11-01.xsd#jpigp_cor_EquityIFRS" xlink:label="EquityIFRS" />
    <link:loc xlink:type="locator" xlink:href="http://disclosure.edinet-fsa.go.jp/taxonomy/jpigp/2019-11-01/jpigp_cor_2019-11-01.xsd#jpigp_cor_EquityAttributableToOwnersOfParentIFRS" xlink:label="EquityAttributableToOwnersOfParentIFRS_2" />
    <link:calculationArc xlink:type="arc" weight="1" xlink:arcrole="http://www.xbrl.org/2003/arcrole/summation-item" xlink:from="EquityIFRS" xlink:to="EquityAttributableToOwnersOfParentIFRS_2" order="1.0" />
    <link:loc xlink:type="locator" xlink:href="http://disclosure.edinet-fsa.go.jp/taxonomy/jpigp/2019-11-01/jpigp_cor_2019-11-01.xsd#jpigp_cor_EquityAttributableToOwnersOfParentIFRS" xlink:label="EquityAttributableToOwnersOfParentIFRS" />
    <link:loc xlink:type="locator" xlink:href="http://disclosure.edinet-fsa.go.jp/taxonomy/jpigp/2019-11-01/jpigp_cor_2019-11-01.xsd#jpigp_cor_ShareCapitalIFRS" xlink:label="ShareCapitalIFRS" />
    <link:calculationArc xlink:type="arc" weight="1" xlink:arcrole="http://www.xbrl.org/2003/arcrole/summation-item" xlink:from="EquityAttributableToOwnersOfParentIFRS" xlink:to="ShareCapitalIFRS" order="1.0" />
    <link:loc xlink:type="locator" xlink:href="http://disclosure.edinet-fsa.go.jp/taxonomy/jpigp/2019-11-01/jpigp_cor_2019-11-01.xsd#jpigp_cor_CapitalSurplusIFRS" xlink:label="CapitalSurplusIFRS" />
    <link:calculationArc xlink:type="arc" weight="1" xlink:arcrole="http://www.xbrl.org/2003/arcrole/summation-item" xlink:from="EquityAttributableToOwnersOfParentIFRS" xlink:to="CapitalSurplusIFRS" order="2.0" />
    <link:loc xlink:type="locator" xlink:href="http://disclosure.edinet-fsa.go.jp/taxonomy/jpigp/2019-11-01/jpigp_cor_2019-11-01.xsd#jpigp_cor_RetainedEarningsIFRS" xlink:label="RetainedEarningsIFRS" />
    <link:calculationArc xlink:type="arc" weight="1" xlink:arcrole="http://www.xbrl.org/2003/arcrole/summation-item" xlink:from="EquityAttributableToOwnersOfParentIFRS" xlink:to="RetainedEarningsIFRS" order="3.0" />
    <link:loc xlink:type="locator" xlink:href="http://disclosure.edinet-fsa.go.jp/taxonomy/jpigp/2019-11-01/jpigp_cor_2019-11-01.xsd#jpigp_cor_TreasurySharesIFRS" xlink:label="TreasurySharesIFRS" />
    <link:calculationArc xlink:type="arc" weight="1" xlink:arcrole="http://www.xbrl.org/2003/arcrole/summation-item" xlink:from="EquityAttributableToOwnersOfParentIFRS" xlink:to="TreasurySharesIFRS" order="4.0" />
    <link:loc xlink:type="locator" xlink:href="http://disclosure.edinet-fsa.go.jp/taxonomy/jpigp/2019-11-01/jpigp_cor_2019-11-01.xsd#jpigp_cor_OtherComponentsOfEquityIFRS" xlink:label="OtherComponentsOfEquityIFRS_2" />
    <link:calculationArc xlink:type="arc" weight="1" xlink:arcrole="http://www.xbrl.org/2003/arcrole/summation-item" xlink:from="EquityAttributableToOwnersOfParentIFRS" xlink:to="OtherComponentsOfEquityIFRS_2" order="5.0" />
    <link:loc xlink:type="locator" xlink:href="http://disclosure.edinet-fsa.go.jp/taxonomy/jpigp/2019-11-01/jpigp_cor_2019-11-01.xsd#jpigp_cor_OtherComponentsOfEquityIFRS" xlink:label="OtherComponentsOfEquityIFRS" />
    <link:loc xlink:type="locator" xlink:href="http://disclosure.edinet-fsa.go.jp/taxonomy/jpigp/2019-11-01/jpigp_cor_2019-11-01.xsd#jpigp_cor_ExchangeDifferencesOnTranslationOfForeignOperationsEquityIFRS" xlink:label="ExchangeDifferencesOnTranslationOfForeignOperationsEquityIFRS" />
    <link:calculationArc xlink:type="arc" weight="1" xlink:arcrole="http://www.xbrl.org/2003/arcrole/summation-item" xlink:from="OtherComponentsOfEquityIFRS" xlink:to="ExchangeDifferencesOnTranslationOfForeignOperationsEquityIFRS" order="0.25" />
    <link:loc xlink:type="locator" xlink:href="http://disclosure.edinet-fsa.go.jp/taxonomy/jpigp/2019-11-01/jpigp_cor_2019-11-01.xsd#jpigp_cor_FinancialAssetsMeasuredAtFairValueThroughOtherComprehensiveIncomeEquityIFRS" xlink:label="FinancialAssetsMeasuredAtFairValueThroughOtherComprehensiveIncomeEquityIFRS" />
    <link:calculationArc xlink:type="arc" weight="1" xlink:arcrole="http://www.xbrl.org/2003/arcrole/summation-item" xlink:from="OtherComponentsOfEquityIFRS" xlink:to="FinancialAssetsMeasuredAtFairValueThroughOtherComprehensiveIncomeEquityIFRS" order="0.625" />
    <link:loc xlink:type="locator" xlink:href="http://disclosure.edinet-fsa.go.jp/taxonomy/jpigp/2019-11-01/jpigp_cor_2019-11-01.xsd#jpigp_cor_EffectivePortionOfCashFlowHedgesEquityIFRS" xlink:label="EffectivePortionOfCashFlowHedgesEquityIFRS" />
    <link:calculationArc xlink:type="arc" weight="1" xlink:arcrole="http://www.xbrl.org/2003/arcrole/summation-item" xlink:from="OtherComponentsOfEquityIFRS" xlink:to="EffectivePortionOfCashFlowHedgesEquityIFRS" order="1.625" />
    <link:loc xlink:type="locator" xlink:href="http://disclosure.edinet-fsa.go.jp/taxonomy/jpigp/2019-11-01/jpigp_cor_2019-11-01.xsd#jpigp_cor_NonControllingInterestsIFRS" xlink:label="NonControllingInterestsIFRS" />
    <link:calculationArc xlink:type="arc" weight="1" xlink:arcrole="http://www.xbrl.org/2003/arcrole/summation-item" xlink:from="EquityIFRS" xlink:to="NonControllingInterestsIFRS" order="2.0" />
  </link:calculationLink>
  <link:calculationLink xlink:type="extended" xlink:role="http://disclosure.edinet-fsa.go.jp/role/jpigp/rol_CondensedQuarterlyConsolidatedStatementOfCashFlowsIFRS">
    <link:loc xlink:type="locator" xlink:href="http://disclosure.edinet-fsa.go.jp/taxonomy/jpigp/2019-11-01/jpigp_cor_2019-11-01.xsd#jpigp_cor_NetIncreaseDecreaseInCashAndCashEquivalentsBeforeEffectOfExchangeRateChangesIFRS" xlink:label="NetIncreaseDecreaseInCashAndCashEquivalentsBeforeEffectOfExchangeRateChangesIFRS" />
    <link:loc xlink:type="locator" xlink:href="http://disclosure.edinet-fsa.go.jp/taxonomy/jpigp/2019-11-01/jpigp_cor_2019-11-01.xsd#jpigp_cor_NetCashProvidedByUsedInOperatingActivitiesIFRS" xlink:label="NetCashProvidedByUsedInOperatingActivitiesIFRS_2" />
    <link:calculationArc xlink:type="arc" weight="1" xlink:arcrole="http://www.xbrl.org/2003/arcrole/summation-item" xlink:from="NetIncreaseDecreaseInCashAndCashEquivalentsBeforeEffectOfExchangeRateChangesIFRS" xlink:to="NetCashProvidedByUsedInOperatingActivitiesIFRS_2" order="1.0" />
    <link:loc xlink:type="locator" xlink:href="http://disclosure.edinet-fsa.go.jp/taxonomy/jpigp/2019-11-01/jpigp_cor_2019-11-01.xsd#jpigp_cor_NetCashProvidedByUsedInOperatingActivitiesIFRS" xlink:label="NetCashProvidedByUsedInOperatingActivitiesIFRS" />
    <link:loc xlink:type="locator" xlink:href="http://disclosure.edinet-fsa.go.jp/taxonomy/jpigp/2019-11-01/jpigp_cor_2019-11-01.xsd#jpigp_cor_ProfitLossIFRS" xlink:label="ProfitLossIFRS" />
    <link:calculationArc xlink:type="arc" weight="1" xlink:arcrole="http://www.xbrl.org/2003/arcrole/summation-item" xlink:from="NetCashProvidedByUsedInOperatingActivitiesIFRS" xlink:to="ProfitLossIFRS" order="1.0" />
    <link:loc xlink:type="locator" xlink:href="http://disclosure.edinet-fsa.go.jp/taxonomy/jpigp/2019-11-01/jpigp_cor_2019-11-01.xsd#jpigp_cor_DepreciationExpenseOpeCFIFRS" xlink:label="DepreciationExpenseOpeCFIFRS" />
    <link:calculationArc xlink:type="arc" weight="1" xlink:arcrole="http://www.xbrl.org/2003/arcrole/summation-item" xlink:from="NetCashProvidedByUsedInOperatingActivitiesIFRS" xlink:to="DepreciationExpenseOpeCFIFRS" order="2.0" />
    <link:loc xlink:type="locator" xlink:href="http://disclosure.edinet-fsa.go.jp/taxonomy/jpigp/2019-11-01/jpigp_cor_2019-11-01.xsd#jpigp_cor_LossGainOnInvestmentsInSecuritiesOpeCFIFRS" xlink:label="LossGainOnInvestmentsInSecuritiesOpeCFIFRS" />
    <link:calculationArc xlink:type="arc" weight="1" xlink:arcrole="http://www.xbrl.org/2003/arcrole/summation-item" xlink:from="NetCashProvidedByUsedInOperatingActivitiesIFRS" xlink:to="LossGainOnInvestmentsInSecuritiesOpeCFIFRS" order="3.0" />
    <link:loc xlink:type="locator" xlink:href="http://disclosure.edinet-fsa.go.jp/taxonomy/jpigp/2019-11-01/jpigp_cor_2019-11-01.xsd#jpigp_cor_LossGainRelatedToFixedAssetsOpeCFIFRS" xlink:label="LossGainRelatedToFixedAssetsOpeCFIFRS" />
    <link:calculationArc xlink:type="arc" weight="1" xlink:arcrole="http://www.xbrl.org/2003/arcrole/summation-item" xlink:from="NetCashProvidedByUsedInOperatingActivitiesIFRS" xlink:to="LossGainRelatedToFixedAssetsOpeCFIFRS" order="4.0" />
    <link:loc xlink:type="locator" xlink:href="http://disclosure.edinet-fsa.go.jp/taxonomy/jpigp/2019-11-01/jpigp_cor_2019-11-01.xsd#jpigp_cor_FinanceIncomeAndFinanceCostsOpeCFIFRS" xlink:label="FinanceIncomeAndFinanceCostsOpeCFIFRS" />
    <link:calculationArc xlink:type="arc" weight="1" xlink:arcrole="http://www.xbrl.org/2003/arcrole/summation-item" xlink:from="NetCashProvidedByUsedInOperatingActivitiesIFRS" xlink:to="FinanceIncomeAndFinanceCostsOpeCFIFRS" order="5.0" />
    <link:loc xlink:type="locator" xlink:href="http://disclosure.edinet-fsa.go.jp/taxonomy/jpigp/2019-11-01/jpigp_cor_2019-11-01.xsd#jpigp_cor_ShareOfLossProfitOfInvestmentsAccountedForUsingEquityMethodOpeCFIFRS" xlink:label="ShareOfLossProfitOfInvestmentsAccountedForUsingEquityMethodOpeCFIFRS" />
    <link:calculationArc xlink:type="arc" weight="1" xlink:arcrole="http://www.xbrl.org/2003/arcrole/summation-item" xlink:from="NetCashProvidedByUsedInOperatingActivitiesIFRS" xlink:to="ShareOfLossProfitOfInvestmentsAccountedForUsingEquityMethodOpeCFIFRS" order="6.0" />
    <link:loc xlink:type="locator" xlink:href="http://disclosure.edinet-fsa.go.jp/taxonomy/jpigp/2019-11-01/jpigp_cor_2019-11-01.xsd#jpigp_cor_IncomeTaxExpenseOpeCFIFRS" xlink:label="IncomeTaxExpenseOpeCFIFRS" />
    <link:calculationArc xlink:type="arc" weight="1" xlink:arcrole="http://www.xbrl.org/2003/arcrole/summation-item" xlink:from="NetCashProvidedByUsedInOperatingActivitiesIFRS" xlink:to="IncomeTaxExpenseOpeCFIFRS" order="7.0" />
    <link:loc xlink:type="locator" xlink:href="jpcrp040300-q1r-001_E02497-000_2020-06-30_01_2020-08-12.xsd#jpcrp040300-q1r_E02497-000_ProvisionForDoubtfulAccountsAndOtherProvisionsOpeCFIFRS" xlink:label="ProvisionForDoubtfulAccountsAndOtherProvisionsOpeCFIFRS" />
    <link:calculationArc xlink:type="arc" weight="1" xlink:arcrole="http://www.xbrl.org/2003/arcrole/summation-item" xlink:from="NetCashProvidedByUsedInOperatingActivitiesIFRS" xlink:to="ProvisionForDoubtfulAccountsAndOtherProvisionsOpeCFIFRS" order="8.0" />
    <link:loc xlink:type="locator" xlink:href="http://disclosure.edinet-fsa.go.jp/taxonomy/jpigp/2019-11-01/jpigp_cor_2019-11-01.xsd#jpigp_cor_DecreaseIncreaseInTradeReceivablesOpeCFIFRS" xlink:label="DecreaseIncreaseInTradeReceivablesOpeCFIFRS" />
    <link:calculationArc xlink:type="arc" weight="1" xlink:arcrole="http://www.xbrl.org/2003/arcrole/summation-item" xlink:from="NetCashProvidedByUsedInOperatingActivitiesIFRS" xlink:to="DecreaseIncreaseInTradeReceivablesOpeCFIFRS" order="9.0" />
    <link:loc xlink:type="locator" xlink:href="http://disclosure.edinet-fsa.go.jp/taxonomy/jpigp/2019-11-01/jpigp_cor_2019-11-01.xsd#jpigp_cor_DecreaseIncreaseInInventoriesOpeCFIFRS" xlink:label="DecreaseIncreaseInInventoriesOpeCFIFRS" />
    <link:calculationArc xlink:type="arc" weight="1" xlink:arcrole="http://www.xbrl.org/2003/arcrole/summation-item" xlink:from="NetCashProvidedByUsedInOperatingActivitiesIFRS" xlink:to="DecreaseIncreaseInInventoriesOpeCFIFRS" order="10.0" />
    <link:loc xlink:type="locator" xlink:href="http://disclosure.edinet-fsa.go.jp/taxonomy/jpigp/2019-11-01/jpigp_cor_2019-11-01.xsd#jpigp_cor_IncreaseDecreaseInTradePayablesOpeCFIFRS" xlink:label="IncreaseDecreaseInTradePayablesOpeCFIFRS" />
    <link:calculationArc xlink:type="arc" weight="1" xlink:arcrole="http://www.xbrl.org/2003/arcrole/summation-item" xlink:from="NetCashProvidedByUsedInOperatingActivitiesIFRS" xlink:to="IncreaseDecreaseInTradePayablesOpeCFIFRS" order="11.0" />
    <link:loc xlink:type="locator" xlink:href="http://disclosure.edinet-fsa.go.jp/taxonomy/jpigp/2019-11-01/jpigp_cor_2019-11-01.xsd#jpigp_cor_OtherChangesInWorkingCapitalOpeCFIFRS" xlink:label="OtherChangesInWorkingCapitalOpeCFIFRS" />
    <link:calculationArc xlink:type="arc" weight="1" xlink:arcrole="http://www.xbrl.org/2003/arcrole/summation-item" xlink:from="NetCashProvidedByUsedInOperatingActivitiesIFRS" xlink:to="OtherChangesInWorkingCapitalOpeCFIFRS" order="12.0" />
    <link:loc xlink:type="locator" xlink:href="http://disclosure.edinet-fsa.go.jp/taxonomy/jpigp/2019-11-01/jpigp_cor_2019-11-01.xsd#jpigp_cor_InterestReceivedOpeCFIFRS" xlink:label="InterestReceivedOpeCFIFRS" />
    <link:calculationArc xlink:type="arc" weight="1" xlink:arcrole="http://www.xbrl.org/2003/arcrole/summation-item" xlink:from="NetCashProvidedByUsedInOperatingActivitiesIFRS" xlink:to="InterestReceivedOpeCFIFRS" order="13.0" />
    <link:loc xlink:type="locator" xlink:href="http://disclosure.edinet-fsa.go.jp/taxonomy/jpigp/2019-11-01/jpigp_cor_2019-11-01.xsd#jpigp_cor_DividendsReceivedOpeCFIFRS" xlink:label="DividendsReceivedOpeCFIFRS" />
    <link:calculationArc xlink:type="arc" weight="1" xlink:arcrole="http://www.xbrl.org/2003/arcrole/summation-item" xlink:from="NetCashProvidedByUsedInOperatingActivitiesIFRS" xlink:to="DividendsReceivedOpeCFIFRS" order="14.0" />
    <link:loc xlink:type="locator" xlink:href="http://disclosure.edinet-fsa.go.jp/taxonomy/jpigp/2019-11-01/jpigp_cor_2019-11-01.xsd#jpigp_cor_InterestPaidOpeCFIFRS" xlink:label="InterestPaidOpeCFIFRS" />
    <link:calculationArc xlink:type="arc" weight="1" xlink:arcrole="http://www.xbrl.org/2003/arcrole/summation-item" xlink:from="NetCashProvidedByUsedInOperatingActivitiesIFRS" xlink:to="InterestPaidOpeCFIFRS" order="15.0" />
    <link:loc xlink:type="locator" xlink:href="http://disclosure.edinet-fsa.go.jp/taxonomy/jpigp/2019-11-01/jpigp_cor_2019-11-01.xsd#jpigp_cor_IncomeTaxesRefundPaidOpeCFIFRS" xlink:label="IncomeTaxesRefundPaidOpeCFIFRS" />
    <link:calculationArc xlink:type="arc" weight="1" xlink:arcrole="http://www.xbrl.org/2003/arcrole/summation-item" xlink:from="NetCashProvidedByUsedInOperatingActivitiesIFRS" xlink:to="IncomeTaxesRefundPaidOpeCFIFRS" order="16.0" />
    <link:loc xlink:type="locator" xlink:href="http://disclosure.edinet-fsa.go.jp/taxonomy/jpigp/2019-11-01/jpigp_cor_2019-11-01.xsd#jpigp_cor_NetCashProvidedByUsedInInvestingActivitiesIFRS" xlink:label="NetCashProvidedByUsedInInvestingActivitiesIFRS_2" />
    <link:calculationArc xlink:type="arc" weight="1" xlink:arcrole="http://www.xbrl.org/2003/arcrole/summation-item" xlink:from="NetIncreaseDecreaseInCashAndCashEquivalentsBeforeEffectOfExchangeRateChangesIFRS" xlink:to="NetCashProvidedByUsedInInvestingActivitiesIFRS_2" order="2.0" />
    <link:loc xlink:type="locator" xlink:href="http://disclosure.edinet-fsa.go.jp/taxonomy/jpigp/2019-11-01/jpigp_cor_2019-11-01.xsd#jpigp_cor_NetCashProvidedByUsedInInvestingActivitiesIFRS" xlink:label="NetCashProvidedByUsedInInvestingActivitiesIFRS" />
    <link:loc xlink:type="locator" xlink:href="http://disclosure.edinet-fsa.go.jp/taxonomy/jpigp/2019-11-01/jpigp_cor_2019-11-01.xsd#jpigp_cor_PurchaseOfInvestmentsAccountedForUsingEquityMethodInvCFIFRS" xlink:label="PurchaseOfInvestmentsAccountedForUsingEquityMethodInvCFIFRS" />
    <link:calculationArc xlink:type="arc" weight="1" xlink:arcrole="http://www.xbrl.org/2003/arcrole/summation-item" xlink:from="NetCashProvidedByUsedInInvestingActivitiesIFRS" xlink:to="PurchaseOfInvestmentsAccountedForUsingEquityMethodInvCFIFRS" order="1.0" />
    <link:loc xlink:type="locator" xlink:href="http://disclosure.edinet-fsa.go.jp/taxonomy/jpigp/2019-11-01/jpigp_cor_2019-11-01.xsd#jpigp_cor_ProceedsFromSaleOfInvestmentsAccountedForUsingEquityMethodInvCFIFRS" xlink:label="ProceedsFromSaleOfInvestmentsAccountedForUsingEquityMethodInvCFIFRS" />
    <link:calculationArc xlink:type="arc" weight="1" xlink:arcrole="http://www.xbrl.org/2003/arcrole/summation-item" xlink:from="NetCashProvidedByUsedInInvestingActivitiesIFRS" xlink:to="ProceedsFromSaleOfInvestmentsAccountedForUsingEquityMethodInvCFIFRS" order="2.0" />
    <link:loc xlink:type="locator" xlink:href="http://disclosure.edinet-fsa.go.jp/taxonomy/jpigp/2019-11-01/jpigp_cor_2019-11-01.xsd#jpigp_cor_PurchaseOfOtherInvestmentsInvCFIFRS" xlink:label="PurchaseOfOtherInvestmentsInvCFIFRS" />
    <link:calculationArc xlink:type="arc" weight="1" xlink:arcrole="http://www.xbrl.org/2003/arcrole/summation-item" xlink:from="NetCashProvidedByUsedInInvestingActivitiesIFRS" xlink:to="PurchaseOfOtherInvestmentsInvCFIFRS" order="3.0" />
    <link:loc xlink:type="locator" xlink:href="http://disclosure.edinet-fsa.go.jp/taxonomy/jpigp/2019-11-01/jpigp_cor_2019-11-01.xsd#jpigp_cor_ProceedsFromSaleOfOtherInvestmentsInvCFIFRS" xlink:label="ProceedsFromSaleOfOtherInvestmentsInvCFIFRS" />
    <link:calculationArc xlink:type="arc" weight="1" xlink:arcrole="http://www.xbrl.org/2003/arcrole/summation-item" xlink:from="NetCashProvidedByUsedInInvestingActivitiesIFRS" xlink:to="ProceedsFromSaleOfOtherInvestmentsInvCFIFRS" order="4.0" />
    <link:loc xlink:type="locator" xlink:href="http://disclosure.edinet-fsa.go.jp/taxonomy/jpigp/2019-11-01/jpigp_cor_2019-11-01.xsd#jpigp_cor_PaymentsForLoansReceivableInvCFIFRS" xlink:label="PaymentsForLoansReceivableInvCFIFRS" />
    <link:calculationArc xlink:type="arc" weight="1" xlink:arcrole="http://www.xbrl.org/2003/arcrole/summation-item" xlink:from="NetCashProvidedByUsedInInvestingActivitiesIFRS" xlink:to="PaymentsForLoansReceivableInvCFIFRS" order="6.0" />
    <link:loc xlink:type="locator" xlink:href="http://disclosure.edinet-fsa.go.jp/taxonomy/jpigp/2019-11-01/jpigp_cor_2019-11-01.xsd#jpigp_cor_CollectionOfLoansReceivableInvCFIFRS" xlink:label="CollectionOfLoansReceivableInvCFIFRS" />
    <link:calculationArc xlink:type="arc" weight="1" xlink:arcrole="http://www.xbrl.org/2003/arcrole/summation-item" xlink:from="NetCashProvidedByUsedInInvestingActivitiesIFRS" xlink:to="CollectionOfLoansReceivableInvCFIFRS" order="7.0" />
    <link:loc xlink:type="locator" xlink:href="http://disclosure.edinet-fsa.go.jp/taxonomy/jpigp/2019-11-01/jpigp_cor_2019-11-01.xsd#jpigp_cor_PurchaseOfPropertyPlantAndEquipmentInvCFIFRS" xlink:label="PurchaseOfPropertyPlantAndEquipmentInvCFIFRS" />
    <link:calculationArc xlink:type="arc" weight="1" xlink:arcrole="http://www.xbrl.org/2003/arcrole/summation-item" xlink:from="NetCashProvidedByUsedInInvestingActivitiesIFRS" xlink:to="PurchaseOfPropertyPlantAndEquipmentInvCFIFRS" order="8.0" />
    <link:loc xlink:type="locator" xlink:href="http://disclosure.edinet-fsa.go.jp/taxonomy/jpigp/2019-11-01/jpigp_cor_2019-11-01.xsd#jpigp_cor_ProceedsFromSaleOfPropertyPlantAndEquipmentInvCFIFRS" xlink:label="ProceedsFromSaleOfPropertyPlantAndEquipmentInvCFIFRS" />
    <link:calculationArc xlink:type="arc" weight="1" xlink:arcrole="http://www.xbrl.org/2003/arcrole/summation-item" xlink:from="NetCashProvidedByUsedInInvestingActivitiesIFRS" xlink:to="ProceedsFromSaleOfPropertyPlantAndEquipmentInvCFIFRS" order="9.0" />
    <link:loc xlink:type="locator" xlink:href="http://disclosure.edinet-fsa.go.jp/taxonomy/jpigp/2019-11-01/jpigp_cor_2019-11-01.xsd#jpigp_cor_NetDecreaseIncreaseInTimeDepositsInvCFIFRS" xlink:label="NetDecreaseIncreaseInTimeDepositsInvCFIFRS" />
    <link:calculationArc xlink:type="arc" weight="1" xlink:arcrole="http://www.xbrl.org/2003/arcrole/summation-item" xlink:from="NetCashProvidedByUsedInInvestingActivitiesIFRS" xlink:to="NetDecreaseIncreaseInTimeDepositsInvCFIFRS" order="10.0" />
    <link:loc xlink:type="locator" xlink:href="http://disclosure.edinet-fsa.go.jp/taxonomy/jpigp/2019-11-01/jpigp_cor_2019-11-01.xsd#jpigp_cor_NetCashProvidedByUsedInFinancingActivitiesIFRS" xlink:label="NetCashProvidedByUsedInFinancingActivitiesIFRS_2" />
    <link:calculationArc xlink:type="arc" weight="1" xlink:arcrole="http://www.xbrl.org/2003/arcrole/summation-item" xlink:from="NetIncreaseDecreaseInCashAndCashEquivalentsBeforeEffectOfExchangeRateChangesIFRS" xlink:to="NetCashProvidedByUsedInFinancingActivitiesIFRS_2" order="3.0" />
    <link:loc xlink:type="locator" xlink:href="http://disclosure.edinet-fsa.go.jp/taxonomy/jpigp/2019-11-01/jpigp_cor_2019-11-01.xsd#jpigp_cor_NetCashProvidedByUsedInFinancingActivitiesIFRS" xlink:label="NetCashProvidedByUsedInFinancingActivitiesIFRS" />
    <link:loc xlink:type="locator" xlink:href="jpcrp040300-q1r-001_E02497-000_2020-06-30_01_2020-08-12.xsd#jpcrp040300-q1r_E02497-000_ProceedsFromIssuanceOfBondsAndBorrowingsFinCFIFRS" xlink:label="ProceedsFromIssuanceOfBondsAndBorrowingsFinCFIFRS" />
    <link:calculationArc xlink:type="arc" weight="1" xlink:arcrole="http://www.xbrl.org/2003/arcrole/summation-item" xlink:from="NetCashProvidedByUsedInFinancingActivitiesIFRS" xlink:to="ProceedsFromIssuanceOfBondsAndBorrowingsFinCFIFRS" order="1.0" />
    <link:loc xlink:type="locator" xlink:href="jpcrp040300-q1r-001_E02497-000_2020-06-30_01_2020-08-12.xsd#jpcrp040300-q1r_E02497-000_RedemptionOfBondsAndRepaymentsOfBorrowingsFinCFIFRS" xlink:label="RedemptionOfBondsAndRepaymentsOfBorrowingsFinCFIFRS" />
    <link:calculationArc xlink:type="arc" weight="1" xlink:arcrole="http://www.xbrl.org/2003/arcrole/summation-item" xlink:from="NetCashProvidedByUsedInFinancingActivitiesIFRS" xlink:to="RedemptionOfBondsAndRepaymentsOfBorrowingsFinCFIFRS" order="1.75" />
    <link:loc xlink:type="locator" xlink:href="http://disclosure.edinet-fsa.go.jp/taxonomy/jpigp/2019-11-01/jpigp_cor_2019-11-01.xsd#jpigp_cor_RepaymentsOfLeaseObligationsFinCFIFRS" xlink:label="RepaymentsOfLeaseObligationsFinCFIFRS" />
    <link:calculationArc xlink:type="arc" weight="1" xlink:arcrole="http://www.xbrl.org/2003/arcrole/summation-item" xlink:from="NetCashProvidedByUsedInFinancingActivitiesIFRS" xlink:to="RepaymentsOfLeaseObligationsFinCFIFRS" order="2.5" />
    <link:loc xlink:type="locator" xlink:href="http://disclosure.edinet-fsa.go.jp/taxonomy/jpigp/2019-11-01/jpigp_cor_2019-11-01.xsd#jpigp_cor_NetIncreaseDecreaseInShortTermBorrowingsFinCFIFRS" xlink:label="NetIncreaseDecreaseInShortTermBorrowingsFinCFIFRS" />
    <link:calculationArc xlink:type="arc" weight="1" xlink:arcrole="http://www.xbrl.org/2003/arcrole/summation-item" xlink:from="NetCashProvidedByUsedInFinancingActivitiesIFRS" xlink:to="NetIncreaseDecreaseInShortTermBorrowingsFinCFIFRS" order="3.0" />
    <link:loc xlink:type="locator" xlink:href="jpcrp040300-q1r-001_E02497-000_2020-06-30_01_2020-08-12.xsd#jpcrp040300-q1r_E02497-000_NetChangeInAcquisitionSaleOfInterestsInSubsidiariesFromNonControllingInterestsFinCFIFRS" xlink:label="NetChangeInAcquisitionSaleOfInterestsInSubsidiariesFromNonControllingInterestsFinCFIFRS" />
    <link:calculationArc xlink:type="arc" weight="1" xlink:arcrole="http://www.xbrl.org/2003/arcrole/summation-item" xlink:from="NetCashProvidedByUsedInFinancingActivitiesIFRS" xlink:to="NetChangeInAcquisitionSaleOfInterestsInSubsidiariesFromNonControllingInterestsFinCFIFRS" order="4.0" />
    <link:loc xlink:type="locator" xlink:href="http://disclosure.edinet-fsa.go.jp/taxonomy/jpigp/2019-11-01/jpigp_cor_2019-11-01.xsd#jpigp_cor_DividendsPaidToOwnersOfParentFinCFIFRS" xlink:label="DividendsPaidToOwnersOfParentFinCFIFRS" />
    <link:calculationArc xlink:type="arc" weight="1" xlink:arcrole="http://www.xbrl.org/2003/arcrole/summation-item" xlink:from="NetCashProvidedByUsedInFinancingActivitiesIFRS" xlink:to="DividendsPaidToOwnersOfParentFinCFIFRS" order="5.0" />
    <link:loc xlink:type="locator" xlink:href="http://disclosure.edinet-fsa.go.jp/taxonomy/jpigp/2019-11-01/jpigp_cor_2019-11-01.xsd#jpigp_cor_DividendsPaidToNonControllingInterestsFinCFIFRS" xlink:label="DividendsPaidToNonControllingInterestsFinCFIFRS" />
    <link:calculationArc xlink:type="arc" weight="1" xlink:arcrole="http://www.xbrl.org/2003/arcrole/summation-item" xlink:from="NetCashProvidedByUsedInFinancingActivitiesIFRS" xlink:to="DividendsPaidToNonControllingInterestsFinCFIFRS" order="6.0" />
    <link:loc xlink:type="locator" xlink:href="http://disclosure.edinet-fsa.go.jp/taxonomy/jpigp/2019-11-01/jpigp_cor_2019-11-01.xsd#jpigp_cor_NetDecreaseIncreaseInTreasurySharesFinCFIFRS" xlink:label="NetDecreaseIncreaseInTreasurySharesFinCFIFRS" />
    <link:calculationArc xlink:type="arc" weight="1" xlink:arcrole="http://www.xbrl.org/2003/arcrole/summation-item" xlink:from="NetCashProvidedByUsedInFinancingActivitiesIFRS" xlink:to="NetDecreaseIncreaseInTreasurySharesFinCFIFRS" order="7.0" />
  </link:calculationLink>
  <link:calculationLink xlink:type="extended" xlink:role="http://disclosure.edinet-fsa.go.jp/role/jpigp/rol_CondensedQuarterlyConsolidatedStatementOfChangesInEquityIFRS">
    <link:loc xlink:type="locator" xlink:href="http://disclosure.edinet-fsa.go.jp/taxonomy/jpigp/2019-11-01/jpigp_cor_2019-11-01.xsd#jpigp_cor_ComprehensiveIncomeIFRS" xlink:label="ComprehensiveIncomeIFRS" />
    <link:loc xlink:type="locator" xlink:href="http://disclosure.edinet-fsa.go.jp/taxonomy/jpigp/2019-11-01/jpigp_cor_2019-11-01.xsd#jpigp_cor_ProfitLossIFRS" xlink:label="ProfitLossIFRS" />
    <link:calculationArc xlink:type="arc" weight="1" xlink:arcrole="http://www.xbrl.org/2003/arcrole/summation-item" xlink:from="ComprehensiveIncomeIFRS" xlink:to="ProfitLossIFRS" order="1.0" />
    <link:loc xlink:type="locator" xlink:href="http://disclosure.edinet-fsa.go.jp/taxonomy/jpigp/2019-11-01/jpigp_cor_2019-11-01.xsd#jpigp_cor_OtherComprehensiveIncomeIFRS" xlink:label="OtherComprehensiveIncomeIFRS" />
    <link:calculationArc xlink:type="arc" weight="1" xlink:arcrole="http://www.xbrl.org/2003/arcrole/summation-item" xlink:from="ComprehensiveIncomeIFRS" xlink:to="OtherComprehensiveIncomeIFRS" order="2.0" />
  </link:calculationLink>
  <link:calculationLink xlink:type="extended" xlink:role="http://disclosure.edinet-fsa.go.jp/role/jpigp/rol_CondensedYearToQuarterEndConsolidatedStatementOfComprehensiveIncomeSingleStatementIFRS">
    <link:loc xlink:type="locator" xlink:href="http://disclosure.edinet-fsa.go.jp/taxonomy/jpigp/2019-11-01/jpigp_cor_2019-11-01.xsd#jpigp_cor_ComprehensiveIncomeIFRS" xlink:label="ComprehensiveIncomeIFRS" />
    <link:loc xlink:type="locator" xlink:href="http://disclosure.edinet-fsa.go.jp/taxonomy/jpigp/2019-11-01/jpigp_cor_2019-11-01.xsd#jpigp_cor_ProfitLossIFRS" xlink:label="ProfitLossIFRS_2" />
    <link:calculationArc xlink:type="arc" weight="1" xlink:arcrole="http://www.xbrl.org/2003/arcrole/summation-item" xlink:from="ComprehensiveIncomeIFRS" xlink:to="ProfitLossIFRS_2" order="0.125" />
    <link:loc xlink:type="locator" xlink:href="http://disclosure.edinet-fsa.go.jp/taxonomy/jpigp/2019-11-01/jpigp_cor_2019-11-01.xsd#jpigp_cor_ProfitLossIFRS" xlink:label="ProfitLossIFRS" />
    <link:loc xlink:type="locator" xlink:href="http://disclosure.edinet-fsa.go.jp/taxonomy/jpigp/2019-11-01/jpigp_cor_2019-11-01.xsd#jpigp_cor_IncomeTaxExpenseIFRS" xlink:label="IncomeTaxExpenseIFRS" />
    <link:calculationArc xlink:type="arc" weight="-1" xlink:arcrole="http://www.xbrl.org/2003/arcrole/summation-item" xlink:from="ProfitLossIFRS" xlink:to="IncomeTaxExpenseIFRS" order="0.5" />
    <link:loc xlink:type="locator" xlink:href="http://disclosure.edinet-fsa.go.jp/taxonomy/jpigp/2019-11-01/jpigp_cor_2019-11-01.xsd#jpigp_cor_ProfitLossBeforeTaxIFRS" xlink:label="ProfitLossBeforeTaxIFRS_2" />
    <link:calculationArc xlink:type="arc" weight="1" xlink:arcrole="http://www.xbrl.org/2003/arcrole/summation-item" xlink:from="ProfitLossIFRS" xlink:to="ProfitLossBeforeTaxIFRS_2" order="1.5" />
    <link:loc xlink:type="locator" xlink:href="http://disclosure.edinet-fsa.go.jp/taxonomy/jpigp/2019-11-01/jpigp_cor_2019-11-01.xsd#jpigp_cor_ProfitLossBeforeTaxIFRS" xlink:label="ProfitLossBeforeTaxIFRS" />
    <link:loc xlink:type="locator" xlink:href="http://disclosure.edinet-fsa.go.jp/taxonomy/jpigp/2019-11-01/jpigp_cor_2019-11-01.xsd#jpigp_cor_GrossProfitIFRS" xlink:label="GrossProfitIFRS_2" />
    <link:calculationArc xlink:type="arc" weight="1" xlink:arcrole="http://www.xbrl.org/2003/arcrole/summation-item" xlink:from="ProfitLossBeforeTaxIFRS" xlink:to="GrossProfitIFRS_2" order="1.0" />
    <link:loc xlink:type="locator" xlink:href="http://disclosure.edinet-fsa.go.jp/taxonomy/jpigp/2019-11-01/jpigp_cor_2019-11-01.xsd#jpigp_cor_GrossProfitIFRS" xlink:label="GrossProfitIFRS" />
    <link:loc xlink:type="locator" xlink:href="http://disclosure.edinet-fsa.go.jp/taxonomy/jpigp/2019-11-01/jpigp_cor_2019-11-01.xsd#jpigp_cor_Revenue2IFRS" xlink:label="Revenue2IFRS_2" />
    <link:calculationArc xlink:type="arc" weight="1" xlink:arcrole="http://www.xbrl.org/2003/arcrole/summation-item" xlink:from="GrossProfitIFRS" xlink:to="Revenue2IFRS_2" order="1.0" />
    <link:loc xlink:type="locator" xlink:href="http://disclosure.edinet-fsa.go.jp/taxonomy/jpigp/2019-11-01/jpigp_cor_2019-11-01.xsd#jpigp_cor_Revenue2IFRS" xlink:label="Revenue2IFRS" />
    <link:loc xlink:type="locator" xlink:href="jpcrp040300-q1r-001_E02497-000_2020-06-30_01_2020-08-12.xsd#jpcrp040300-q1r_E02497-000_RevenuesFromSaleOfGoodsRevenue2IFRS" xlink:label="RevenuesFromSaleOfGoodsRevenue2IFRS" />
    <link:calculationArc xlink:type="arc" weight="1" xlink:arcrole="http://www.xbrl.org/2003/arcrole/summation-item" xlink:from="Revenue2IFRS" xlink:to="RevenuesFromSaleOfGoodsRevenue2IFRS" order="1.0" />
    <link:loc xlink:type="locator" xlink:href="jpcrp040300-q1r-001_E02497-000_2020-06-30_01_2020-08-12.xsd#jpcrp040300-q1r_E02497-000_RevenuesOfRenderingOfServicesAndRoyaltiesRevenue2IFRS" xlink:label="RevenuesOfRenderingOfServicesAndRoyaltiesRevenue2IFRS" />
    <link:calculationArc xlink:type="arc" weight="1" xlink:arcrole="http://www.xbrl.org/2003/arcrole/summation-item" xlink:from="Revenue2IFRS" xlink:to="RevenuesOfRenderingOfServicesAndRoyaltiesRevenue2IFRS" order="2.0" />
    <link:loc xlink:type="locator" xlink:href="http://disclosure.edinet-fsa.go.jp/taxonomy/jpigp/2019-11-01/jpigp_cor_2019-11-01.xsd#jpigp_cor_CostOfSalesIFRS" xlink:label="CostOfSalesIFRS_2" />
    <link:calculationArc xlink:type="arc" weight="-1" xlink:arcrole="http://www.xbrl.org/2003/arcrole/summation-item" xlink:from="GrossProfitIFRS" xlink:to="CostOfSalesIFRS_2" order="2.0" />
    <link:loc xlink:type="locator" xlink:href="http://disclosure.edinet-fsa.go.jp/taxonomy/jpigp/2019-11-01/jpigp_cor_2019-11-01.xsd#jpigp_cor_CostOfSalesIFRS" xlink:label="CostOfSalesIFRS" />
    <link:loc xlink:type="locator" xlink:href="jpcrp040300-q1r-001_E02497-000_2020-06-30_01_2020-08-12.xsd#jpcrp040300-q1r_E02497-000_CostOfSaleOfGoodsCostOfSalesIFRS" xlink:label="CostOfSaleOfGoodsCostOfSalesIFRS" />
    <link:calculationArc xlink:type="arc" weight="1" xlink:arcrole="http://www.xbrl.org/2003/arcrole/summation-item" xlink:from="CostOfSalesIFRS" xlink:to="CostOfSaleOfGoodsCostOfSalesIFRS" order="1.0" />
    <link:loc xlink:type="locator" xlink:href="jpcrp040300-q1r-001_E02497-000_2020-06-30_01_2020-08-12.xsd#jpcrp040300-q1r_E02497-000_CostOfRenderingOfServicesAndRoyaltiesCostOfSalesIFRS" xlink:label="CostOfRenderingOfServicesAndRoyaltiesCostOfSalesIFRS" />
    <link:calculationArc xlink:type="arc" weight="1" xlink:arcrole="http://www.xbrl.org/2003/arcrole/summation-item" xlink:from="CostOfSalesIFRS" xlink:to="CostOfRenderingOfServicesAndRoyaltiesCostOfSalesIFRS" order="2.0" />
    <link:loc xlink:type="locator" xlink:href="http://disclosure.edinet-fsa.go.jp/taxonomy/jpigp/2019-11-01/jpigp_cor_2019-11-01.xsd#jpigp_cor_OtherIncomeAndExpensesNetIFRS" xlink:label="OtherIncomeAndExpensesNetIFRS_2" />
    <link:calculationArc xlink:type="arc" weight="1" xlink:arcrole="http://www.xbrl.org/2003/arcrole/summation-item" xlink:from="ProfitLossBeforeTaxIFRS" xlink:to="OtherIncomeAndExpensesNetIFRS_2" order="2.0" />
    <link:loc xlink:type="locator" xlink:href="http://disclosure.edinet-fsa.go.jp/taxonomy/jpigp/2019-11-01/jpigp_cor_2019-11-01.xsd#jpigp_cor_OtherIncomeAndExpensesNetIFRS" xlink:label="OtherIncomeAndExpensesNetIFRS" />
    <link:loc xlink:type="locator" xlink:href="http://disclosure.edinet-fsa.go.jp/taxonomy/jpigp/2019-11-01/jpigp_cor_2019-11-01.xsd#jpigp_cor_SellingGeneralAndAdministrativeExpensesIFRS" xlink:label="SellingGeneralAndAdministrativeExpensesIFRS" />
    <link:calculationArc xlink:type="arc" weight="-1" xlink:arcrole="http://www.xbrl.org/2003/arcrole/summation-item" xlink:from="OtherIncomeAndExpensesNetIFRS" xlink:to="SellingGeneralAndAdministrativeExpensesIFRS" order="1.0" />
    <link:loc xlink:type="locator" xlink:href="jpcrp040300-q1r-001_E02497-000_2020-06-30_01_2020-08-12.xsd#jpcrp040300-q1r_E02497-000_ProvisionForDoubtfulAccountsOtherGainsLossesIFRS" xlink:label="ProvisionForDoubtfulAccountsOtherGainsLossesIFRS" />
    <link:calculationArc xlink:type="arc" weight="-1" xlink:arcrole="http://www.xbrl.org/2003/arcrole/summation-item" xlink:from="OtherIncomeAndExpensesNetIFRS" xlink:to="ProvisionForDoubtfulAccountsOtherGainsLossesIFRS" order="2.0" />
    <link:loc xlink:type="locator" xlink:href="jpcrp040300-q1r-001_E02497-000_2020-06-30_01_2020-08-12.xsd#jpcrp040300-q1r_E02497-000_GainsOnInvestmentsOtherGainsLossesIFRS" xlink:label="GainsOnInvestmentsOtherGainsLossesIFRS" />
    <link:calculationArc xlink:type="arc" weight="1" xlink:arcrole="http://www.xbrl.org/2003/arcrole/summation-item" xlink:from="OtherIncomeAndExpensesNetIFRS" xlink:to="GainsOnInvestmentsOtherGainsLossesIFRS" order="3.0" />
    <link:loc xlink:type="locator" xlink:href="jpcrp040300-q1r-001_E02497-000_2020-06-30_01_2020-08-12.xsd#jpcrp040300-q1r_E02497-000_GainsOnPropertyPlantEquipmentAndIntangibleAssetsOtherGainsLossesIFRS" xlink:label="GainsOnPropertyPlantEquipmentAndIntangibleAssetsOtherGainsLossesIFRS" />
    <link:calculationArc xlink:type="arc" weight="1" xlink:arcrole="http://www.xbrl.org/2003/arcrole/summation-item" xlink:from="OtherIncomeAndExpensesNetIFRS" xlink:to="GainsOnPropertyPlantEquipmentAndIntangibleAssetsOtherGainsLossesIFRS" order="4.0" />
    <link:loc xlink:type="locator" xlink:href="jpcrp040300-q1r-001_E02497-000_2020-06-30_01_2020-08-12.xsd#jpcrp040300-q1r_E02497-000_OtherNetOtherGainsLossesIFRS" xlink:label="OtherNetOtherGainsLossesIFRS" />
    <link:calculationArc xlink:type="arc" weight="1" xlink:arcrole="http://www.xbrl.org/2003/arcrole/summation-item" xlink:from="OtherIncomeAndExpensesNetIFRS" xlink:to="OtherNetOtherGainsLossesIFRS" order="5.0" />
    <link:loc xlink:type="locator" xlink:href="http://disclosure.edinet-fsa.go.jp/taxonomy/jpigp/2019-11-01/jpigp_cor_2019-11-01.xsd#jpigp_cor_FinanceIncomeAndExpensesNetIFRS" xlink:label="FinanceIncomeAndExpensesNetIFRS_2" />
    <link:calculationArc xlink:type="arc" weight="1" xlink:arcrole="http://www.xbrl.org/2003/arcrole/summation-item" xlink:from="ProfitLossBeforeTaxIFRS" xlink:to="FinanceIncomeAndExpensesNetIFRS_2" order="3.0" />
    <link:loc xlink:type="locator" xlink:href="http://disclosure.edinet-fsa.go.jp/taxonomy/jpigp/2019-11-01/jpigp_cor_2019-11-01.xsd#jpigp_cor_FinanceIncomeAndExpensesNetIFRS" xlink:label="FinanceIncomeAndExpensesNetIFRS" />
    <link:loc xlink:type="locator" xlink:href="http://disclosure.edinet-fsa.go.jp/taxonomy/jpigp/2019-11-01/jpigp_cor_2019-11-01.xsd#jpigp_cor_InterestIncomeIFRS" xlink:label="InterestIncomeIFRS" />
    <link:calculationArc xlink:type="arc" weight="1" xlink:arcrole="http://www.xbrl.org/2003/arcrole/summation-item" xlink:from="FinanceIncomeAndExpensesNetIFRS" xlink:to="InterestIncomeIFRS" order="1.0" />
    <link:loc xlink:type="locator" xlink:href="http://disclosure.edinet-fsa.go.jp/taxonomy/jpigp/2019-11-01/jpigp_cor_2019-11-01.xsd#jpigp_cor_DividendIncomeIFRS" xlink:label="DividendIncomeIFRS" />
    <link:calculationArc xlink:type="arc" weight="1" xlink:arcrole="http://www.xbrl.org/2003/arcrole/summation-item" xlink:from="FinanceIncomeAndExpensesNetIFRS" xlink:to="DividendIncomeIFRS" order="2.0" />
    <link:loc xlink:type="locator" xlink:href="http://disclosure.edinet-fsa.go.jp/taxonomy/jpigp/2019-11-01/jpigp_cor_2019-11-01.xsd#jpigp_cor_InterestExpensesIFRS" xlink:label="InterestExpensesIFRS" />
    <link:calculationArc xlink:type="arc" weight="-1" xlink:arcrole="http://www.xbrl.org/2003/arcrole/summation-item" xlink:from="FinanceIncomeAndExpensesNetIFRS" xlink:to="InterestExpensesIFRS" order="3.0" />
    <link:loc xlink:type="locator" xlink:href="http://disclosure.edinet-fsa.go.jp/taxonomy/jpigp/2019-11-01/jpigp_cor_2019-11-01.xsd#jpigp_cor_ShareOfProfitLossOfInvestmentsAccountedForUsingEquityMethodIFRS" xlink:label="ShareOfProfitLossOfInvestmentsAccountedForUsingEquityMethodIFRS" />
    <link:calculationArc xlink:type="arc" weight="1" xlink:arcrole="http://www.xbrl.org/2003/arcrole/summation-item" xlink:from="ProfitLossBeforeTaxIFRS" xlink:to="ShareOfProfitLossOfInvestmentsAccountedForUsingEquityMethodIFRS" order="4.0" />
    <link:loc xlink:type="locator" xlink:href="http://disclosure.edinet-fsa.go.jp/taxonomy/jpigp/2019-11-01/jpigp_cor_2019-11-01.xsd#jpigp_cor_OtherComprehensiveIncomeIFRS" xlink:label="OtherComprehensiveIncomeIFRS_2" />
    <link:calculationArc xlink:type="arc" weight="1" xlink:arcrole="http://www.xbrl.org/2003/arcrole/summation-item" xlink:from="ComprehensiveIncomeIFRS" xlink:to="OtherComprehensiveIncomeIFRS_2" order="0.1875" />
    <link:loc xlink:type="locator" xlink:href="http://disclosure.edinet-fsa.go.jp/taxonomy/jpigp/2019-11-01/jpigp_cor_2019-11-01.xsd#jpigp_cor_OtherComprehensiveIncomeIFRS" xlink:label="OtherComprehensiveIncomeIFRS" />
    <link:loc xlink:type="locator" xlink:href="http://disclosure.edinet-fsa.go.jp/taxonomy/jpigp/2019-11-01/jpigp_cor_2019-11-01.xsd#jpigp_cor_NetChangeInFairValueOfEquityInstrumentsDesignatedAsMeasuredAtFairValueThroughOtherComprehensiveIncomeNetOfTaxItemsThatWillNotBeReclassifiedToProfitOrLossOCIIFRS" xlink:label="NetChangeInFairValueOfEquityInstrumentsDesignatedAsMeasuredAtFairValueThroughOtherComprehensiveIncomeNetOfTaxItemsThatWillNotBeReclassifiedToProfitOrLossOCIIFRS" />
    <link:calculationArc xlink:type="arc" weight="1" xlink:arcrole="http://www.xbrl.org/2003/arcrole/summation-item" xlink:from="OtherComprehensiveIncomeIFRS" xlink:to="NetChangeInFairValueOfEquityInstrumentsDesignatedAsMeasuredAtFairValueThroughOtherComprehensiveIncomeNetOfTaxItemsThatWillNotBeReclassifiedToProfitOrLossOCIIFRS" order="0.625" />
    <link:loc xlink:type="locator" xlink:href="http://disclosure.edinet-fsa.go.jp/taxonomy/jpigp/2019-11-01/jpigp_cor_2019-11-01.xsd#jpigp_cor_RemeasurementsOfDefinedBenefitPlansNetOfTaxItemsThatWillNotBeReclassifiedToProfitOrLossOCIIFRS" xlink:label="RemeasurementsOfDefinedBenefitPlansNetOfTaxItemsThatWillNotBeReclassifiedToProfitOrLossOCIIFRS" />
    <link:calculationArc xlink:type="arc" weight="1" xlink:arcrole="http://www.xbrl.org/2003/arcrole/summation-item" xlink:from="OtherComprehensiveIncomeIFRS" xlink:to="RemeasurementsOfDefinedBenefitPlansNetOfTaxItemsThatWillNotBeReclassifiedToProfitOrLossOCIIFRS" order="1.1875" />
    <link:loc xlink:type="locator" xlink:href="http://disclosure.edinet-fsa.go.jp/taxonomy/jpigp/2019-11-01/jpigp_cor_2019-11-01.xsd#jpigp_cor_ShareOfOtherComprehensiveIncomeOfInvestmentsAccountedForUsingEquityMethodNetOfTaxItemsThatWillNotBeReclassifiedToProfitOrLossOCIIFRS" xlink:label="ShareOfOtherComprehensiveIncomeOfInvestmentsAccountedForUsingEquityMethodNetOfTaxItemsThatWillNotBeReclassifiedToProfitOrLossOCIIFRS" />
    <link:calculationArc xlink:type="arc" weight="1" xlink:arcrole="http://www.xbrl.org/2003/arcrole/summation-item" xlink:from="OtherComprehensiveIncomeIFRS" xlink:to="ShareOfOtherComprehensiveIncomeOfInvestmentsAccountedForUsingEquityMethodNetOfTaxItemsThatWillNotBeReclassifiedToProfitOrLossOCIIFRS" order="1.78125" />
    <link:loc xlink:type="locator" xlink:href="http://disclosure.edinet-fsa.go.jp/taxonomy/jpigp/2019-11-01/jpigp_cor_2019-11-01.xsd#jpigp_cor_ExchangeDifferencesOnTranslationOfForeignOperationsNetOfTaxItemsThatMayBeReclassifiedToProfitOrLossOCIIFRS" xlink:label="ExchangeDifferencesOnTranslationOfForeignOperationsNetOfTaxItemsThatMayBeReclassifiedToProfitOrLossOCIIFRS" />
    <link:calculationArc xlink:type="arc" weight="1" xlink:arcrole="http://www.xbrl.org/2003/arcrole/summation-item" xlink:from="OtherComprehensiveIncomeIFRS" xlink:to="ExchangeDifferencesOnTranslationOfForeignOperationsNetOfTaxItemsThatMayBeReclassifiedToProfitOrLossOCIIFRS" order="2.484375" />
    <link:loc xlink:type="locator" xlink:href="http://disclosure.edinet-fsa.go.jp/taxonomy/jpigp/2019-11-01/jpigp_cor_2019-11-01.xsd#jpigp_cor_EffectivePortionOfCashFlowHedgesNetOfTaxItemsThatMayBeReclassifiedToProfitOrLossOCIIFRS" xlink:label="EffectivePortionOfCashFlowHedgesNetOfTaxItemsThatMayBeReclassifiedToProfitOrLossOCIIFRS" />
    <link:calculationArc xlink:type="arc" weight="1" xlink:arcrole="http://www.xbrl.org/2003/arcrole/summation-item" xlink:from="OtherComprehensiveIncomeIFRS" xlink:to="EffectivePortionOfCashFlowHedgesNetOfTaxItemsThatMayBeReclassifiedToProfitOrLossOCIIFRS" order="3.2421875" />
    <link:loc xlink:type="locator" xlink:href="http://disclosure.edinet-fsa.go.jp/taxonomy/jpigp/2019-11-01/jpigp_cor_2019-11-01.xsd#jpigp_cor_ShareOfOtherComprehensiveIncomeOfInvestmentsAccountedForUsingEquityMethodNetOfTaxItemsThatMayBeReclassifiedToProfitOrLossOCIIFRS" xlink:label="ShareOfOtherComprehensiveIncomeOfInvestmentsAccountedForUsingEquityMethodNetOfTaxItemsThatMayBeReclassifiedToProfitOrLossOCIIFRS" />
    <link:calculationArc xlink:type="arc" weight="1" xlink:arcrole="http://www.xbrl.org/2003/arcrole/summation-item" xlink:from="OtherComprehensiveIncomeIFRS" xlink:to="ShareOfOtherComprehensiveIncomeOfInvestmentsAccountedForUsingEquityMethodNetOfTaxItemsThatMayBeReclassifiedToProfitOrLossOCIIFRS" order="4.2421875" />
  </link:calculationLink>
</link:linkbase>