<?xml version="1.0" encoding="utf-8"?>
<manifest xmlns="http://disclosure.edinet-fsa.go.jp/2013/manifest">
<tocComposition>
<title xml:lang="ja">監査報告書</title>
<title xml:lang="en">Audit Document</title>
<item in="presentation" ref="jpaud" extrole="http://disclosure.edinet-fsa.go.jp/role/jpcrp/rol_IndependentAuditorsReport" />
</tocComposition>
<list>
<instance id="jpaud" type="AuditDoc" preferredFilename="jpaud-qrr-cc-001_E04707-000_2020-09-30_01_2020-11-13.xbrl">
<ixbrl>jpaud-qrr-cc-001_E04707-000_2020-09-30_01_2020-11-13_ixbrl.htm</ixbrl>
</instance>
</list>
</manifest>