<?xml version="1.0" encoding="utf-8"?>
<!-- Generated by PRONEXUS WORKS -->
<link:linkbase xmlns:link="http://www.xbrl.org/2003/linkbase" xmlns:xsi="http://www.w3.org/2001/XMLSchema-instance" xmlns:xbrli="http://www.xbrl.org/2003/instance" xmlns:xlink="http://www.w3.org/1999/xlink">
  <link:roleRef xlink:type="simple" roleURI="http://disclosure.edinet-fsa.go.jp/jppfs/cte/role/label" xlink:href="http://disclosure.edinet-fsa.go.jp/taxonomy/jppfs/2018-03-31/jppfs_rt_2018-03-31.xsd#rol_CTELabel" />
  <link:labelLink xlink:type="extended" xlink:role="http://www.xbrl.org/2003/role/link">
    <link:loc xlink:type="locator" xlink:href="jpcrp030000-asr-001_E04707-000_2019-03-31_01_2019-06-27.xsd#jpcrp030000-asr_E04707-000_InformationAboutEmployeesOfReportingCompanyTable" xlink:label="InformationAboutEmployeesOfReportingCompanyTable" />
    <link:loc xlink:type="locator" xlink:href="jpcrp030000-asr-001_E04707-000_2019-03-31_01_2019-06-27.xsd#jpcrp030000-asr_E04707-000_InformationAboutEmployeesOfReportingCompanyLineItems" xlink:label="InformationAboutEmployeesOfReportingCompanyLineItems" />
    <link:loc xlink:type="locator" xlink:href="jpcrp030000-asr-001_E04707-000_2019-03-31_01_2019-06-27.xsd#jpcrp030000-asr_E04707-000_InsuranceReceivedAndInsuranceDividendsNOI" xlink:label="InsuranceReceivedAndInsuranceDividendsNOI" />
    <link:loc xlink:type="locator" xlink:href="jpcrp030000-asr-001_E04707-000_2019-03-31_01_2019-06-27.xsd#jpcrp030000-asr_E04707-000_ThemeParksReportableSegmentsMember" xlink:label="ThemeParksReportableSegmentsMember" />
    <link:loc xlink:type="locator" xlink:href="jpcrp030000-asr-001_E04707-000_2019-03-31_01_2019-06-27.xsd#jpcrp030000-asr_E04707-000_HotelBusinessReportableSegmentsMember" xlink:label="HotelBusinessReportableSegmentsMember" />
    <link:loc xlink:type="locator" xlink:href="jpcrp030000-asr-001_E04707-000_2019-03-31_01_2019-06-27.xsd#jpcrp030000-asr_E04707-000_NotesPledgedAssetsTextBlock" xlink:label="NotesPledgedAssetsTextBlock" />
    <link:loc xlink:type="locator" xlink:href="jpcrp030000-asr-001_E04707-000_2019-03-31_01_2019-06-27.xsd#jpcrp030000-asr_E04707-000_ManagementAnalysisOfFinancialPositionOperatingResultsAndCashFlowsHeading" xlink:label="ManagementAnalysisOfFinancialPositionOperatingResultsAndCashFlowsHeading" />
    <link:loc xlink:type="locator" xlink:href="jpcrp030000-asr-001_E04707-000_2019-03-31_01_2019-06-27.xsd#jpcrp030000-asr_E04707-000_ManagementAnalysisOfFinancialPositionOperatingResultsAndCashFlowsTextBlock" xlink:label="ManagementAnalysisOfFinancialPositionOperatingResultsAndCashFlowsTextBlock" />
    <link:loc xlink:type="locator" xlink:href="jpcrp030000-asr-001_E04707-000_2019-03-31_01_2019-06-27.xsd#jpcrp030000-asr_E04707-000_OtherInformationAboutShareAcquisitionRightsHeading" xlink:label="OtherInformationAboutShareAcquisitionRightsHeading" />
    <link:loc xlink:type="locator" xlink:href="jpcrp030000-asr-001_E04707-000_2019-03-31_01_2019-06-27.xsd#jpcrp030000-asr_E04707-000_OtherInformationAboutShareAcquisitionRightsTextBlock" xlink:label="OtherInformationAboutShareAcquisitionRightsTextBlock" />
    <link:loc xlink:type="locator" xlink:href="jpcrp030000-asr-001_E04707-000_2019-03-31_01_2019-06-27.xsd#jpcrp030000-asr_E04707-000_ShareOwnershipPlanForDirectorsAndOtherOfficersAndEmployeesHeading" xlink:label="ShareOwnershipPlanForDirectorsAndOtherOfficersAndEmployeesHeading" />
    <link:loc xlink:type="locator" xlink:href="jpcrp030000-asr-001_E04707-000_2019-03-31_01_2019-06-27.xsd#jpcrp030000-asr_E04707-000_ShareOwnershipPlanForDirectorsAndOtherOfficersAndEmployeesTextBlock" xlink:label="ShareOwnershipPlanForDirectorsAndOtherOfficersAndEmployeesTextBlock" />
    <link:loc xlink:type="locator" xlink:href="jpcrp030000-asr-001_E04707-000_2019-03-31_01_2019-06-27.xsd#jpcrp030000-asr_E04707-000_OverviewOfCorporateGovernanceHeading" xlink:label="OverviewOfCorporateGovernanceHeading" />
    <link:loc xlink:type="locator" xlink:href="jpcrp030000-asr-001_E04707-000_2019-03-31_01_2019-06-27.xsd#jpcrp030000-asr_E04707-000_OverviewOfCorporateGovernanceTextBlock" xlink:label="OverviewOfCorporateGovernanceTextBlock" />
    <link:loc xlink:type="locator" xlink:href="jpcrp030000-asr-001_E04707-000_2019-03-31_01_2019-06-27.xsd#jpcrp030000-asr_E04707-000_OutsideDirectorsAndOutsideCorporateAuditorsInformationAboutDirectorsAndOtherOfficersTextBlock" xlink:label="OutsideDirectorsAndOutsideCorporateAuditorsInformationAboutDirectorsAndOtherOfficersTextBlock" />
    <link:loc xlink:type="locator" xlink:href="jpcrp030000-asr-001_E04707-000_2019-03-31_01_2019-06-27.xsd#jpcrp030000-asr_E04707-000_InformationAboutAuditsHeading" xlink:label="InformationAboutAuditsHeading" />
    <link:loc xlink:type="locator" xlink:href="jpcrp030000-asr-001_E04707-000_2019-03-31_01_2019-06-27.xsd#jpcrp030000-asr_E04707-000_InformationAboutAuditsTextBlock" xlink:label="InformationAboutAuditsTextBlock" />
    <link:loc xlink:type="locator" xlink:href="jpcrp030000-asr-001_E04707-000_2019-03-31_01_2019-06-27.xsd#jpcrp030000-asr_E04707-000_RemunerationForDirectorsAndOtherOfficersHeading" xlink:label="RemunerationForDirectorsAndOtherOfficersHeading" />
    <link:loc xlink:type="locator" xlink:href="jpcrp030000-asr-001_E04707-000_2019-03-31_01_2019-06-27.xsd#jpcrp030000-asr_E04707-000_RemunerationForDirectorsAndOtherOfficersTextBlock" xlink:label="RemunerationForDirectorsAndOtherOfficersTextBlock" />
    <link:loc xlink:type="locator" xlink:href="jpcrp030000-asr-001_E04707-000_2019-03-31_01_2019-06-27.xsd#jpcrp030000-asr_E04707-000_EquitySecuritiesHeldHeading" xlink:label="EquitySecuritiesHeldHeading" />
    <link:loc xlink:type="locator" xlink:href="jpcrp030000-asr-001_E04707-000_2019-03-31_01_2019-06-27.xsd#jpcrp030000-asr_E04707-000_EquitySecuritiesHeldTextBlock" xlink:label="EquitySecuritiesHeldTextBlock" />
    <link:loc xlink:type="locator" xlink:href="jpcrp030000-asr-001_E04707-000_2019-03-31_01_2019-06-27.xsd#jpcrp030000-asr_E04707-000_StockBasedCompensationExpenseRemunerationEtcByCategoryOfDirectorsAndOtherOfficers" xlink:label="StockBasedCompensationExpenseRemunerationEtcByCategoryOfDirectorsAndOtherOfficers" />
    <link:loc xlink:type="locator" xlink:href="jpcrp030000-asr-001_E04707-000_2019-03-31_01_2019-06-27.xsd#jpcrp030000-asr_E04707-000_TotalShareholderReturn" xlink:label="TotalShareholderReturn" />
    <link:loc xlink:type="locator" xlink:href="jpcrp030000-asr-001_E04707-000_2019-03-31_01_2019-06-27.xsd#jpcrp030000-asr_E04707-000_TotalReturnOnSharePriceIndex" xlink:label="TotalReturnOnSharePriceIndex" />
    <link:loc xlink:type="locator" xlink:href="jpcrp030000-asr-001_E04707-000_2019-03-31_01_2019-06-27.xsd#jpcrp030000-asr_E04707-000_OfficialTitleOrPositionInformationAboutDirectorsAndCorporateAuditors" xlink:label="OfficialTitleOrPositionInformationAboutDirectorsAndCorporateAuditors" />
    <link:loc xlink:type="locator" xlink:href="jpcrp030000-asr-001_E04707-000_2019-03-31_01_2019-06-27.xsd#jpcrp030000-asr_E04707-000_EquitySecuritiesNotListedInvestmentEquitySecuritiesHeldForPurposesOtherThanPureInvestmentReportingCompanyAbstract" xlink:label="EquitySecuritiesNotListedInvestmentEquitySecuritiesHeldForPurposesOtherThanPureInvestmentReportingCompanyAbstract" />
    <link:loc xlink:type="locator" xlink:href="jpcrp030000-asr-001_E04707-000_2019-03-31_01_2019-06-27.xsd#jpcrp030000-asr_E04707-000_NumberOfNamesOfSecuritiesEquitySecuritiesNotListedInvestmentEquitySecuritiesHeldForPurposesOtherThanPureInvestmentReportingCompany" xlink:label="NumberOfNamesOfSecuritiesEquitySecuritiesNotListedInvestmentEquitySecuritiesHeldForPurposesOtherThanPureInvestmentReportingCompany" />
    <link:loc xlink:type="locator" xlink:href="jpcrp030000-asr-001_E04707-000_2019-03-31_01_2019-06-27.xsd#jpcrp030000-asr_E04707-000_BookValueEquitySecuritiesNotListedInvestmentEquitySecuritiesHeldForPurposesOtherThanPureInvestmentReportingCompany" xlink:label="BookValueEquitySecuritiesNotListedInvestmentEquitySecuritiesHeldForPurposesOtherThanPureInvestmentReportingCompany" />
    <link:loc xlink:type="locator" xlink:href="jpcrp030000-asr-001_E04707-000_2019-03-31_01_2019-06-27.xsd#jpcrp030000-asr_E04707-000_NumberOfNamesOfSecuritiesWhoseNumberOfSharesIncreasedEquitySecuritiesNotListedInvestmentEquitySecuritiesHeldForPurposesOtherThanPureInvestmentReportingCompany" xlink:label="NumberOfNamesOfSecuritiesWhoseNumberOfSharesIncreasedEquitySecuritiesNotListedInvestmentEquitySecuritiesHeldForPurposesOtherThanPureInvestmentReportingCompany" />
    <link:loc xlink:type="locator" xlink:href="jpcrp030000-asr-001_E04707-000_2019-03-31_01_2019-06-27.xsd#jpcrp030000-asr_E04707-000_TotalAcquisitionCostForIncreasedSharesEquitySecuritiesNotListedInvestmentEquitySecuritiesHeldForPurposesOtherThanPureInvestmentReportingCompany" xlink:label="TotalAcquisitionCostForIncreasedSharesEquitySecuritiesNotListedInvestmentEquitySecuritiesHeldForPurposesOtherThanPureInvestmentReportingCompany" />
    <link:loc xlink:type="locator" xlink:href="jpcrp030000-asr-001_E04707-000_2019-03-31_01_2019-06-27.xsd#jpcrp030000-asr_E04707-000_ReasonForIncreaseInNumberOfSharesEquitySecuritiesNotListedInvestmentEquitySecuritiesHeldForPurposesOtherThanPureInvestmentReportingCompany" xlink:label="ReasonForIncreaseInNumberOfSharesEquitySecuritiesNotListedInvestmentEquitySecuritiesHeldForPurposesOtherThanPureInvestmentReportingCompany" />
    <link:loc xlink:type="locator" xlink:href="jpcrp030000-asr-001_E04707-000_2019-03-31_01_2019-06-27.xsd#jpcrp030000-asr_E04707-000_NumberOfNamesOfSecuritiesWhoseNumberOfSharesDecreasedEquitySecuritiesNotListedInvestmentEquitySecuritiesHeldForPurposesOtherThanPureInvestmentReportingCompany" xlink:label="NumberOfNamesOfSecuritiesWhoseNumberOfSharesDecreasedEquitySecuritiesNotListedInvestmentEquitySecuritiesHeldForPurposesOtherThanPureInvestmentReportingCompany" />
    <link:loc xlink:type="locator" xlink:href="jpcrp030000-asr-001_E04707-000_2019-03-31_01_2019-06-27.xsd#jpcrp030000-asr_E04707-000_TotalSalesAmountForDecreasedSharesEquitySecuritiesNotListedInvestmentEquitySecuritiesHeldForPurposesOtherThanPureInvestmentReportingCompany" xlink:label="TotalSalesAmountForDecreasedSharesEquitySecuritiesNotListedInvestmentEquitySecuritiesHeldForPurposesOtherThanPureInvestmentReportingCompany" />
    <link:loc xlink:type="locator" xlink:href="jpcrp030000-asr-001_E04707-000_2019-03-31_01_2019-06-27.xsd#jpcrp030000-asr_E04707-000_EquitySecuritiesOtherThanThoseNotListedInvestmentEquitySecuritiesHeldForPurposesOtherThanPureInvestmentReportingCompanyAbstract" xlink:label="EquitySecuritiesOtherThanThoseNotListedInvestmentEquitySecuritiesHeldForPurposesOtherThanPureInvestmentReportingCompanyAbstract" />
    <link:loc xlink:type="locator" xlink:href="jpcrp030000-asr-001_E04707-000_2019-03-31_01_2019-06-27.xsd#jpcrp030000-asr_E04707-000_NumberOfNamesOfSecuritiesEquitySecuritiesOtherThanThoseNotListedInvestmentEquitySecuritiesHeldForPurposesOtherThanPureInvestmentReportingCompany" xlink:label="NumberOfNamesOfSecuritiesEquitySecuritiesOtherThanThoseNotListedInvestmentEquitySecuritiesHeldForPurposesOtherThanPureInvestmentReportingCompany" />
    <link:loc xlink:type="locator" xlink:href="jpcrp030000-asr-001_E04707-000_2019-03-31_01_2019-06-27.xsd#jpcrp030000-asr_E04707-000_BookValueEquitySecuritiesOtherThanThoseNotListedInvestmentEquitySecuritiesHeldForPurposesOtherThanPureInvestmentReportingCompany" xlink:label="BookValueEquitySecuritiesOtherThanThoseNotListedInvestmentEquitySecuritiesHeldForPurposesOtherThanPureInvestmentReportingCompany" />
    <link:loc xlink:type="locator" xlink:href="jpcrp030000-asr-001_E04707-000_2019-03-31_01_2019-06-27.xsd#jpcrp030000-asr_E04707-000_NumberOfNamesOfSecuritiesWhoseNumberOfSharesIncreasedEquitySecuritiesOtherThanThoseNotListedInvestmentEquitySecuritiesHeldForPurposesOtherThanPureInvestmentReportingCompany" xlink:label="NumberOfNamesOfSecuritiesWhoseNumberOfSharesIncreasedEquitySecuritiesOtherThanThoseNotListedInvestmentEquitySecuritiesHeldForPurposesOtherThanPureInvestmentReportingCompany" />
    <link:loc xlink:type="locator" xlink:href="jpcrp030000-asr-001_E04707-000_2019-03-31_01_2019-06-27.xsd#jpcrp030000-asr_E04707-000_TotalAcquisitionCostForIncreasedSharesEquitySecuritiesOtherThanThoseNotListedInvestmentEquitySecuritiesHeldForPurposesOtherThanPureInvestmentReportingCompany" xlink:label="TotalAcquisitionCostForIncreasedSharesEquitySecuritiesOtherThanThoseNotListedInvestmentEquitySecuritiesHeldForPurposesOtherThanPureInvestmentReportingCompany" />
    <link:loc xlink:type="locator" xlink:href="jpcrp030000-asr-001_E04707-000_2019-03-31_01_2019-06-27.xsd#jpcrp030000-asr_E04707-000_ReasonForIncreaseInNumberOfSharesEquitySecuritiesOtherThanThoseNotListedInvestmentEquitySecuritiesHeldForPurposesOtherThanPureInvestmentReportingCompany" xlink:label="ReasonForIncreaseInNumberOfSharesEquitySecuritiesOtherThanThoseNotListedInvestmentEquitySecuritiesHeldForPurposesOtherThanPureInvestmentReportingCompany" />
    <link:loc xlink:type="locator" xlink:href="jpcrp030000-asr-001_E04707-000_2019-03-31_01_2019-06-27.xsd#jpcrp030000-asr_E04707-000_NumberOfNamesOfSecuritiesWhoseNumberOfSharesDecreasedEquitySecuritiesOtherThanThoseNotListedInvestmentEquitySecuritiesHeldForPurposesOtherThanPureInvestmentReportingCompany" xlink:label="NumberOfNamesOfSecuritiesWhoseNumberOfSharesDecreasedEquitySecuritiesOtherThanThoseNotListedInvestmentEquitySecuritiesHeldForPurposesOtherThanPureInvestmentReportingCompany" />
    <link:loc xlink:type="locator" xlink:href="jpcrp030000-asr-001_E04707-000_2019-03-31_01_2019-06-27.xsd#jpcrp030000-asr_E04707-000_TotalSalesAmountForDecreasedSharesEquitySecuritiesOtherThanThoseNotListedInvestmentEquitySecuritiesHeldForPurposesOtherThanPureInvestmentReportingCompany" xlink:label="TotalSalesAmountForDecreasedSharesEquitySecuritiesOtherThanThoseNotListedInvestmentEquitySecuritiesHeldForPurposesOtherThanPureInvestmentReportingCompany" />
    <link:loc xlink:type="locator" xlink:href="jpcrp030000-asr-001_E04707-000_2019-03-31_01_2019-06-27.xsd#jpcrp030000-asr_E04707-000_WhetherIssuerOfAforementionedSharesHoldsReportingCompanysSharesDetailsOfSpecifiedInvestmentEquitySecuritiesHeldForPurposesOtherThanPureInvestmentReportingCompany" xlink:label="WhetherIssuerOfAforementionedSharesHoldsReportingCompanysSharesDetailsOfSpecifiedInvestmentEquitySecuritiesHeldForPurposesOtherThanPureInvestmentReportingCompany" />
    <link:loc xlink:type="locator" xlink:href="jpcrp030000-asr-001_E04707-000_2019-03-31_01_2019-06-27.xsd#jpcrp030000-asr_E04707-000_FixedRemunerationRemunerationEtcByCategoryOfDirectorsAndOtherOfficers" xlink:label="FixedRemunerationRemunerationEtcByCategoryOfDirectorsAndOtherOfficers" />
    <link:loc xlink:type="locator" xlink:href="jpcrp030000-asr-001_E04707-000_2019-03-31_01_2019-06-27.xsd#jpcrp030000-asr_E04707-000_PerformanceBasedRemunerationRemunerationEtcByCategoryOfDirectorsAndOtherOfficers" xlink:label="PerformanceBasedRemunerationRemunerationEtcByCategoryOfDirectorsAndOtherOfficers" />
    <link:loc xlink:type="locator" xlink:href="jpcrp030000-asr-001_E04707-000_2019-03-31_01_2019-06-27.xsd#jpcrp030000-asr_E04707-000_YuichiKanekiMember" xlink:label="YuichiKanekiMember" />
    <link:loc xlink:type="locator" xlink:href="jpcrp030000-asr-001_E04707-000_2019-03-31_01_2019-06-27.xsd#jpcrp030000-asr_E04707-000_RikaKanbaraMember" xlink:label="RikaKanbaraMember" />
    <link:loc xlink:type="locator" xlink:href="jpcrp030000-asr-001_E04707-000_2019-03-31_01_2019-06-27.xsd#jpcrp030000-asr_E04707-000_ToshioKagamiMember" xlink:label="ToshioKagamiMember" />
    <link:loc xlink:type="locator" xlink:href="jpcrp030000-asr-001_E04707-000_2019-03-31_01_2019-06-27.xsd#jpcrp030000-asr_E04707-000_KyoichiroUenishiMember" xlink:label="KyoichiroUenishiMember" />
    <link:loc xlink:type="locator" xlink:href="jpcrp030000-asr-001_E04707-000_2019-03-31_01_2019-06-27.xsd#jpcrp030000-asr_E04707-000_YumikoTakanoMember" xlink:label="YumikoTakanoMember" />
    <link:loc xlink:type="locator" xlink:href="jpcrp030000-asr-001_E04707-000_2019-03-31_01_2019-06-27.xsd#jpcrp030000-asr_E04707-000_YuichiKatayamaMember" xlink:label="YuichiKatayamaMember" />
    <link:loc xlink:type="locator" xlink:href="jpcrp030000-asr-001_E04707-000_2019-03-31_01_2019-06-27.xsd#jpcrp030000-asr_E04707-000_AkiyoshiYokotaMember" xlink:label="AkiyoshiYokotaMember" />
    <link:loc xlink:type="locator" xlink:href="jpcrp030000-asr-001_E04707-000_2019-03-31_01_2019-06-27.xsd#jpcrp030000-asr_E04707-000_WataruTakahashiMember" xlink:label="WataruTakahashiMember" />
    <link:loc xlink:type="locator" xlink:href="jpcrp030000-asr-001_E04707-000_2019-03-31_01_2019-06-27.xsd#jpcrp030000-asr_E04707-000_TsutomuHanadaMember" xlink:label="TsutomuHanadaMember" />
    <link:loc xlink:type="locator" xlink:href="jpcrp030000-asr-001_E04707-000_2019-03-31_01_2019-06-27.xsd#jpcrp030000-asr_E04707-000_YusaburoMogiMember" xlink:label="YusaburoMogiMember" />
    <link:loc xlink:type="locator" xlink:href="jpcrp030000-asr-001_E04707-000_2019-03-31_01_2019-06-27.xsd#jpcrp030000-asr_E04707-000_ShigeruSuzukiMember" xlink:label="ShigeruSuzukiMember" />
    <link:loc xlink:type="locator" xlink:href="jpcrp030000-asr-001_E04707-000_2019-03-31_01_2019-06-27.xsd#jpcrp030000-asr_E04707-000_TetsuoSudaMember" xlink:label="TetsuoSudaMember" />
    <link:loc xlink:type="locator" xlink:href="jpcrp030000-asr-001_E04707-000_2019-03-31_01_2019-06-27.xsd#jpcrp030000-asr_E04707-000_HiroshiOtsukaMember" xlink:label="HiroshiOtsukaMember" />
    <link:loc xlink:type="locator" xlink:href="jpcrp030000-asr-001_E04707-000_2019-03-31_01_2019-06-27.xsd#jpcrp030000-asr_E04707-000_TatsuoKainakaMember" xlink:label="TatsuoKainakaMember" />
    <link:loc xlink:type="locator" xlink:href="http://disclosure.edinet-fsa.go.jp/taxonomy/jppfs/2018-03-31/jppfs_cor_2018-03-31.xsd#jppfs_cor_VesselsNet" xlink:label="VesselsNet" />
    <link:label xlink:type="resource" xlink:label="label_VesselsNet" xml:lang="en" xlink:role="http://disclosure.edinet-fsa.go.jp/jppfs/cte/role/label" id="label_VesselsNet">Vessels</link:label>
    <link:labelArc xlink:type="arc" xlink:arcrole="http://www.xbrl.org/2003/arcrole/concept-label" xlink:from="VesselsNet" xlink:to="label_VesselsNet" />
    <link:loc xlink:type="locator" xlink:href="jpcrp030000-asr-001_E04707-000_2019-03-31_01_2019-06-27.xsd#jpcrp030000-asr_E04707-000_CashCompensationExpenseRemunerationEtcByCategoryOfDirectorsAndOtherOfficersAbstract" xlink:label="CashCompensationExpenseRemunerationEtcByCategoryOfDirectorsAndOtherOfficersAbstract" />
    <link:label xlink:type="resource" xlink:label="label_NotesPledgedAssetsTextBlock" xml:lang="en" xlink:role="http://www.xbrl.org/2003/role/label" id="label_NotesPledgedAssetsTextBlock">Notes - Pledged assets</link:label>
    <link:labelArc xlink:type="arc" xlink:arcrole="http://www.xbrl.org/2003/arcrole/concept-label" xlink:from="NotesPledgedAssetsTextBlock" xlink:to="label_NotesPledgedAssetsTextBlock" />
    <link:label xlink:type="resource" xlink:label="label_NotesPledgedAssetsTextBlock_2" xml:lang="en" xlink:role="http://www.xbrl.org/2003/role/verboseLabel" id="label_NotesPledgedAssetsTextBlock_2">Notes - Pledged assets [text block]</link:label>
    <link:labelArc xlink:type="arc" xlink:arcrole="http://www.xbrl.org/2003/arcrole/concept-label" xlink:from="NotesPledgedAssetsTextBlock" xlink:to="label_NotesPledgedAssetsTextBlock_2" />
    <link:label xlink:type="resource" xlink:label="label_ManagementAnalysisOfFinancialPositionOperatingResultsAndCashFlowsHeading" xml:lang="en" xlink:role="http://www.xbrl.org/2003/role/label" id="label_ManagementAnalysisOfFinancialPositionOperatingResultsAndCashFlowsHeading">Management analysis of financial position, operating results and cash flows</link:label>
    <link:labelArc xlink:type="arc" xlink:arcrole="http://www.xbrl.org/2003/arcrole/concept-label" xlink:from="ManagementAnalysisOfFinancialPositionOperatingResultsAndCashFlowsHeading" xlink:to="label_ManagementAnalysisOfFinancialPositionOperatingResultsAndCashFlowsHeading" />
    <link:label xlink:type="resource" xlink:label="label_ManagementAnalysisOfFinancialPositionOperatingResultsAndCashFlowsHeading_2" xml:lang="en" xlink:role="http://www.xbrl.org/2003/role/verboseLabel" id="label_ManagementAnalysisOfFinancialPositionOperatingResultsAndCashFlowsHeading_2">Management analysis of financial position, operating results and cash flows [heading]</link:label>
    <link:labelArc xlink:type="arc" xlink:arcrole="http://www.xbrl.org/2003/arcrole/concept-label" xlink:from="ManagementAnalysisOfFinancialPositionOperatingResultsAndCashFlowsHeading" xlink:to="label_ManagementAnalysisOfFinancialPositionOperatingResultsAndCashFlowsHeading_2" />
    <link:label xlink:type="resource" xlink:label="label_ManagementAnalysisOfFinancialPositionOperatingResultsAndCashFlowsTextBlock" xml:lang="en" xlink:role="http://www.xbrl.org/2003/role/label" id="label_ManagementAnalysisOfFinancialPositionOperatingResultsAndCashFlowsTextBlock">Management analysis of financial position, operating results and cash flows</link:label>
    <link:labelArc xlink:type="arc" xlink:arcrole="http://www.xbrl.org/2003/arcrole/concept-label" xlink:from="ManagementAnalysisOfFinancialPositionOperatingResultsAndCashFlowsTextBlock" xlink:to="label_ManagementAnalysisOfFinancialPositionOperatingResultsAndCashFlowsTextBlock" />
    <link:label xlink:type="resource" xlink:label="label_ManagementAnalysisOfFinancialPositionOperatingResultsAndCashFlowsTextBlock_2" xml:lang="en" xlink:role="http://www.xbrl.org/2003/role/verboseLabel" id="label_ManagementAnalysisOfFinancialPositionOperatingResultsAndCashFlowsTextBlock_2">Management analysis of financial position, operating results and cash flows [text block]</link:label>
    <link:labelArc xlink:type="arc" xlink:arcrole="http://www.xbrl.org/2003/arcrole/concept-label" xlink:from="ManagementAnalysisOfFinancialPositionOperatingResultsAndCashFlowsTextBlock" xlink:to="label_ManagementAnalysisOfFinancialPositionOperatingResultsAndCashFlowsTextBlock_2" />
    <link:label xlink:type="resource" xlink:label="label_OtherInformationAboutShareAcquisitionRightsHeading" xml:lang="en" xlink:role="http://www.xbrl.org/2003/role/label" id="label_OtherInformationAboutShareAcquisitionRightsHeading">Other information about share acquisition rights</link:label>
    <link:labelArc xlink:type="arc" xlink:arcrole="http://www.xbrl.org/2003/arcrole/concept-label" xlink:from="OtherInformationAboutShareAcquisitionRightsHeading" xlink:to="label_OtherInformationAboutShareAcquisitionRightsHeading" />
    <link:label xlink:type="resource" xlink:label="label_OtherInformationAboutShareAcquisitionRightsHeading_2" xml:lang="en" xlink:role="http://www.xbrl.org/2003/role/verboseLabel" id="label_OtherInformationAboutShareAcquisitionRightsHeading_2">Other information about share acquisition rights [heading]</link:label>
    <link:labelArc xlink:type="arc" xlink:arcrole="http://www.xbrl.org/2003/arcrole/concept-label" xlink:from="OtherInformationAboutShareAcquisitionRightsHeading" xlink:to="label_OtherInformationAboutShareAcquisitionRightsHeading_2" />
    <link:label xlink:type="resource" xlink:label="label_OtherInformationAboutShareAcquisitionRightsTextBlock" xml:lang="en" xlink:role="http://www.xbrl.org/2003/role/label" id="label_OtherInformationAboutShareAcquisitionRightsTextBlock">Other information about share acquisition rights</link:label>
    <link:labelArc xlink:type="arc" xlink:arcrole="http://www.xbrl.org/2003/arcrole/concept-label" xlink:from="OtherInformationAboutShareAcquisitionRightsTextBlock" xlink:to="label_OtherInformationAboutShareAcquisitionRightsTextBlock" />
    <link:label xlink:type="resource" xlink:label="label_OtherInformationAboutShareAcquisitionRightsTextBlock_2" xml:lang="en" xlink:role="http://www.xbrl.org/2003/role/verboseLabel" id="label_OtherInformationAboutShareAcquisitionRightsTextBlock_2">Other information about share acquisition rights [text block]</link:label>
    <link:labelArc xlink:type="arc" xlink:arcrole="http://www.xbrl.org/2003/arcrole/concept-label" xlink:from="OtherInformationAboutShareAcquisitionRightsTextBlock" xlink:to="label_OtherInformationAboutShareAcquisitionRightsTextBlock_2" />
    <link:label xlink:type="resource" xlink:label="label_ShareOwnershipPlanForDirectorsAndOtherOfficersAndEmployeesHeading" xml:lang="en" xlink:role="http://www.xbrl.org/2003/role/label" id="label_ShareOwnershipPlanForDirectorsAndOtherOfficersAndEmployeesHeading">Share ownership plan for directors (and other officers) and employees</link:label>
    <link:labelArc xlink:type="arc" xlink:arcrole="http://www.xbrl.org/2003/arcrole/concept-label" xlink:from="ShareOwnershipPlanForDirectorsAndOtherOfficersAndEmployeesHeading" xlink:to="label_ShareOwnershipPlanForDirectorsAndOtherOfficersAndEmployeesHeading" />
    <link:label xlink:type="resource" xlink:label="label_ShareOwnershipPlanForDirectorsAndOtherOfficersAndEmployeesHeading_2" xml:lang="en" xlink:role="http://www.xbrl.org/2003/role/verboseLabel" id="label_ShareOwnershipPlanForDirectorsAndOtherOfficersAndEmployeesHeading_2">Share ownership plan for directors (and other officers) and employees [heading]</link:label>
    <link:labelArc xlink:type="arc" xlink:arcrole="http://www.xbrl.org/2003/arcrole/concept-label" xlink:from="ShareOwnershipPlanForDirectorsAndOtherOfficersAndEmployeesHeading" xlink:to="label_ShareOwnershipPlanForDirectorsAndOtherOfficersAndEmployeesHeading_2" />
    <link:label xlink:type="resource" xlink:label="label_ShareOwnershipPlanForDirectorsAndOtherOfficersAndEmployeesTextBlock" xml:lang="en" xlink:role="http://www.xbrl.org/2003/role/label" id="label_ShareOwnershipPlanForDirectorsAndOtherOfficersAndEmployeesTextBlock">Share ownership plan for directors (and other officers) and employees</link:label>
    <link:labelArc xlink:type="arc" xlink:arcrole="http://www.xbrl.org/2003/arcrole/concept-label" xlink:from="ShareOwnershipPlanForDirectorsAndOtherOfficersAndEmployeesTextBlock" xlink:to="label_ShareOwnershipPlanForDirectorsAndOtherOfficersAndEmployeesTextBlock" />
    <link:label xlink:type="resource" xlink:label="label_ShareOwnershipPlanForDirectorsAndOtherOfficersAndEmployeesTextBlock_2" xml:lang="en" xlink:role="http://www.xbrl.org/2003/role/verboseLabel" id="label_ShareOwnershipPlanForDirectorsAndOtherOfficersAndEmployeesTextBlock_2">Share ownership plan for directors (and other officers) and employees [text block]</link:label>
    <link:labelArc xlink:type="arc" xlink:arcrole="http://www.xbrl.org/2003/arcrole/concept-label" xlink:from="ShareOwnershipPlanForDirectorsAndOtherOfficersAndEmployeesTextBlock" xlink:to="label_ShareOwnershipPlanForDirectorsAndOtherOfficersAndEmployeesTextBlock_2" />
    <link:label xlink:type="resource" xlink:label="label_OverviewOfCorporateGovernanceTextBlock" xml:lang="en" xlink:role="http://www.xbrl.org/2003/role/label" id="label_OverviewOfCorporateGovernanceTextBlock">Overview of corporate governance</link:label>
    <link:labelArc xlink:type="arc" xlink:arcrole="http://www.xbrl.org/2003/arcrole/concept-label" xlink:from="OverviewOfCorporateGovernanceTextBlock" xlink:to="label_OverviewOfCorporateGovernanceTextBlock" />
    <link:label xlink:type="resource" xlink:label="label_OverviewOfCorporateGovernanceTextBlock_2" xml:lang="en" xlink:role="http://www.xbrl.org/2003/role/verboseLabel" id="label_OverviewOfCorporateGovernanceTextBlock_2">Overview of corporate governance [text block]</link:label>
    <link:labelArc xlink:type="arc" xlink:arcrole="http://www.xbrl.org/2003/arcrole/concept-label" xlink:from="OverviewOfCorporateGovernanceTextBlock" xlink:to="label_OverviewOfCorporateGovernanceTextBlock_2" />
    <link:label xlink:type="resource" xlink:label="label_OutsideDirectorsAndOutsideCorporateAuditorsInformationAboutDirectorsAndOtherOfficersTextBlock" xml:lang="en" xlink:role="http://www.xbrl.org/2003/role/label" id="label_OutsideDirectorsAndOutsideCorporateAuditorsInformationAboutDirectorsAndOtherOfficersTextBlock">Outside directors (and outside corporate auditors)</link:label>
    <link:labelArc xlink:type="arc" xlink:arcrole="http://www.xbrl.org/2003/arcrole/concept-label" xlink:from="OutsideDirectorsAndOutsideCorporateAuditorsInformationAboutDirectorsAndOtherOfficersTextBlock" xlink:to="label_OutsideDirectorsAndOutsideCorporateAuditorsInformationAboutDirectorsAndOtherOfficersTextBlock" />
    <link:label xlink:type="resource" xlink:label="label_OutsideDirectorsAndOutsideCorporateAuditorsInformationAboutDirectorsAndOtherOfficersTextBlock_2" xml:lang="en" xlink:role="http://www.xbrl.org/2003/role/verboseLabel" id="label_OutsideDirectorsAndOutsideCorporateAuditorsInformationAboutDirectorsAndOtherOfficersTextBlock_2">Outside directors (and outside corporate auditors), Information about directors (and other officers) [text block]</link:label>
    <link:labelArc xlink:type="arc" xlink:arcrole="http://www.xbrl.org/2003/arcrole/concept-label" xlink:from="OutsideDirectorsAndOutsideCorporateAuditorsInformationAboutDirectorsAndOtherOfficersTextBlock" xlink:to="label_OutsideDirectorsAndOutsideCorporateAuditorsInformationAboutDirectorsAndOtherOfficersTextBlock_2" />
    <link:label xlink:type="resource" xlink:label="label_InformationAboutAuditsTextBlock" xml:lang="en" xlink:role="http://www.xbrl.org/2003/role/label" id="label_InformationAboutAuditsTextBlock">Information about audits</link:label>
    <link:labelArc xlink:type="arc" xlink:arcrole="http://www.xbrl.org/2003/arcrole/concept-label" xlink:from="InformationAboutAuditsTextBlock" xlink:to="label_InformationAboutAuditsTextBlock" />
    <link:label xlink:type="resource" xlink:label="label_InformationAboutAuditsTextBlock_2" xml:lang="en" xlink:role="http://www.xbrl.org/2003/role/verboseLabel" id="label_InformationAboutAuditsTextBlock_2">Information about audits [text block]</link:label>
    <link:labelArc xlink:type="arc" xlink:arcrole="http://www.xbrl.org/2003/arcrole/concept-label" xlink:from="InformationAboutAuditsTextBlock" xlink:to="label_InformationAboutAuditsTextBlock_2" />
    <link:label xlink:type="resource" xlink:label="label_RemunerationForDirectorsAndOtherOfficersTextBlock" xml:lang="en" xlink:role="http://www.xbrl.org/2003/role/label" id="label_RemunerationForDirectorsAndOtherOfficersTextBlock">Remuneration for directors (and other officers)</link:label>
    <link:labelArc xlink:type="arc" xlink:arcrole="http://www.xbrl.org/2003/arcrole/concept-label" xlink:from="RemunerationForDirectorsAndOtherOfficersTextBlock" xlink:to="label_RemunerationForDirectorsAndOtherOfficersTextBlock" />
    <link:label xlink:type="resource" xlink:label="label_RemunerationForDirectorsAndOtherOfficersTextBlock_2" xml:lang="en" xlink:role="http://www.xbrl.org/2003/role/verboseLabel" id="label_RemunerationForDirectorsAndOtherOfficersTextBlock_2">Remuneration for directors (and other officers) [text block]</link:label>
    <link:labelArc xlink:type="arc" xlink:arcrole="http://www.xbrl.org/2003/arcrole/concept-label" xlink:from="RemunerationForDirectorsAndOtherOfficersTextBlock" xlink:to="label_RemunerationForDirectorsAndOtherOfficersTextBlock_2" />
    <link:label xlink:type="resource" xlink:label="label_EquitySecuritiesHeldTextBlock" xml:lang="en" xlink:role="http://www.xbrl.org/2003/role/label" id="label_EquitySecuritiesHeldTextBlock">Equity securities held</link:label>
    <link:labelArc xlink:type="arc" xlink:arcrole="http://www.xbrl.org/2003/arcrole/concept-label" xlink:from="EquitySecuritiesHeldTextBlock" xlink:to="label_EquitySecuritiesHeldTextBlock" />
    <link:label xlink:type="resource" xlink:label="label_EquitySecuritiesHeldTextBlock_2" xml:lang="en" xlink:role="http://www.xbrl.org/2003/role/verboseLabel" id="label_EquitySecuritiesHeldTextBlock_2">Equity securities held [text block]</link:label>
    <link:labelArc xlink:type="arc" xlink:arcrole="http://www.xbrl.org/2003/arcrole/concept-label" xlink:from="EquitySecuritiesHeldTextBlock" xlink:to="label_EquitySecuritiesHeldTextBlock_2" />
    <link:label xlink:type="resource" xlink:label="label_OverviewOfCorporateGovernanceHeading" xml:lang="en" xlink:role="http://www.xbrl.org/2003/role/label" id="label_OverviewOfCorporateGovernanceHeading">Overview of corporate governance</link:label>
    <link:labelArc xlink:type="arc" xlink:arcrole="http://www.xbrl.org/2003/arcrole/concept-label" xlink:from="OverviewOfCorporateGovernanceHeading" xlink:to="label_OverviewOfCorporateGovernanceHeading" />
    <link:label xlink:type="resource" xlink:label="label_OverviewOfCorporateGovernanceHeading_2" xml:lang="en" xlink:role="http://www.xbrl.org/2003/role/verboseLabel" id="label_OverviewOfCorporateGovernanceHeading_2">Overview of corporate governance [heading]</link:label>
    <link:labelArc xlink:type="arc" xlink:arcrole="http://www.xbrl.org/2003/arcrole/concept-label" xlink:from="OverviewOfCorporateGovernanceHeading" xlink:to="label_OverviewOfCorporateGovernanceHeading_2" />
    <link:label xlink:type="resource" xlink:label="label_InsuranceReceivedAndInsuranceDividendsNOI" xml:lang="en" xlink:role="http://www.xbrl.org/2003/role/label" id="label_InsuranceReceivedAndInsuranceDividendsNOI">Insurance received and insurance dividends</link:label>
    <link:labelArc xlink:type="arc" xlink:arcrole="http://www.xbrl.org/2003/arcrole/concept-label" xlink:from="InsuranceReceivedAndInsuranceDividendsNOI" xlink:to="label_InsuranceReceivedAndInsuranceDividendsNOI" />
    <link:label xlink:type="resource" xlink:label="label_InsuranceReceivedAndInsuranceDividendsNOI_2" xml:lang="en" xlink:role="http://www.xbrl.org/2003/role/verboseLabel" id="label_InsuranceReceivedAndInsuranceDividendsNOI_2">Insurance received and insurance dividends-NOI</link:label>
    <link:labelArc xlink:type="arc" xlink:arcrole="http://www.xbrl.org/2003/arcrole/concept-label" xlink:from="InsuranceReceivedAndInsuranceDividendsNOI" xlink:to="label_InsuranceReceivedAndInsuranceDividendsNOI_2" />
    <link:label xlink:type="resource" xlink:label="label_InformationAboutEmployeesOfReportingCompanyTable" xml:lang="en" xlink:role="http://www.xbrl.org/2003/role/label" id="label_InformationAboutEmployeesOfReportingCompanyTable">Information about employees of reporting company</link:label>
    <link:labelArc xlink:type="arc" xlink:arcrole="http://www.xbrl.org/2003/arcrole/concept-label" xlink:from="InformationAboutEmployeesOfReportingCompanyTable" xlink:to="label_InformationAboutEmployeesOfReportingCompanyTable" />
    <link:label xlink:type="resource" xlink:label="label_InformationAboutEmployeesOfReportingCompanyTable_2" xml:lang="en" xlink:role="http://www.xbrl.org/2003/role/verboseLabel" id="label_InformationAboutEmployeesOfReportingCompanyTable_2">Information about employees of reporting company [table]</link:label>
    <link:labelArc xlink:type="arc" xlink:arcrole="http://www.xbrl.org/2003/arcrole/concept-label" xlink:from="InformationAboutEmployeesOfReportingCompanyTable" xlink:to="label_InformationAboutEmployeesOfReportingCompanyTable_2" />
    <link:label xlink:type="resource" xlink:label="label_InformationAboutEmployeesOfReportingCompanyLineItems" xml:lang="en" xlink:role="http://www.xbrl.org/2003/role/label" id="label_InformationAboutEmployeesOfReportingCompanyLineItems">Information about employees of reporting company</link:label>
    <link:labelArc xlink:type="arc" xlink:arcrole="http://www.xbrl.org/2003/arcrole/concept-label" xlink:from="InformationAboutEmployeesOfReportingCompanyLineItems" xlink:to="label_InformationAboutEmployeesOfReportingCompanyLineItems" />
    <link:label xlink:type="resource" xlink:label="label_InformationAboutEmployeesOfReportingCompanyLineItems_2" xml:lang="en" xlink:role="http://www.xbrl.org/2003/role/verboseLabel" id="label_InformationAboutEmployeesOfReportingCompanyLineItems_2">Information about employees of reporting company [line items]</link:label>
    <link:labelArc xlink:type="arc" xlink:arcrole="http://www.xbrl.org/2003/arcrole/concept-label" xlink:from="InformationAboutEmployeesOfReportingCompanyLineItems" xlink:to="label_InformationAboutEmployeesOfReportingCompanyLineItems_2" />
    <link:label xlink:type="resource" xlink:label="label_InformationAboutAuditsHeading" xml:lang="en" xlink:role="http://www.xbrl.org/2003/role/label" id="label_InformationAboutAuditsHeading">Information about audits</link:label>
    <link:labelArc xlink:type="arc" xlink:arcrole="http://www.xbrl.org/2003/arcrole/concept-label" xlink:from="InformationAboutAuditsHeading" xlink:to="label_InformationAboutAuditsHeading" />
    <link:label xlink:type="resource" xlink:label="label_InformationAboutAuditsHeading_2" xml:lang="en" xlink:role="http://www.xbrl.org/2003/role/verboseLabel" id="label_InformationAboutAuditsHeading_2">Information about audits [heading]</link:label>
    <link:labelArc xlink:type="arc" xlink:arcrole="http://www.xbrl.org/2003/arcrole/concept-label" xlink:from="InformationAboutAuditsHeading" xlink:to="label_InformationAboutAuditsHeading_2" />
    <link:label xlink:type="resource" xlink:label="label_ThemeParksReportableSegmentsMember" xml:lang="en" xlink:role="http://www.xbrl.org/2003/role/label" id="label_ThemeParksReportableSegmentsMember">Theme Parks</link:label>
    <link:labelArc xlink:type="arc" xlink:arcrole="http://www.xbrl.org/2003/arcrole/concept-label" xlink:from="ThemeParksReportableSegmentsMember" xlink:to="label_ThemeParksReportableSegmentsMember" />
    <link:label xlink:type="resource" xlink:label="label_ThemeParksReportableSegmentsMember_2" xml:lang="en" xlink:role="http://www.xbrl.org/2003/role/verboseLabel" id="label_ThemeParksReportableSegmentsMember_2">Theme Parks, Reportable segments [member]</link:label>
    <link:labelArc xlink:type="arc" xlink:arcrole="http://www.xbrl.org/2003/arcrole/concept-label" xlink:from="ThemeParksReportableSegmentsMember" xlink:to="label_ThemeParksReportableSegmentsMember_2" />
    <link:label xlink:type="resource" xlink:label="label_HotelBusinessReportableSegmentsMember" xml:lang="en" xlink:role="http://www.xbrl.org/2003/role/label" id="label_HotelBusinessReportableSegmentsMember">Hotel</link:label>
    <link:labelArc xlink:type="arc" xlink:arcrole="http://www.xbrl.org/2003/arcrole/concept-label" xlink:from="HotelBusinessReportableSegmentsMember" xlink:to="label_HotelBusinessReportableSegmentsMember" />
    <link:label xlink:type="resource" xlink:label="label_HotelBusinessReportableSegmentsMember_2" xml:lang="en" xlink:role="http://www.xbrl.org/2003/role/verboseLabel" id="label_HotelBusinessReportableSegmentsMember_2">Hotel Business, Reportable segments [member]</link:label>
    <link:labelArc xlink:type="arc" xlink:arcrole="http://www.xbrl.org/2003/arcrole/concept-label" xlink:from="HotelBusinessReportableSegmentsMember" xlink:to="label_HotelBusinessReportableSegmentsMember_2" />
    <link:label xlink:type="resource" xlink:label="label_EquitySecuritiesNotListedInvestmentEquitySecuritiesHeldForPurposesOtherThanPureInvestmentReportingCompanyAbstract" xml:lang="en" xlink:role="http://www.xbrl.org/2003/role/label" id="label_EquitySecuritiesNotListedInvestmentEquitySecuritiesHeldForPurposesOtherThanPureInvestmentReportingCompanyAbstract">Equity securities not listed</link:label>
    <link:labelArc xlink:type="arc" xlink:arcrole="http://www.xbrl.org/2003/arcrole/concept-label" xlink:from="EquitySecuritiesNotListedInvestmentEquitySecuritiesHeldForPurposesOtherThanPureInvestmentReportingCompanyAbstract" xlink:to="label_EquitySecuritiesNotListedInvestmentEquitySecuritiesHeldForPurposesOtherThanPureInvestmentReportingCompanyAbstract" />
    <link:label xlink:type="resource" xlink:label="label_EquitySecuritiesNotListedInvestmentEquitySecuritiesHeldForPurposesOtherThanPureInvestmentReportingCompanyAbstract_2" xml:lang="en" xlink:role="http://www.xbrl.org/2003/role/verboseLabel" id="label_EquitySecuritiesNotListedInvestmentEquitySecuritiesHeldForPurposesOtherThanPureInvestmentReportingCompanyAbstract_2">Equity securities not listed, Investment equity securities held for purposes other than pure investment, Reporting company [abstract]</link:label>
    <link:labelArc xlink:type="arc" xlink:arcrole="http://www.xbrl.org/2003/arcrole/concept-label" xlink:from="EquitySecuritiesNotListedInvestmentEquitySecuritiesHeldForPurposesOtherThanPureInvestmentReportingCompanyAbstract" xlink:to="label_EquitySecuritiesNotListedInvestmentEquitySecuritiesHeldForPurposesOtherThanPureInvestmentReportingCompanyAbstract_2" />
    <link:label xlink:type="resource" xlink:label="label_NumberOfNamesOfSecuritiesEquitySecuritiesNotListedInvestmentEquitySecuritiesHeldForPurposesOtherThanPureInvestmentReportingCompany" xml:lang="en" xlink:role="http://www.xbrl.org/2003/role/label" id="label_NumberOfNamesOfSecuritiesEquitySecuritiesNotListedInvestmentEquitySecuritiesHeldForPurposesOtherThanPureInvestmentReportingCompany">Number of names of securities</link:label>
    <link:labelArc xlink:type="arc" xlink:arcrole="http://www.xbrl.org/2003/arcrole/concept-label" xlink:from="NumberOfNamesOfSecuritiesEquitySecuritiesNotListedInvestmentEquitySecuritiesHeldForPurposesOtherThanPureInvestmentReportingCompany" xlink:to="label_NumberOfNamesOfSecuritiesEquitySecuritiesNotListedInvestmentEquitySecuritiesHeldForPurposesOtherThanPureInvestmentReportingCompany" />
    <link:label xlink:type="resource" xlink:label="label_NumberOfNamesOfSecuritiesEquitySecuritiesNotListedInvestmentEquitySecuritiesHeldForPurposesOtherThanPureInvestmentReportingCompany_2" xml:lang="en" xlink:role="http://www.xbrl.org/2003/role/verboseLabel" id="label_NumberOfNamesOfSecuritiesEquitySecuritiesNotListedInvestmentEquitySecuritiesHeldForPurposesOtherThanPureInvestmentReportingCompany_2">Number of names of securities, Equity securities not listed, Investment equity securities held for purposes other than pure investment, Reporting company</link:label>
    <link:labelArc xlink:type="arc" xlink:arcrole="http://www.xbrl.org/2003/arcrole/concept-label" xlink:from="NumberOfNamesOfSecuritiesEquitySecuritiesNotListedInvestmentEquitySecuritiesHeldForPurposesOtherThanPureInvestmentReportingCompany" xlink:to="label_NumberOfNamesOfSecuritiesEquitySecuritiesNotListedInvestmentEquitySecuritiesHeldForPurposesOtherThanPureInvestmentReportingCompany_2" />
    <link:label xlink:type="resource" xlink:label="label_BookValueEquitySecuritiesNotListedInvestmentEquitySecuritiesHeldForPurposesOtherThanPureInvestmentReportingCompany" xml:lang="en" xlink:role="http://www.xbrl.org/2003/role/label" id="label_BookValueEquitySecuritiesNotListedInvestmentEquitySecuritiesHeldForPurposesOtherThanPureInvestmentReportingCompany">Book value</link:label>
    <link:labelArc xlink:type="arc" xlink:arcrole="http://www.xbrl.org/2003/arcrole/concept-label" xlink:from="BookValueEquitySecuritiesNotListedInvestmentEquitySecuritiesHeldForPurposesOtherThanPureInvestmentReportingCompany" xlink:to="label_BookValueEquitySecuritiesNotListedInvestmentEquitySecuritiesHeldForPurposesOtherThanPureInvestmentReportingCompany" />
    <link:label xlink:type="resource" xlink:label="label_BookValueEquitySecuritiesNotListedInvestmentEquitySecuritiesHeldForPurposesOtherThanPureInvestmentReportingCompany_2" xml:lang="en" xlink:role="http://www.xbrl.org/2003/role/verboseLabel" id="label_BookValueEquitySecuritiesNotListedInvestmentEquitySecuritiesHeldForPurposesOtherThanPureInvestmentReportingCompany_2">Book value, Equity securities not listed, Investment equity securities held for purposes other than pure investment, Reporting company</link:label>
    <link:labelArc xlink:type="arc" xlink:arcrole="http://www.xbrl.org/2003/arcrole/concept-label" xlink:from="BookValueEquitySecuritiesNotListedInvestmentEquitySecuritiesHeldForPurposesOtherThanPureInvestmentReportingCompany" xlink:to="label_BookValueEquitySecuritiesNotListedInvestmentEquitySecuritiesHeldForPurposesOtherThanPureInvestmentReportingCompany_2" />
    <link:label xlink:type="resource" xlink:label="label_NumberOfNamesOfSecuritiesWhoseNumberOfSharesIncreasedEquitySecuritiesNotListedInvestmentEquitySecuritiesHeldForPurposesOtherThanPureInvestmentReportingCompany" xml:lang="en" xlink:role="http://www.xbrl.org/2003/role/label" id="label_NumberOfNamesOfSecuritiesWhoseNumberOfSharesIncreasedEquitySecuritiesNotListedInvestmentEquitySecuritiesHeldForPurposesOtherThanPureInvestmentReportingCompany">Number of names of securities whose number of shares increased</link:label>
    <link:labelArc xlink:type="arc" xlink:arcrole="http://www.xbrl.org/2003/arcrole/concept-label" xlink:from="NumberOfNamesOfSecuritiesWhoseNumberOfSharesIncreasedEquitySecuritiesNotListedInvestmentEquitySecuritiesHeldForPurposesOtherThanPureInvestmentReportingCompany" xlink:to="label_NumberOfNamesOfSecuritiesWhoseNumberOfSharesIncreasedEquitySecuritiesNotListedInvestmentEquitySecuritiesHeldForPurposesOtherThanPureInvestmentReportingCompany" />
    <link:label xlink:type="resource" xlink:label="label_NumberOfNamesOfSecuritiesWhoseNumberOfSharesIncreasedEquitySecuritiesNotListedInvestmentEquitySecuritiesHeldForPurposesOtherThanPureInvestmentReportingCompany_2" xml:lang="en" xlink:role="http://www.xbrl.org/2003/role/verboseLabel" id="label_NumberOfNamesOfSecuritiesWhoseNumberOfSharesIncreasedEquitySecuritiesNotListedInvestmentEquitySecuritiesHeldForPurposesOtherThanPureInvestmentReportingCompany_2">Number of names of securities whose number of shares increased, Equity securities not listed, Investment equity securities held for purposes other than pure investment, Reporting company</link:label>
    <link:labelArc xlink:type="arc" xlink:arcrole="http://www.xbrl.org/2003/arcrole/concept-label" xlink:from="NumberOfNamesOfSecuritiesWhoseNumberOfSharesIncreasedEquitySecuritiesNotListedInvestmentEquitySecuritiesHeldForPurposesOtherThanPureInvestmentReportingCompany" xlink:to="label_NumberOfNamesOfSecuritiesWhoseNumberOfSharesIncreasedEquitySecuritiesNotListedInvestmentEquitySecuritiesHeldForPurposesOtherThanPureInvestmentReportingCompany_2" />
    <link:label xlink:type="resource" xlink:label="label_TotalAcquisitionCostForIncreasedSharesEquitySecuritiesNotListedInvestmentEquitySecuritiesHeldForPurposesOtherThanPureInvestmentReportingCompany" xml:lang="en" xlink:role="http://www.xbrl.org/2003/role/label" id="label_TotalAcquisitionCostForIncreasedSharesEquitySecuritiesNotListedInvestmentEquitySecuritiesHeldForPurposesOtherThanPureInvestmentReportingCompany">Total acquisition cost for increased shares</link:label>
    <link:labelArc xlink:type="arc" xlink:arcrole="http://www.xbrl.org/2003/arcrole/concept-label" xlink:from="TotalAcquisitionCostForIncreasedSharesEquitySecuritiesNotListedInvestmentEquitySecuritiesHeldForPurposesOtherThanPureInvestmentReportingCompany" xlink:to="label_TotalAcquisitionCostForIncreasedSharesEquitySecuritiesNotListedInvestmentEquitySecuritiesHeldForPurposesOtherThanPureInvestmentReportingCompany" />
    <link:label xlink:type="resource" xlink:label="label_TotalAcquisitionCostForIncreasedSharesEquitySecuritiesNotListedInvestmentEquitySecuritiesHeldForPurposesOtherThanPureInvestmentReportingCompany_2" xml:lang="en" xlink:role="http://www.xbrl.org/2003/role/verboseLabel" id="label_TotalAcquisitionCostForIncreasedSharesEquitySecuritiesNotListedInvestmentEquitySecuritiesHeldForPurposesOtherThanPureInvestmentReportingCompany_2">Total acquisition cost for increased shares, Equity securities not listed, Investment equity securities held for purposes other than pure investment, Reporting company</link:label>
    <link:labelArc xlink:type="arc" xlink:arcrole="http://www.xbrl.org/2003/arcrole/concept-label" xlink:from="TotalAcquisitionCostForIncreasedSharesEquitySecuritiesNotListedInvestmentEquitySecuritiesHeldForPurposesOtherThanPureInvestmentReportingCompany" xlink:to="label_TotalAcquisitionCostForIncreasedSharesEquitySecuritiesNotListedInvestmentEquitySecuritiesHeldForPurposesOtherThanPureInvestmentReportingCompany_2" />
    <link:label xlink:type="resource" xlink:label="label_ReasonForIncreaseInNumberOfSharesEquitySecuritiesNotListedInvestmentEquitySecuritiesHeldForPurposesOtherThanPureInvestmentReportingCompany" xml:lang="en" xlink:role="http://www.xbrl.org/2003/role/label" id="label_ReasonForIncreaseInNumberOfSharesEquitySecuritiesNotListedInvestmentEquitySecuritiesHeldForPurposesOtherThanPureInvestmentReportingCompany">Reason for increase in number of shares</link:label>
    <link:labelArc xlink:type="arc" xlink:arcrole="http://www.xbrl.org/2003/arcrole/concept-label" xlink:from="ReasonForIncreaseInNumberOfSharesEquitySecuritiesNotListedInvestmentEquitySecuritiesHeldForPurposesOtherThanPureInvestmentReportingCompany" xlink:to="label_ReasonForIncreaseInNumberOfSharesEquitySecuritiesNotListedInvestmentEquitySecuritiesHeldForPurposesOtherThanPureInvestmentReportingCompany" />
    <link:label xlink:type="resource" xlink:label="label_ReasonForIncreaseInNumberOfSharesEquitySecuritiesNotListedInvestmentEquitySecuritiesHeldForPurposesOtherThanPureInvestmentReportingCompany_2" xml:lang="en" xlink:role="http://www.xbrl.org/2003/role/verboseLabel" id="label_ReasonForIncreaseInNumberOfSharesEquitySecuritiesNotListedInvestmentEquitySecuritiesHeldForPurposesOtherThanPureInvestmentReportingCompany_2">Reason for increase in number of shares, Equity securities not listed, Investment equity securities held for purposes other than pure investment, Reporting company</link:label>
    <link:labelArc xlink:type="arc" xlink:arcrole="http://www.xbrl.org/2003/arcrole/concept-label" xlink:from="ReasonForIncreaseInNumberOfSharesEquitySecuritiesNotListedInvestmentEquitySecuritiesHeldForPurposesOtherThanPureInvestmentReportingCompany" xlink:to="label_ReasonForIncreaseInNumberOfSharesEquitySecuritiesNotListedInvestmentEquitySecuritiesHeldForPurposesOtherThanPureInvestmentReportingCompany_2" />
    <link:label xlink:type="resource" xlink:label="label_NumberOfNamesOfSecuritiesWhoseNumberOfSharesDecreasedEquitySecuritiesNotListedInvestmentEquitySecuritiesHeldForPurposesOtherThanPureInvestmentReportingCompany" xml:lang="en" xlink:role="http://www.xbrl.org/2003/role/label" id="label_NumberOfNamesOfSecuritiesWhoseNumberOfSharesDecreasedEquitySecuritiesNotListedInvestmentEquitySecuritiesHeldForPurposesOtherThanPureInvestmentReportingCompany">Number of names of securities whose number of shares decreased</link:label>
    <link:labelArc xlink:type="arc" xlink:arcrole="http://www.xbrl.org/2003/arcrole/concept-label" xlink:from="NumberOfNamesOfSecuritiesWhoseNumberOfSharesDecreasedEquitySecuritiesNotListedInvestmentEquitySecuritiesHeldForPurposesOtherThanPureInvestmentReportingCompany" xlink:to="label_NumberOfNamesOfSecuritiesWhoseNumberOfSharesDecreasedEquitySecuritiesNotListedInvestmentEquitySecuritiesHeldForPurposesOtherThanPureInvestmentReportingCompany" />
    <link:label xlink:type="resource" xlink:label="label_NumberOfNamesOfSecuritiesWhoseNumberOfSharesDecreasedEquitySecuritiesNotListedInvestmentEquitySecuritiesHeldForPurposesOtherThanPureInvestmentReportingCompany_2" xml:lang="en" xlink:role="http://www.xbrl.org/2003/role/verboseLabel" id="label_NumberOfNamesOfSecuritiesWhoseNumberOfSharesDecreasedEquitySecuritiesNotListedInvestmentEquitySecuritiesHeldForPurposesOtherThanPureInvestmentReportingCompany_2">Number of names of securities whose number of shares decreased, Equity securities not listed, Investment equity securities held for purposes other than pure investment, Reporting company</link:label>
    <link:labelArc xlink:type="arc" xlink:arcrole="http://www.xbrl.org/2003/arcrole/concept-label" xlink:from="NumberOfNamesOfSecuritiesWhoseNumberOfSharesDecreasedEquitySecuritiesNotListedInvestmentEquitySecuritiesHeldForPurposesOtherThanPureInvestmentReportingCompany" xlink:to="label_NumberOfNamesOfSecuritiesWhoseNumberOfSharesDecreasedEquitySecuritiesNotListedInvestmentEquitySecuritiesHeldForPurposesOtherThanPureInvestmentReportingCompany_2" />
    <link:label xlink:type="resource" xlink:label="label_TotalSalesAmountForDecreasedSharesEquitySecuritiesNotListedInvestmentEquitySecuritiesHeldForPurposesOtherThanPureInvestmentReportingCompany" xml:lang="en" xlink:role="http://www.xbrl.org/2003/role/label" id="label_TotalSalesAmountForDecreasedSharesEquitySecuritiesNotListedInvestmentEquitySecuritiesHeldForPurposesOtherThanPureInvestmentReportingCompany">Total sales amount for decreased shares</link:label>
    <link:labelArc xlink:type="arc" xlink:arcrole="http://www.xbrl.org/2003/arcrole/concept-label" xlink:from="TotalSalesAmountForDecreasedSharesEquitySecuritiesNotListedInvestmentEquitySecuritiesHeldForPurposesOtherThanPureInvestmentReportingCompany" xlink:to="label_TotalSalesAmountForDecreasedSharesEquitySecuritiesNotListedInvestmentEquitySecuritiesHeldForPurposesOtherThanPureInvestmentReportingCompany" />
    <link:label xlink:type="resource" xlink:label="label_TotalSalesAmountForDecreasedSharesEquitySecuritiesNotListedInvestmentEquitySecuritiesHeldForPurposesOtherThanPureInvestmentReportingCompany_2" xml:lang="en" xlink:role="http://www.xbrl.org/2003/role/verboseLabel" id="label_TotalSalesAmountForDecreasedSharesEquitySecuritiesNotListedInvestmentEquitySecuritiesHeldForPurposesOtherThanPureInvestmentReportingCompany_2">Total sales amount for decreased shares, Equity securities not listed, Investment equity securities held for purposes other than pure investment, Reporting company</link:label>
    <link:labelArc xlink:type="arc" xlink:arcrole="http://www.xbrl.org/2003/arcrole/concept-label" xlink:from="TotalSalesAmountForDecreasedSharesEquitySecuritiesNotListedInvestmentEquitySecuritiesHeldForPurposesOtherThanPureInvestmentReportingCompany" xlink:to="label_TotalSalesAmountForDecreasedSharesEquitySecuritiesNotListedInvestmentEquitySecuritiesHeldForPurposesOtherThanPureInvestmentReportingCompany_2" />
    <link:label xlink:type="resource" xlink:label="label_EquitySecuritiesOtherThanThoseNotListedInvestmentEquitySecuritiesHeldForPurposesOtherThanPureInvestmentReportingCompanyAbstract" xml:lang="en" xlink:role="http://www.xbrl.org/2003/role/label" id="label_EquitySecuritiesOtherThanThoseNotListedInvestmentEquitySecuritiesHeldForPurposesOtherThanPureInvestmentReportingCompanyAbstract">Equity securities other than those not listed</link:label>
    <link:labelArc xlink:type="arc" xlink:arcrole="http://www.xbrl.org/2003/arcrole/concept-label" xlink:from="EquitySecuritiesOtherThanThoseNotListedInvestmentEquitySecuritiesHeldForPurposesOtherThanPureInvestmentReportingCompanyAbstract" xlink:to="label_EquitySecuritiesOtherThanThoseNotListedInvestmentEquitySecuritiesHeldForPurposesOtherThanPureInvestmentReportingCompanyAbstract" />
    <link:label xlink:type="resource" xlink:label="label_EquitySecuritiesOtherThanThoseNotListedInvestmentEquitySecuritiesHeldForPurposesOtherThanPureInvestmentReportingCompanyAbstract_2" xml:lang="en" xlink:role="http://www.xbrl.org/2003/role/verboseLabel" id="label_EquitySecuritiesOtherThanThoseNotListedInvestmentEquitySecuritiesHeldForPurposesOtherThanPureInvestmentReportingCompanyAbstract_2">Equity securities other than those not listed, Investment equity securities held for purposes other than pure investment, Reporting company [abstract]</link:label>
    <link:labelArc xlink:type="arc" xlink:arcrole="http://www.xbrl.org/2003/arcrole/concept-label" xlink:from="EquitySecuritiesOtherThanThoseNotListedInvestmentEquitySecuritiesHeldForPurposesOtherThanPureInvestmentReportingCompanyAbstract" xlink:to="label_EquitySecuritiesOtherThanThoseNotListedInvestmentEquitySecuritiesHeldForPurposesOtherThanPureInvestmentReportingCompanyAbstract_2" />
    <link:label xlink:type="resource" xlink:label="label_NumberOfNamesOfSecuritiesEquitySecuritiesOtherThanThoseNotListedInvestmentEquitySecuritiesHeldForPurposesOtherThanPureInvestmentReportingCompany" xml:lang="en" xlink:role="http://www.xbrl.org/2003/role/label" id="label_NumberOfNamesOfSecuritiesEquitySecuritiesOtherThanThoseNotListedInvestmentEquitySecuritiesHeldForPurposesOtherThanPureInvestmentReportingCompany">Number of names of securities</link:label>
    <link:labelArc xlink:type="arc" xlink:arcrole="http://www.xbrl.org/2003/arcrole/concept-label" xlink:from="NumberOfNamesOfSecuritiesEquitySecuritiesOtherThanThoseNotListedInvestmentEquitySecuritiesHeldForPurposesOtherThanPureInvestmentReportingCompany" xlink:to="label_NumberOfNamesOfSecuritiesEquitySecuritiesOtherThanThoseNotListedInvestmentEquitySecuritiesHeldForPurposesOtherThanPureInvestmentReportingCompany" />
    <link:label xlink:type="resource" xlink:label="label_NumberOfNamesOfSecuritiesEquitySecuritiesOtherThanThoseNotListedInvestmentEquitySecuritiesHeldForPurposesOtherThanPureInvestmentReportingCompany_2" xml:lang="en" xlink:role="http://www.xbrl.org/2003/role/verboseLabel" id="label_NumberOfNamesOfSecuritiesEquitySecuritiesOtherThanThoseNotListedInvestmentEquitySecuritiesHeldForPurposesOtherThanPureInvestmentReportingCompany_2">Number of names of securities, Equity securities other than those not listed, Investment equity securities held for purposes other than pure investment, Reporting company</link:label>
    <link:labelArc xlink:type="arc" xlink:arcrole="http://www.xbrl.org/2003/arcrole/concept-label" xlink:from="NumberOfNamesOfSecuritiesEquitySecuritiesOtherThanThoseNotListedInvestmentEquitySecuritiesHeldForPurposesOtherThanPureInvestmentReportingCompany" xlink:to="label_NumberOfNamesOfSecuritiesEquitySecuritiesOtherThanThoseNotListedInvestmentEquitySecuritiesHeldForPurposesOtherThanPureInvestmentReportingCompany_2" />
    <link:label xlink:type="resource" xlink:label="label_BookValueEquitySecuritiesOtherThanThoseNotListedInvestmentEquitySecuritiesHeldForPurposesOtherThanPureInvestmentReportingCompany" xml:lang="en" xlink:role="http://www.xbrl.org/2003/role/label" id="label_BookValueEquitySecuritiesOtherThanThoseNotListedInvestmentEquitySecuritiesHeldForPurposesOtherThanPureInvestmentReportingCompany">Book value</link:label>
    <link:labelArc xlink:type="arc" xlink:arcrole="http://www.xbrl.org/2003/arcrole/concept-label" xlink:from="BookValueEquitySecuritiesOtherThanThoseNotListedInvestmentEquitySecuritiesHeldForPurposesOtherThanPureInvestmentReportingCompany" xlink:to="label_BookValueEquitySecuritiesOtherThanThoseNotListedInvestmentEquitySecuritiesHeldForPurposesOtherThanPureInvestmentReportingCompany" />
    <link:label xlink:type="resource" xlink:label="label_BookValueEquitySecuritiesOtherThanThoseNotListedInvestmentEquitySecuritiesHeldForPurposesOtherThanPureInvestmentReportingCompany_2" xml:lang="en" xlink:role="http://www.xbrl.org/2003/role/verboseLabel" id="label_BookValueEquitySecuritiesOtherThanThoseNotListedInvestmentEquitySecuritiesHeldForPurposesOtherThanPureInvestmentReportingCompany_2">Book value, Equity securities other than those not listed, Investment equity securities held for purposes other than pure investment, Reporting company</link:label>
    <link:labelArc xlink:type="arc" xlink:arcrole="http://www.xbrl.org/2003/arcrole/concept-label" xlink:from="BookValueEquitySecuritiesOtherThanThoseNotListedInvestmentEquitySecuritiesHeldForPurposesOtherThanPureInvestmentReportingCompany" xlink:to="label_BookValueEquitySecuritiesOtherThanThoseNotListedInvestmentEquitySecuritiesHeldForPurposesOtherThanPureInvestmentReportingCompany_2" />
    <link:label xlink:type="resource" xlink:label="label_NumberOfNamesOfSecuritiesWhoseNumberOfSharesIncreasedEquitySecuritiesOtherThanThoseNotListedInvestmentEquitySecuritiesHeldForPurposesOtherThanPureInvestmentReportingCompany" xml:lang="en" xlink:role="http://www.xbrl.org/2003/role/label" id="label_NumberOfNamesOfSecuritiesWhoseNumberOfSharesIncreasedEquitySecuritiesOtherThanThoseNotListedInvestmentEquitySecuritiesHeldForPurposesOtherThanPureInvestmentReportingCompany">Number of names of securities whose number of shares increased</link:label>
    <link:labelArc xlink:type="arc" xlink:arcrole="http://www.xbrl.org/2003/arcrole/concept-label" xlink:from="NumberOfNamesOfSecuritiesWhoseNumberOfSharesIncreasedEquitySecuritiesOtherThanThoseNotListedInvestmentEquitySecuritiesHeldForPurposesOtherThanPureInvestmentReportingCompany" xlink:to="label_NumberOfNamesOfSecuritiesWhoseNumberOfSharesIncreasedEquitySecuritiesOtherThanThoseNotListedInvestmentEquitySecuritiesHeldForPurposesOtherThanPureInvestmentReportingCompany" />
    <link:label xlink:type="resource" xlink:label="label_NumberOfNamesOfSecuritiesWhoseNumberOfSharesIncreasedEquitySecuritiesOtherThanThoseNotListedInvestmentEquitySecuritiesHeldForPurposesOtherThanPureInvestmentReportingCompany_2" xml:lang="en" xlink:role="http://www.xbrl.org/2003/role/verboseLabel" id="label_NumberOfNamesOfSecuritiesWhoseNumberOfSharesIncreasedEquitySecuritiesOtherThanThoseNotListedInvestmentEquitySecuritiesHeldForPurposesOtherThanPureInvestmentReportingCompany_2">Number of names of securities whose number of shares increased, Equity securities other than those not listed, Investment equity securities held for purposes other than pure investment, Reporting company</link:label>
    <link:labelArc xlink:type="arc" xlink:arcrole="http://www.xbrl.org/2003/arcrole/concept-label" xlink:from="NumberOfNamesOfSecuritiesWhoseNumberOfSharesIncreasedEquitySecuritiesOtherThanThoseNotListedInvestmentEquitySecuritiesHeldForPurposesOtherThanPureInvestmentReportingCompany" xlink:to="label_NumberOfNamesOfSecuritiesWhoseNumberOfSharesIncreasedEquitySecuritiesOtherThanThoseNotListedInvestmentEquitySecuritiesHeldForPurposesOtherThanPureInvestmentReportingCompany_2" />
    <link:label xlink:type="resource" xlink:label="label_TotalAcquisitionCostForIncreasedSharesEquitySecuritiesOtherThanThoseNotListedInvestmentEquitySecuritiesHeldForPurposesOtherThanPureInvestmentReportingCompany" xml:lang="en" xlink:role="http://www.xbrl.org/2003/role/label" id="label_TotalAcquisitionCostForIncreasedSharesEquitySecuritiesOtherThanThoseNotListedInvestmentEquitySecuritiesHeldForPurposesOtherThanPureInvestmentReportingCompany">Total acquisition cost for increased shares</link:label>
    <link:labelArc xlink:type="arc" xlink:arcrole="http://www.xbrl.org/2003/arcrole/concept-label" xlink:from="TotalAcquisitionCostForIncreasedSharesEquitySecuritiesOtherThanThoseNotListedInvestmentEquitySecuritiesHeldForPurposesOtherThanPureInvestmentReportingCompany" xlink:to="label_TotalAcquisitionCostForIncreasedSharesEquitySecuritiesOtherThanThoseNotListedInvestmentEquitySecuritiesHeldForPurposesOtherThanPureInvestmentReportingCompany" />
    <link:label xlink:type="resource" xlink:label="label_TotalAcquisitionCostForIncreasedSharesEquitySecuritiesOtherThanThoseNotListedInvestmentEquitySecuritiesHeldForPurposesOtherThanPureInvestmentReportingCompany_2" xml:lang="en" xlink:role="http://www.xbrl.org/2003/role/verboseLabel" id="label_TotalAcquisitionCostForIncreasedSharesEquitySecuritiesOtherThanThoseNotListedInvestmentEquitySecuritiesHeldForPurposesOtherThanPureInvestmentReportingCompany_2">Total acquisition cost for increased shares, Equity securities other than those not listed, Investment equity securities held for purposes other than pure investment, Reporting company</link:label>
    <link:labelArc xlink:type="arc" xlink:arcrole="http://www.xbrl.org/2003/arcrole/concept-label" xlink:from="TotalAcquisitionCostForIncreasedSharesEquitySecuritiesOtherThanThoseNotListedInvestmentEquitySecuritiesHeldForPurposesOtherThanPureInvestmentReportingCompany" xlink:to="label_TotalAcquisitionCostForIncreasedSharesEquitySecuritiesOtherThanThoseNotListedInvestmentEquitySecuritiesHeldForPurposesOtherThanPureInvestmentReportingCompany_2" />
    <link:label xlink:type="resource" xlink:label="label_ReasonForIncreaseInNumberOfSharesEquitySecuritiesOtherThanThoseNotListedInvestmentEquitySecuritiesHeldForPurposesOtherThanPureInvestmentReportingCompany" xml:lang="en" xlink:role="http://www.xbrl.org/2003/role/label" id="label_ReasonForIncreaseInNumberOfSharesEquitySecuritiesOtherThanThoseNotListedInvestmentEquitySecuritiesHeldForPurposesOtherThanPureInvestmentReportingCompany">Reason for increase in number of shares</link:label>
    <link:labelArc xlink:type="arc" xlink:arcrole="http://www.xbrl.org/2003/arcrole/concept-label" xlink:from="ReasonForIncreaseInNumberOfSharesEquitySecuritiesOtherThanThoseNotListedInvestmentEquitySecuritiesHeldForPurposesOtherThanPureInvestmentReportingCompany" xlink:to="label_ReasonForIncreaseInNumberOfSharesEquitySecuritiesOtherThanThoseNotListedInvestmentEquitySecuritiesHeldForPurposesOtherThanPureInvestmentReportingCompany" />
    <link:label xlink:type="resource" xlink:label="label_ReasonForIncreaseInNumberOfSharesEquitySecuritiesOtherThanThoseNotListedInvestmentEquitySecuritiesHeldForPurposesOtherThanPureInvestmentReportingCompany_2" xml:lang="en" xlink:role="http://www.xbrl.org/2003/role/verboseLabel" id="label_ReasonForIncreaseInNumberOfSharesEquitySecuritiesOtherThanThoseNotListedInvestmentEquitySecuritiesHeldForPurposesOtherThanPureInvestmentReportingCompany_2">Reason for increase in number of shares, Equity securities other than those not listed, Investment equity securities held for purposes other than pure investment, Reporting company</link:label>
    <link:labelArc xlink:type="arc" xlink:arcrole="http://www.xbrl.org/2003/arcrole/concept-label" xlink:from="ReasonForIncreaseInNumberOfSharesEquitySecuritiesOtherThanThoseNotListedInvestmentEquitySecuritiesHeldForPurposesOtherThanPureInvestmentReportingCompany" xlink:to="label_ReasonForIncreaseInNumberOfSharesEquitySecuritiesOtherThanThoseNotListedInvestmentEquitySecuritiesHeldForPurposesOtherThanPureInvestmentReportingCompany_2" />
    <link:label xlink:type="resource" xlink:label="label_NumberOfNamesOfSecuritiesWhoseNumberOfSharesDecreasedEquitySecuritiesOtherThanThoseNotListedInvestmentEquitySecuritiesHeldForPurposesOtherThanPureInvestmentReportingCompany" xml:lang="en" xlink:role="http://www.xbrl.org/2003/role/label" id="label_NumberOfNamesOfSecuritiesWhoseNumberOfSharesDecreasedEquitySecuritiesOtherThanThoseNotListedInvestmentEquitySecuritiesHeldForPurposesOtherThanPureInvestmentReportingCompany">Number of names of securities whose number of shares decreased</link:label>
    <link:labelArc xlink:type="arc" xlink:arcrole="http://www.xbrl.org/2003/arcrole/concept-label" xlink:from="NumberOfNamesOfSecuritiesWhoseNumberOfSharesDecreasedEquitySecuritiesOtherThanThoseNotListedInvestmentEquitySecuritiesHeldForPurposesOtherThanPureInvestmentReportingCompany" xlink:to="label_NumberOfNamesOfSecuritiesWhoseNumberOfSharesDecreasedEquitySecuritiesOtherThanThoseNotListedInvestmentEquitySecuritiesHeldForPurposesOtherThanPureInvestmentReportingCompany" />
    <link:label xlink:type="resource" xlink:label="label_NumberOfNamesOfSecuritiesWhoseNumberOfSharesDecreasedEquitySecuritiesOtherThanThoseNotListedInvestmentEquitySecuritiesHeldForPurposesOtherThanPureInvestmentReportingCompany_2" xml:lang="en" xlink:role="http://www.xbrl.org/2003/role/verboseLabel" id="label_NumberOfNamesOfSecuritiesWhoseNumberOfSharesDecreasedEquitySecuritiesOtherThanThoseNotListedInvestmentEquitySecuritiesHeldForPurposesOtherThanPureInvestmentReportingCompany_2">Number of names of securities whose number of shares decreased, Equity securities other than those not listed, Investment equity securities held for purposes other than pure investment, Reporting company</link:label>
    <link:labelArc xlink:type="arc" xlink:arcrole="http://www.xbrl.org/2003/arcrole/concept-label" xlink:from="NumberOfNamesOfSecuritiesWhoseNumberOfSharesDecreasedEquitySecuritiesOtherThanThoseNotListedInvestmentEquitySecuritiesHeldForPurposesOtherThanPureInvestmentReportingCompany" xlink:to="label_NumberOfNamesOfSecuritiesWhoseNumberOfSharesDecreasedEquitySecuritiesOtherThanThoseNotListedInvestmentEquitySecuritiesHeldForPurposesOtherThanPureInvestmentReportingCompany_2" />
    <link:label xlink:type="resource" xlink:label="label_TotalSalesAmountForDecreasedSharesEquitySecuritiesOtherThanThoseNotListedInvestmentEquitySecuritiesHeldForPurposesOtherThanPureInvestmentReportingCompany" xml:lang="en" xlink:role="http://www.xbrl.org/2003/role/label" id="label_TotalSalesAmountForDecreasedSharesEquitySecuritiesOtherThanThoseNotListedInvestmentEquitySecuritiesHeldForPurposesOtherThanPureInvestmentReportingCompany">Total sales amount for decreased shares</link:label>
    <link:labelArc xlink:type="arc" xlink:arcrole="http://www.xbrl.org/2003/arcrole/concept-label" xlink:from="TotalSalesAmountForDecreasedSharesEquitySecuritiesOtherThanThoseNotListedInvestmentEquitySecuritiesHeldForPurposesOtherThanPureInvestmentReportingCompany" xlink:to="label_TotalSalesAmountForDecreasedSharesEquitySecuritiesOtherThanThoseNotListedInvestmentEquitySecuritiesHeldForPurposesOtherThanPureInvestmentReportingCompany" />
    <link:label xlink:type="resource" xlink:label="label_TotalSalesAmountForDecreasedSharesEquitySecuritiesOtherThanThoseNotListedInvestmentEquitySecuritiesHeldForPurposesOtherThanPureInvestmentReportingCompany_2" xml:lang="en" xlink:role="http://www.xbrl.org/2003/role/verboseLabel" id="label_TotalSalesAmountForDecreasedSharesEquitySecuritiesOtherThanThoseNotListedInvestmentEquitySecuritiesHeldForPurposesOtherThanPureInvestmentReportingCompany_2">Total sales amount for decreased shares, Equity securities other than those not listed, Investment equity securities held for purposes other than pure investment, Reporting company</link:label>
    <link:labelArc xlink:type="arc" xlink:arcrole="http://www.xbrl.org/2003/arcrole/concept-label" xlink:from="TotalSalesAmountForDecreasedSharesEquitySecuritiesOtherThanThoseNotListedInvestmentEquitySecuritiesHeldForPurposesOtherThanPureInvestmentReportingCompany" xlink:to="label_TotalSalesAmountForDecreasedSharesEquitySecuritiesOtherThanThoseNotListedInvestmentEquitySecuritiesHeldForPurposesOtherThanPureInvestmentReportingCompany_2" />
    <link:label xlink:type="resource" xlink:label="label_StockBasedCompensationExpenseRemunerationEtcByCategoryOfDirectorsAndOtherOfficers" xml:lang="en" xlink:role="http://www.xbrl.org/2003/role/label" id="label_StockBasedCompensationExpenseRemunerationEtcByCategoryOfDirectorsAndOtherOfficers">Stock based compensation expense</link:label>
    <link:labelArc xlink:type="arc" xlink:arcrole="http://www.xbrl.org/2003/arcrole/concept-label" xlink:from="StockBasedCompensationExpenseRemunerationEtcByCategoryOfDirectorsAndOtherOfficers" xlink:to="label_StockBasedCompensationExpenseRemunerationEtcByCategoryOfDirectorsAndOtherOfficers" />
    <link:label xlink:type="resource" xlink:label="label_StockBasedCompensationExpenseRemunerationEtcByCategoryOfDirectorsAndOtherOfficers_2" xml:lang="en" xlink:role="http://www.xbrl.org/2003/role/verboseLabel" id="label_StockBasedCompensationExpenseRemunerationEtcByCategoryOfDirectorsAndOtherOfficers_2">Stock based compensation expense, Remuneration, etc. by category of directors (and other officers)</link:label>
    <link:labelArc xlink:type="arc" xlink:arcrole="http://www.xbrl.org/2003/arcrole/concept-label" xlink:from="StockBasedCompensationExpenseRemunerationEtcByCategoryOfDirectorsAndOtherOfficers" xlink:to="label_StockBasedCompensationExpenseRemunerationEtcByCategoryOfDirectorsAndOtherOfficers_2" />
    <link:label xlink:type="resource" xlink:label="label_FixedRemunerationRemunerationEtcByCategoryOfDirectorsAndOtherOfficers" xml:lang="en" xlink:role="http://www.xbrl.org/2003/role/label" id="label_FixedRemunerationRemunerationEtcByCategoryOfDirectorsAndOtherOfficers">Fixed remuneration</link:label>
    <link:labelArc xlink:type="arc" xlink:arcrole="http://www.xbrl.org/2003/arcrole/concept-label" xlink:from="FixedRemunerationRemunerationEtcByCategoryOfDirectorsAndOtherOfficers" xlink:to="label_FixedRemunerationRemunerationEtcByCategoryOfDirectorsAndOtherOfficers" />
    <link:label xlink:type="resource" xlink:label="label_FixedRemunerationRemunerationEtcByCategoryOfDirectorsAndOtherOfficers_2" xml:lang="en" xlink:role="http://www.xbrl.org/2003/role/verboseLabel" id="label_FixedRemunerationRemunerationEtcByCategoryOfDirectorsAndOtherOfficers_2">Fixed remuneration, Remuneration, etc. by category of directors (and other officers)</link:label>
    <link:labelArc xlink:type="arc" xlink:arcrole="http://www.xbrl.org/2003/arcrole/concept-label" xlink:from="FixedRemunerationRemunerationEtcByCategoryOfDirectorsAndOtherOfficers" xlink:to="label_FixedRemunerationRemunerationEtcByCategoryOfDirectorsAndOtherOfficers_2" />
    <link:label xlink:type="resource" xlink:label="label_PerformanceBasedRemunerationRemunerationEtcByCategoryOfDirectorsAndOtherOfficers" xml:lang="en" xlink:role="http://www.xbrl.org/2003/role/label" id="label_PerformanceBasedRemunerationRemunerationEtcByCategoryOfDirectorsAndOtherOfficers">Performance-based remuneration</link:label>
    <link:labelArc xlink:type="arc" xlink:arcrole="http://www.xbrl.org/2003/arcrole/concept-label" xlink:from="PerformanceBasedRemunerationRemunerationEtcByCategoryOfDirectorsAndOtherOfficers" xlink:to="label_PerformanceBasedRemunerationRemunerationEtcByCategoryOfDirectorsAndOtherOfficers" />
    <link:label xlink:type="resource" xlink:label="label_PerformanceBasedRemunerationRemunerationEtcByCategoryOfDirectorsAndOtherOfficers_2" xml:lang="en" xlink:role="http://www.xbrl.org/2003/role/verboseLabel" id="label_PerformanceBasedRemunerationRemunerationEtcByCategoryOfDirectorsAndOtherOfficers_2">Performance-based remuneration, Remuneration, etc. by category of directors (and other officers)</link:label>
    <link:labelArc xlink:type="arc" xlink:arcrole="http://www.xbrl.org/2003/arcrole/concept-label" xlink:from="PerformanceBasedRemunerationRemunerationEtcByCategoryOfDirectorsAndOtherOfficers" xlink:to="label_PerformanceBasedRemunerationRemunerationEtcByCategoryOfDirectorsAndOtherOfficers_2" />
    <link:label xlink:type="resource" xlink:label="label_CashCompensationExpenseRemunerationEtcByCategoryOfDirectorsAndOtherOfficersAbstract" xml:lang="en" xlink:role="http://www.xbrl.org/2003/role/label" id="label_CashCompensationExpenseRemunerationEtcByCategoryOfDirectorsAndOtherOfficersAbstract">Cash compensation expense</link:label>
    <link:labelArc xlink:type="arc" xlink:arcrole="http://www.xbrl.org/2003/arcrole/concept-label" xlink:from="CashCompensationExpenseRemunerationEtcByCategoryOfDirectorsAndOtherOfficersAbstract" xlink:to="label_CashCompensationExpenseRemunerationEtcByCategoryOfDirectorsAndOtherOfficersAbstract" />
    <link:label xlink:type="resource" xlink:label="label_CashCompensationExpenseRemunerationEtcByCategoryOfDirectorsAndOtherOfficersAbstract_2" xml:lang="en" xlink:role="http://www.xbrl.org/2003/role/verboseLabel" id="label_CashCompensationExpenseRemunerationEtcByCategoryOfDirectorsAndOtherOfficersAbstract_2">Cash compensation expense, Remuneration, etc. by category of directors (and other officers) [abstract]</link:label>
    <link:labelArc xlink:type="arc" xlink:arcrole="http://www.xbrl.org/2003/arcrole/concept-label" xlink:from="CashCompensationExpenseRemunerationEtcByCategoryOfDirectorsAndOtherOfficersAbstract" xlink:to="label_CashCompensationExpenseRemunerationEtcByCategoryOfDirectorsAndOtherOfficersAbstract_2" />
    <link:label xlink:type="resource" xlink:label="label_RemunerationForDirectorsAndOtherOfficersHeading" xml:lang="en" xlink:role="http://www.xbrl.org/2003/role/label" id="label_RemunerationForDirectorsAndOtherOfficersHeading">Remuneration for directors (and other officers)</link:label>
    <link:labelArc xlink:type="arc" xlink:arcrole="http://www.xbrl.org/2003/arcrole/concept-label" xlink:from="RemunerationForDirectorsAndOtherOfficersHeading" xlink:to="label_RemunerationForDirectorsAndOtherOfficersHeading" />
    <link:label xlink:type="resource" xlink:label="label_RemunerationForDirectorsAndOtherOfficersHeading_2" xml:lang="en" xlink:role="http://www.xbrl.org/2003/role/verboseLabel" id="label_RemunerationForDirectorsAndOtherOfficersHeading_2">Remuneration for directors (and other officers) [heading]</link:label>
    <link:labelArc xlink:type="arc" xlink:arcrole="http://www.xbrl.org/2003/arcrole/concept-label" xlink:from="RemunerationForDirectorsAndOtherOfficersHeading" xlink:to="label_RemunerationForDirectorsAndOtherOfficersHeading_2" />
    <link:label xlink:type="resource" xlink:label="label_WhetherIssuerOfAforementionedSharesHoldsReportingCompanysSharesDetailsOfSpecifiedInvestmentEquitySecuritiesHeldForPurposesOtherThanPureInvestmentReportingCompany" xml:lang="en" xlink:role="http://www.xbrl.org/2003/role/label" id="label_WhetherIssuerOfAforementionedSharesHoldsReportingCompanysSharesDetailsOfSpecifiedInvestmentEquitySecuritiesHeldForPurposesOtherThanPureInvestmentReportingCompany">Whether issuer of aforementioned shares holds reporting company's shares</link:label>
    <link:labelArc xlink:type="arc" xlink:arcrole="http://www.xbrl.org/2003/arcrole/concept-label" xlink:from="WhetherIssuerOfAforementionedSharesHoldsReportingCompanysSharesDetailsOfSpecifiedInvestmentEquitySecuritiesHeldForPurposesOtherThanPureInvestmentReportingCompany" xlink:to="label_WhetherIssuerOfAforementionedSharesHoldsReportingCompanysSharesDetailsOfSpecifiedInvestmentEquitySecuritiesHeldForPurposesOtherThanPureInvestmentReportingCompany" />
    <link:label xlink:type="resource" xlink:label="label_WhetherIssuerOfAforementionedSharesHoldsReportingCompanysSharesDetailsOfSpecifiedInvestmentEquitySecuritiesHeldForPurposesOtherThanPureInvestmentReportingCompany_2" xml:lang="en" xlink:role="http://www.xbrl.org/2003/role/verboseLabel" id="label_WhetherIssuerOfAforementionedSharesHoldsReportingCompanysSharesDetailsOfSpecifiedInvestmentEquitySecuritiesHeldForPurposesOtherThanPureInvestmentReportingCompany_2">Whether issuer of aforementioned shares holds reporting company's shares, Details of specified investment equity securities held for purposes other than pure investment, Reporting company</link:label>
    <link:labelArc xlink:type="arc" xlink:arcrole="http://www.xbrl.org/2003/arcrole/concept-label" xlink:from="WhetherIssuerOfAforementionedSharesHoldsReportingCompanysSharesDetailsOfSpecifiedInvestmentEquitySecuritiesHeldForPurposesOtherThanPureInvestmentReportingCompany" xlink:to="label_WhetherIssuerOfAforementionedSharesHoldsReportingCompanysSharesDetailsOfSpecifiedInvestmentEquitySecuritiesHeldForPurposesOtherThanPureInvestmentReportingCompany_2" />
    <link:label xlink:type="resource" xlink:label="label_EquitySecuritiesHeldHeading" xml:lang="en" xlink:role="http://www.xbrl.org/2003/role/label" id="label_EquitySecuritiesHeldHeading">Equity securities held</link:label>
    <link:labelArc xlink:type="arc" xlink:arcrole="http://www.xbrl.org/2003/arcrole/concept-label" xlink:from="EquitySecuritiesHeldHeading" xlink:to="label_EquitySecuritiesHeldHeading" />
    <link:label xlink:type="resource" xlink:label="label_EquitySecuritiesHeldHeading_2" xml:lang="en" xlink:role="http://www.xbrl.org/2003/role/verboseLabel" id="label_EquitySecuritiesHeldHeading_2">Equity securities held [heading]</link:label>
    <link:labelArc xlink:type="arc" xlink:arcrole="http://www.xbrl.org/2003/arcrole/concept-label" xlink:from="EquitySecuritiesHeldHeading" xlink:to="label_EquitySecuritiesHeldHeading_2" />
    <link:label xlink:type="resource" xlink:label="label_TotalShareholderReturn" xml:lang="en" xlink:role="http://www.xbrl.org/2003/role/label" id="label_TotalShareholderReturn">Total shareholder return</link:label>
    <link:labelArc xlink:type="arc" xlink:arcrole="http://www.xbrl.org/2003/arcrole/concept-label" xlink:from="TotalShareholderReturn" xlink:to="label_TotalShareholderReturn" />
    <link:label xlink:type="resource" xlink:label="label_TotalShareholderReturn_2" xml:lang="en" xlink:role="http://www.xbrl.org/2003/role/verboseLabel" id="label_TotalShareholderReturn_2">Total shareholder return</link:label>
    <link:labelArc xlink:type="arc" xlink:arcrole="http://www.xbrl.org/2003/arcrole/concept-label" xlink:from="TotalShareholderReturn" xlink:to="label_TotalShareholderReturn_2" />
    <link:label xlink:type="resource" xlink:label="label_TotalReturnOnSharePriceIndex" xml:lang="en" xlink:role="http://www.xbrl.org/2003/role/label" id="label_TotalReturnOnSharePriceIndex">Total return on share price index</link:label>
    <link:labelArc xlink:type="arc" xlink:arcrole="http://www.xbrl.org/2003/arcrole/concept-label" xlink:from="TotalReturnOnSharePriceIndex" xlink:to="label_TotalReturnOnSharePriceIndex" />
    <link:label xlink:type="resource" xlink:label="label_TotalReturnOnSharePriceIndex_2" xml:lang="en" xlink:role="http://www.xbrl.org/2003/role/verboseLabel" id="label_TotalReturnOnSharePriceIndex_2">Total return on share price index</link:label>
    <link:labelArc xlink:type="arc" xlink:arcrole="http://www.xbrl.org/2003/arcrole/concept-label" xlink:from="TotalReturnOnSharePriceIndex" xlink:to="label_TotalReturnOnSharePriceIndex_2" />
    <link:label xlink:type="resource" xlink:label="label_OfficialTitleOrPositionInformationAboutDirectorsAndCorporateAuditors" xml:lang="en" xlink:role="http://www.xbrl.org/2003/role/label" id="label_OfficialTitleOrPositionInformationAboutDirectorsAndCorporateAuditors">Official title or position</link:label>
    <link:labelArc xlink:type="arc" xlink:arcrole="http://www.xbrl.org/2003/arcrole/concept-label" xlink:from="OfficialTitleOrPositionInformationAboutDirectorsAndCorporateAuditors" xlink:to="label_OfficialTitleOrPositionInformationAboutDirectorsAndCorporateAuditors" />
    <link:label xlink:type="resource" xlink:label="label_OfficialTitleOrPositionInformationAboutDirectorsAndCorporateAuditors_2" xml:lang="en" xlink:role="http://www.xbrl.org/2003/role/verboseLabel" id="label_OfficialTitleOrPositionInformationAboutDirectorsAndCorporateAuditors_2">Official title or position, Information about directors (and corporate auditors)</link:label>
    <link:labelArc xlink:type="arc" xlink:arcrole="http://www.xbrl.org/2003/arcrole/concept-label" xlink:from="OfficialTitleOrPositionInformationAboutDirectorsAndCorporateAuditors" xlink:to="label_OfficialTitleOrPositionInformationAboutDirectorsAndCorporateAuditors_2" />
    <link:label xlink:type="resource" xlink:label="label_ToshioKagamiMember" xml:lang="en" xlink:role="http://www.xbrl.org/2003/role/verboseLabel" id="label_ToshioKagamiMember">Toshio Kagami [member]</link:label>
    <link:labelArc xlink:type="arc" xlink:arcrole="http://www.xbrl.org/2003/arcrole/concept-label" xlink:from="ToshioKagamiMember" xlink:to="label_ToshioKagamiMember" />
    <link:label xlink:type="resource" xlink:label="label_ToshioKagamiMember_2" xml:lang="en" xlink:role="http://www.xbrl.org/2003/role/label" id="label_ToshioKagamiMember_2">Toshio Kagami</link:label>
    <link:labelArc xlink:type="arc" xlink:arcrole="http://www.xbrl.org/2003/arcrole/concept-label" xlink:from="ToshioKagamiMember" xlink:to="label_ToshioKagamiMember_2" />
    <link:label xlink:type="resource" xlink:label="label_KyoichiroUenishiMember" xml:lang="en" xlink:role="http://www.xbrl.org/2003/role/verboseLabel" id="label_KyoichiroUenishiMember">Kyoichiro Uenishi [member]</link:label>
    <link:labelArc xlink:type="arc" xlink:arcrole="http://www.xbrl.org/2003/arcrole/concept-label" xlink:from="KyoichiroUenishiMember" xlink:to="label_KyoichiroUenishiMember" />
    <link:label xlink:type="resource" xlink:label="label_KyoichiroUenishiMember_2" xml:lang="en" xlink:role="http://www.xbrl.org/2003/role/label" id="label_KyoichiroUenishiMember_2">Kyoichiro Uenishi</link:label>
    <link:labelArc xlink:type="arc" xlink:arcrole="http://www.xbrl.org/2003/arcrole/concept-label" xlink:from="KyoichiroUenishiMember" xlink:to="label_KyoichiroUenishiMember_2" />
    <link:label xlink:type="resource" xlink:label="label_YumikoTakanoMember" xml:lang="en" xlink:role="http://www.xbrl.org/2003/role/verboseLabel" id="label_YumikoTakanoMember">Yumiko Takano [member]</link:label>
    <link:labelArc xlink:type="arc" xlink:arcrole="http://www.xbrl.org/2003/arcrole/concept-label" xlink:from="YumikoTakanoMember" xlink:to="label_YumikoTakanoMember" />
    <link:label xlink:type="resource" xlink:label="label_YumikoTakanoMember_2" xml:lang="en" xlink:role="http://www.xbrl.org/2003/role/label" id="label_YumikoTakanoMember_2">Yumiko Takano</link:label>
    <link:labelArc xlink:type="arc" xlink:arcrole="http://www.xbrl.org/2003/arcrole/concept-label" xlink:from="YumikoTakanoMember" xlink:to="label_YumikoTakanoMember_2" />
    <link:label xlink:type="resource" xlink:label="label_YuichiKatayamaMember" xml:lang="en" xlink:role="http://www.xbrl.org/2003/role/verboseLabel" id="label_YuichiKatayamaMember">Yuichi Katayama [member]</link:label>
    <link:labelArc xlink:type="arc" xlink:arcrole="http://www.xbrl.org/2003/arcrole/concept-label" xlink:from="YuichiKatayamaMember" xlink:to="label_YuichiKatayamaMember" />
    <link:label xlink:type="resource" xlink:label="label_YuichiKatayamaMember_2" xml:lang="en" xlink:role="http://www.xbrl.org/2003/role/label" id="label_YuichiKatayamaMember_2">Yuichi Katayama</link:label>
    <link:labelArc xlink:type="arc" xlink:arcrole="http://www.xbrl.org/2003/arcrole/concept-label" xlink:from="YuichiKatayamaMember" xlink:to="label_YuichiKatayamaMember_2" />
    <link:label xlink:type="resource" xlink:label="label_AkiyoshiYokotaMember" xml:lang="en" xlink:role="http://www.xbrl.org/2003/role/verboseLabel" id="label_AkiyoshiYokotaMember">Akiyoshi Yokota [member]</link:label>
    <link:labelArc xlink:type="arc" xlink:arcrole="http://www.xbrl.org/2003/arcrole/concept-label" xlink:from="AkiyoshiYokotaMember" xlink:to="label_AkiyoshiYokotaMember" />
    <link:label xlink:type="resource" xlink:label="label_AkiyoshiYokotaMember_2" xml:lang="en" xlink:role="http://www.xbrl.org/2003/role/label" id="label_AkiyoshiYokotaMember_2">Akiyoshi Yokota</link:label>
    <link:labelArc xlink:type="arc" xlink:arcrole="http://www.xbrl.org/2003/arcrole/concept-label" xlink:from="AkiyoshiYokotaMember" xlink:to="label_AkiyoshiYokotaMember_2" />
    <link:label xlink:type="resource" xlink:label="label_WataruTakahashiMember" xml:lang="en" xlink:role="http://www.xbrl.org/2003/role/verboseLabel" id="label_WataruTakahashiMember">Wataru Takahashi [member]</link:label>
    <link:labelArc xlink:type="arc" xlink:arcrole="http://www.xbrl.org/2003/arcrole/concept-label" xlink:from="WataruTakahashiMember" xlink:to="label_WataruTakahashiMember" />
    <link:label xlink:type="resource" xlink:label="label_WataruTakahashiMember_2" xml:lang="en" xlink:role="http://www.xbrl.org/2003/role/label" id="label_WataruTakahashiMember_2">Wataru Takahashi</link:label>
    <link:labelArc xlink:type="arc" xlink:arcrole="http://www.xbrl.org/2003/arcrole/concept-label" xlink:from="WataruTakahashiMember" xlink:to="label_WataruTakahashiMember_2" />
    <link:label xlink:type="resource" xlink:label="label_TsutomuHanadaMember" xml:lang="en" xlink:role="http://www.xbrl.org/2003/role/verboseLabel" id="label_TsutomuHanadaMember">Tsutomu Hanada [member]</link:label>
    <link:labelArc xlink:type="arc" xlink:arcrole="http://www.xbrl.org/2003/arcrole/concept-label" xlink:from="TsutomuHanadaMember" xlink:to="label_TsutomuHanadaMember" />
    <link:label xlink:type="resource" xlink:label="label_TsutomuHanadaMember_2" xml:lang="en" xlink:role="http://www.xbrl.org/2003/role/label" id="label_TsutomuHanadaMember_2">Tsutomu Hanada</link:label>
    <link:labelArc xlink:type="arc" xlink:arcrole="http://www.xbrl.org/2003/arcrole/concept-label" xlink:from="TsutomuHanadaMember" xlink:to="label_TsutomuHanadaMember_2" />
    <link:label xlink:type="resource" xlink:label="label_YusaburoMogiMember" xml:lang="en" xlink:role="http://www.xbrl.org/2003/role/verboseLabel" id="label_YusaburoMogiMember">Yusaburo Mogi [member]</link:label>
    <link:labelArc xlink:type="arc" xlink:arcrole="http://www.xbrl.org/2003/arcrole/concept-label" xlink:from="YusaburoMogiMember" xlink:to="label_YusaburoMogiMember" />
    <link:label xlink:type="resource" xlink:label="label_YusaburoMogiMember_2" xml:lang="en" xlink:role="http://www.xbrl.org/2003/role/label" id="label_YusaburoMogiMember_2">Yusaburo Mogi</link:label>
    <link:labelArc xlink:type="arc" xlink:arcrole="http://www.xbrl.org/2003/arcrole/concept-label" xlink:from="YusaburoMogiMember" xlink:to="label_YusaburoMogiMember_2" />
    <link:label xlink:type="resource" xlink:label="label_ShigeruSuzukiMember" xml:lang="en" xlink:role="http://www.xbrl.org/2003/role/verboseLabel" id="label_ShigeruSuzukiMember">Shigeru Suzuki [member]</link:label>
    <link:labelArc xlink:type="arc" xlink:arcrole="http://www.xbrl.org/2003/arcrole/concept-label" xlink:from="ShigeruSuzukiMember" xlink:to="label_ShigeruSuzukiMember" />
    <link:label xlink:type="resource" xlink:label="label_ShigeruSuzukiMember_2" xml:lang="en" xlink:role="http://www.xbrl.org/2003/role/label" id="label_ShigeruSuzukiMember_2">Shigeru Suzuki</link:label>
    <link:labelArc xlink:type="arc" xlink:arcrole="http://www.xbrl.org/2003/arcrole/concept-label" xlink:from="ShigeruSuzukiMember" xlink:to="label_ShigeruSuzukiMember_2" />
    <link:label xlink:type="resource" xlink:label="label_TetsuoSudaMember" xml:lang="en" xlink:role="http://www.xbrl.org/2003/role/verboseLabel" id="label_TetsuoSudaMember">Tetsuo Suda [member]</link:label>
    <link:labelArc xlink:type="arc" xlink:arcrole="http://www.xbrl.org/2003/arcrole/concept-label" xlink:from="TetsuoSudaMember" xlink:to="label_TetsuoSudaMember" />
    <link:label xlink:type="resource" xlink:label="label_TetsuoSudaMember_2" xml:lang="en" xlink:role="http://www.xbrl.org/2003/role/label" id="label_TetsuoSudaMember_2">Tetsuo Suda</link:label>
    <link:labelArc xlink:type="arc" xlink:arcrole="http://www.xbrl.org/2003/arcrole/concept-label" xlink:from="TetsuoSudaMember" xlink:to="label_TetsuoSudaMember_2" />
    <link:label xlink:type="resource" xlink:label="label_HiroshiOtsukaMember" xml:lang="en" xlink:role="http://www.xbrl.org/2003/role/verboseLabel" id="label_HiroshiOtsukaMember">Hiroshi Otsuka [member]</link:label>
    <link:labelArc xlink:type="arc" xlink:arcrole="http://www.xbrl.org/2003/arcrole/concept-label" xlink:from="HiroshiOtsukaMember" xlink:to="label_HiroshiOtsukaMember" />
    <link:label xlink:type="resource" xlink:label="label_HiroshiOtsukaMember_2" xml:lang="en" xlink:role="http://www.xbrl.org/2003/role/label" id="label_HiroshiOtsukaMember_2">Hiroshi Otsuka</link:label>
    <link:labelArc xlink:type="arc" xlink:arcrole="http://www.xbrl.org/2003/arcrole/concept-label" xlink:from="HiroshiOtsukaMember" xlink:to="label_HiroshiOtsukaMember_2" />
    <link:label xlink:type="resource" xlink:label="label_TatsuoKainakaMember" xml:lang="en" xlink:role="http://www.xbrl.org/2003/role/verboseLabel" id="label_TatsuoKainakaMember">Tatsuo Kainaka [member]</link:label>
    <link:labelArc xlink:type="arc" xlink:arcrole="http://www.xbrl.org/2003/arcrole/concept-label" xlink:from="TatsuoKainakaMember" xlink:to="label_TatsuoKainakaMember" />
    <link:label xlink:type="resource" xlink:label="label_TatsuoKainakaMember_2" xml:lang="en" xlink:role="http://www.xbrl.org/2003/role/label" id="label_TatsuoKainakaMember_2">Tatsuo Kainaka</link:label>
    <link:labelArc xlink:type="arc" xlink:arcrole="http://www.xbrl.org/2003/arcrole/concept-label" xlink:from="TatsuoKainakaMember" xlink:to="label_TatsuoKainakaMember_2" />
    <link:label xlink:type="resource" xlink:label="label_YuichiKanekiMember" xml:lang="en" xlink:role="http://www.xbrl.org/2003/role/label" id="label_YuichiKanekiMember">Yuichi kaneki</link:label>
    <link:labelArc xlink:type="arc" xlink:arcrole="http://www.xbrl.org/2003/arcrole/concept-label" xlink:from="YuichiKanekiMember" xlink:to="label_YuichiKanekiMember" />
    <link:label xlink:type="resource" xlink:label="label_YuichiKanekiMember_2" xml:lang="en" xlink:role="http://www.xbrl.org/2003/role/verboseLabel" id="label_YuichiKanekiMember_2">Yuichi kaneki [member]</link:label>
    <link:labelArc xlink:type="arc" xlink:arcrole="http://www.xbrl.org/2003/arcrole/concept-label" xlink:from="YuichiKanekiMember" xlink:to="label_YuichiKanekiMember_2" />
    <link:label xlink:type="resource" xlink:label="label_RikaKanbaraMember" xml:lang="en" xlink:role="http://www.xbrl.org/2003/role/label" id="label_RikaKanbaraMember">Rika Kanbara</link:label>
    <link:labelArc xlink:type="arc" xlink:arcrole="http://www.xbrl.org/2003/arcrole/concept-label" xlink:from="RikaKanbaraMember" xlink:to="label_RikaKanbaraMember" />
    <link:label xlink:type="resource" xlink:label="label_RikaKanbaraMember_2" xml:lang="en" xlink:role="http://www.xbrl.org/2003/role/verboseLabel" id="label_RikaKanbaraMember_2">Rika Kanbara [member]</link:label>
    <link:labelArc xlink:type="arc" xlink:arcrole="http://www.xbrl.org/2003/arcrole/concept-label" xlink:from="RikaKanbaraMember" xlink:to="label_RikaKanbaraMember_2" />
  </link:labelLink>
</link:linkbase>