<?xml version="1.0" encoding="utf-8"?>
<!-- Generated by PRONEXUS WORKS -->
<link:linkbase xmlns:link="http://www.xbrl.org/2003/linkbase" xmlns:xsi="http://www.w3.org/2001/XMLSchema-instance" xmlns:xbrli="http://www.xbrl.org/2003/instance" xmlns:xlink="http://www.w3.org/1999/xlink">
  <link:labelLink xlink:type="extended" xlink:role="http://www.xbrl.org/2003/role/link">
    <link:loc xlink:type="locator" xlink:href="jpcrp040300-q1r-001_E04272-000_2019-06-30_01_2019-08-01.xsd#jpcrp040300-q1r_E04272-000_AccountsPayableInstallmentPurchaseCL" xlink:label="AccountsPayableInstallmentPurchaseCL" />
    <link:loc xlink:type="locator" xlink:href="jpcrp040300-q1r-001_E04272-000_2019-06-30_01_2019-08-01.xsd#jpcrp040300-q1r_E04272-000_CostOfOperatingRevenuesCOSExpOA" xlink:label="CostOfOperatingRevenuesCOSExpOA" />
    <link:loc xlink:type="locator" xlink:href="jpcrp040300-q1r-001_E04272-000_2019-06-30_01_2019-08-01.xsd#jpcrp040300-q1r_E04272-000_LossOnSalesAndDisposalOfFlightEquipmentNOE" xlink:label="LossOnSalesAndDisposalOfFlightEquipmentNOE" />
    <link:loc xlink:type="locator" xlink:href="jpcrp040300-q1r-001_E04272-000_2019-06-30_01_2019-08-01.xsd#jpcrp040300-q1r_E04272-000_AirTransportationReportableSegmentsMember" xlink:label="AirTransportationReportableSegmentsMember" />
    <link:label xlink:type="resource" xlink:label="label_CostOfOperatingRevenuesCOSExpOA" xml:lang="ja" xlink:role="http://www.xbrl.org/2003/role/label" id="label_CostOfOperatingRevenuesCOSExpOA">事業費</link:label>
    <link:labelArc xlink:type="arc" xlink:arcrole="http://www.xbrl.org/2003/arcrole/concept-label" xlink:from="CostOfOperatingRevenuesCOSExpOA" xlink:to="label_CostOfOperatingRevenuesCOSExpOA" />
    <link:label xlink:type="resource" xlink:label="label_CostOfOperatingRevenuesCOSExpOA_2" xml:lang="ja" xlink:role="http://www.xbrl.org/2003/role/totalLabel" id="label_CostOfOperatingRevenuesCOSExpOA_2">事業費合計</link:label>
    <link:labelArc xlink:type="arc" xlink:arcrole="http://www.xbrl.org/2003/arcrole/concept-label" xlink:from="CostOfOperatingRevenuesCOSExpOA" xlink:to="label_CostOfOperatingRevenuesCOSExpOA_2" />
    <link:label xlink:type="resource" xlink:label="label_CostOfOperatingRevenuesCOSExpOA_3" xml:lang="ja" xlink:role="http://www.xbrl.org/2003/role/verboseLabel" id="label_CostOfOperatingRevenuesCOSExpOA_3">事業費、営業活動による費用・売上原価</link:label>
    <link:labelArc xlink:type="arc" xlink:arcrole="http://www.xbrl.org/2003/arcrole/concept-label" xlink:from="CostOfOperatingRevenuesCOSExpOA" xlink:to="label_CostOfOperatingRevenuesCOSExpOA_3" />
    <link:label xlink:type="resource" xlink:label="label_LossOnSalesAndDisposalOfFlightEquipmentNOE" xml:lang="ja" xlink:role="http://www.xbrl.org/2003/role/label" id="label_LossOnSalesAndDisposalOfFlightEquipmentNOE">航空機材処分損</link:label>
    <link:labelArc xlink:type="arc" xlink:arcrole="http://www.xbrl.org/2003/arcrole/concept-label" xlink:from="LossOnSalesAndDisposalOfFlightEquipmentNOE" xlink:to="label_LossOnSalesAndDisposalOfFlightEquipmentNOE" />
    <link:label xlink:type="resource" xlink:label="label_LossOnSalesAndDisposalOfFlightEquipmentNOE_2" xml:lang="ja" xlink:role="http://www.xbrl.org/2003/role/verboseLabel" id="label_LossOnSalesAndDisposalOfFlightEquipmentNOE_2">航空機材処分損、営業外費用</link:label>
    <link:labelArc xlink:type="arc" xlink:arcrole="http://www.xbrl.org/2003/arcrole/concept-label" xlink:from="LossOnSalesAndDisposalOfFlightEquipmentNOE" xlink:to="label_LossOnSalesAndDisposalOfFlightEquipmentNOE_2" />
    <link:label xlink:type="resource" xlink:label="label_AccountsPayableInstallmentPurchaseCL" xml:lang="ja" xlink:role="http://www.xbrl.org/2003/role/label" id="label_AccountsPayableInstallmentPurchaseCL">割賦未払金</link:label>
    <link:labelArc xlink:type="arc" xlink:arcrole="http://www.xbrl.org/2003/arcrole/concept-label" xlink:from="AccountsPayableInstallmentPurchaseCL" xlink:to="label_AccountsPayableInstallmentPurchaseCL" />
    <link:label xlink:type="resource" xlink:label="label_AccountsPayableInstallmentPurchaseCL_2" xml:lang="ja" xlink:role="http://www.xbrl.org/2003/role/verboseLabel" id="label_AccountsPayableInstallmentPurchaseCL_2">割賦未払金、流動負債</link:label>
    <link:labelArc xlink:type="arc" xlink:arcrole="http://www.xbrl.org/2003/arcrole/concept-label" xlink:from="AccountsPayableInstallmentPurchaseCL" xlink:to="label_AccountsPayableInstallmentPurchaseCL_2" />
    <link:label xlink:type="resource" xlink:label="label_AirTransportationReportableSegmentsMember" xml:lang="ja" xlink:role="http://www.xbrl.org/2003/role/label" id="label_AirTransportationReportableSegmentsMember">航空運送事業</link:label>
    <link:labelArc xlink:type="arc" xlink:arcrole="http://www.xbrl.org/2003/arcrole/concept-label" xlink:from="AirTransportationReportableSegmentsMember" xlink:to="label_AirTransportationReportableSegmentsMember" />
    <link:label xlink:type="resource" xlink:label="label_AirTransportationReportableSegmentsMember_2" xml:lang="ja" xlink:role="http://www.xbrl.org/2003/role/verboseLabel" id="label_AirTransportationReportableSegmentsMember_2">航空運送事業、報告セグメント [メンバー]</link:label>
    <link:labelArc xlink:type="arc" xlink:arcrole="http://www.xbrl.org/2003/arcrole/concept-label" xlink:from="AirTransportationReportableSegmentsMember" xlink:to="label_AirTransportationReportableSegmentsMember_2" />
  </link:labelLink>
</link:linkbase>