<?xml version="1.0" encoding="utf-8"?>
<!-- Generated by PRONEXUS WORKS -->
<link:linkbase xmlns:link="http://www.xbrl.org/2003/linkbase" xmlns:xsi="http://www.w3.org/2001/XMLSchema-instance" xmlns:xbrli="http://www.xbrl.org/2003/instance" xmlns:xlink="http://www.w3.org/1999/xlink">
  <link:labelLink xlink:type="extended" xlink:role="http://www.xbrl.org/2003/role/link">
    <link:loc xlink:type="locator" xlink:href="jpcrp040300-q1r-001_E04272-000_2019-06-30_01_2019-08-01.xsd#jpcrp040300-q1r_E04272-000_AccountsPayableInstallmentPurchaseCL" xlink:label="AccountsPayableInstallmentPurchaseCL" />
    <link:loc xlink:type="locator" xlink:href="jpcrp040300-q1r-001_E04272-000_2019-06-30_01_2019-08-01.xsd#jpcrp040300-q1r_E04272-000_CostOfOperatingRevenuesCOSExpOA" xlink:label="CostOfOperatingRevenuesCOSExpOA" />
    <link:loc xlink:type="locator" xlink:href="jpcrp040300-q1r-001_E04272-000_2019-06-30_01_2019-08-01.xsd#jpcrp040300-q1r_E04272-000_LossOnSalesAndDisposalOfFlightEquipmentNOE" xlink:label="LossOnSalesAndDisposalOfFlightEquipmentNOE" />
    <link:loc xlink:type="locator" xlink:href="jpcrp040300-q1r-001_E04272-000_2019-06-30_01_2019-08-01.xsd#jpcrp040300-q1r_E04272-000_AirTransportationReportableSegmentsMember" xlink:label="AirTransportationReportableSegmentsMember" />
    <link:label xlink:type="resource" xlink:label="label_CostOfOperatingRevenuesCOSExpOA" xml:lang="en" xlink:role="http://www.xbrl.org/2003/role/label" id="label_CostOfOperatingRevenuesCOSExpOA">Cost of operating revenues</link:label>
    <link:labelArc xlink:type="arc" xlink:arcrole="http://www.xbrl.org/2003/arcrole/concept-label" xlink:from="CostOfOperatingRevenuesCOSExpOA" xlink:to="label_CostOfOperatingRevenuesCOSExpOA" />
    <link:label xlink:type="resource" xlink:label="label_CostOfOperatingRevenuesCOSExpOA_2" xml:lang="en" xlink:role="http://www.xbrl.org/2003/role/totalLabel" id="label_CostOfOperatingRevenuesCOSExpOA_2">Total cost of operating revenues</link:label>
    <link:labelArc xlink:type="arc" xlink:arcrole="http://www.xbrl.org/2003/arcrole/concept-label" xlink:from="CostOfOperatingRevenuesCOSExpOA" xlink:to="label_CostOfOperatingRevenuesCOSExpOA_2" />
    <link:label xlink:type="resource" xlink:label="label_CostOfOperatingRevenuesCOSExpOA_3" xml:lang="en" xlink:role="http://www.xbrl.org/2003/role/verboseLabel" id="label_CostOfOperatingRevenuesCOSExpOA_3">Cost of operating revenues-COSExpOA</link:label>
    <link:labelArc xlink:type="arc" xlink:arcrole="http://www.xbrl.org/2003/arcrole/concept-label" xlink:from="CostOfOperatingRevenuesCOSExpOA" xlink:to="label_CostOfOperatingRevenuesCOSExpOA_3" />
    <link:label xlink:type="resource" xlink:label="label_LossOnSalesAndDisposalOfFlightEquipmentNOE" xml:lang="en" xlink:role="http://www.xbrl.org/2003/role/label" id="label_LossOnSalesAndDisposalOfFlightEquipmentNOE">Loss on sales and disposal of flight equipment</link:label>
    <link:labelArc xlink:type="arc" xlink:arcrole="http://www.xbrl.org/2003/arcrole/concept-label" xlink:from="LossOnSalesAndDisposalOfFlightEquipmentNOE" xlink:to="label_LossOnSalesAndDisposalOfFlightEquipmentNOE" />
    <link:label xlink:type="resource" xlink:label="label_LossOnSalesAndDisposalOfFlightEquipmentNOE_2" xml:lang="en" xlink:role="http://www.xbrl.org/2003/role/verboseLabel" id="label_LossOnSalesAndDisposalOfFlightEquipmentNOE_2">Loss on sales and disposal of flight equipment-NOE</link:label>
    <link:labelArc xlink:type="arc" xlink:arcrole="http://www.xbrl.org/2003/arcrole/concept-label" xlink:from="LossOnSalesAndDisposalOfFlightEquipmentNOE" xlink:to="label_LossOnSalesAndDisposalOfFlightEquipmentNOE_2" />
    <link:label xlink:type="resource" xlink:label="label_AccountsPayableInstallmentPurchaseCL" xml:lang="en" xlink:role="http://www.xbrl.org/2003/role/label" id="label_AccountsPayableInstallmentPurchaseCL">Accounts payable-installment purchase</link:label>
    <link:labelArc xlink:type="arc" xlink:arcrole="http://www.xbrl.org/2003/arcrole/concept-label" xlink:from="AccountsPayableInstallmentPurchaseCL" xlink:to="label_AccountsPayableInstallmentPurchaseCL" />
    <link:label xlink:type="resource" xlink:label="label_AccountsPayableInstallmentPurchaseCL_2" xml:lang="en" xlink:role="http://www.xbrl.org/2003/role/verboseLabel" id="label_AccountsPayableInstallmentPurchaseCL_2">Accounts payable-installment purchase-CL</link:label>
    <link:labelArc xlink:type="arc" xlink:arcrole="http://www.xbrl.org/2003/arcrole/concept-label" xlink:from="AccountsPayableInstallmentPurchaseCL" xlink:to="label_AccountsPayableInstallmentPurchaseCL_2" />
    <link:label xlink:type="resource" xlink:label="label_AirTransportationReportableSegmentsMember" xml:lang="en" xlink:role="http://www.xbrl.org/2003/role/label" id="label_AirTransportationReportableSegmentsMember">Air transportation</link:label>
    <link:labelArc xlink:type="arc" xlink:arcrole="http://www.xbrl.org/2003/arcrole/concept-label" xlink:from="AirTransportationReportableSegmentsMember" xlink:to="label_AirTransportationReportableSegmentsMember" />
    <link:label xlink:type="resource" xlink:label="label_AirTransportationReportableSegmentsMember_2" xml:lang="en" xlink:role="http://www.xbrl.org/2003/role/verboseLabel" id="label_AirTransportationReportableSegmentsMember_2">Air transportation, Reportable segments [member]</link:label>
    <link:labelArc xlink:type="arc" xlink:arcrole="http://www.xbrl.org/2003/arcrole/concept-label" xlink:from="AirTransportationReportableSegmentsMember" xlink:to="label_AirTransportationReportableSegmentsMember_2" />
  </link:labelLink>
</link:linkbase>