<?xml version="1.0" encoding="utf-8"?>
<!-- Generated by PRONEXUS WORKS -->
<link:linkbase xmlns:link="http://www.xbrl.org/2003/linkbase" xmlns:xsi="http://www.w3.org/2001/XMLSchema-instance" xmlns:xbrli="http://www.xbrl.org/2003/instance" xmlns:xlink="http://www.w3.org/1999/xlink">
  <link:roleRef xlink:type="simple" roleURI="http://disclosure.edinet-fsa.go.jp/role/jpcrp/rol_IndependentAuditorsReport" xlink:href="http://disclosure.edinet-fsa.go.jp/taxonomy/jpcrp/2019-02-28/jpcrp_rt_2019-02-28.xsd#rol_IndependentAuditorsReport" />
  <link:presentationLink xlink:type="extended" xlink:role="http://disclosure.edinet-fsa.go.jp/role/jpcrp/rol_IndependentAuditorsReport">
    <link:loc xlink:type="locator" xlink:href="http://disclosure.edinet-fsa.go.jp/taxonomy/jpcrp/2019-02-28/jpcrp_cor_2019-02-28.xsd#jpcrp_cor_IndependentAuditorsReportHeading" xlink:label="IndependentAuditorsReportHeading" />
    <link:loc xlink:type="locator" xlink:href="http://disclosure.edinet-fsa.go.jp/taxonomy/jpcrp/2019-02-28/jpcrp_cor_2019-02-28.xsd#jpcrp_cor_IndependentAuditorsReportConsolidatedTextBlock" xlink:label="IndependentAuditorsReportConsolidatedTextBlock_2" />
    <link:presentationArc xlink:type="arc" xlink:arcrole="http://www.xbrl.org/2003/arcrole/parent-child" xlink:from="IndependentAuditorsReportHeading" xlink:to="IndependentAuditorsReportConsolidatedTextBlock_2" order="1.0" />
    <link:loc xlink:type="locator" xlink:href="http://disclosure.edinet-fsa.go.jp/taxonomy/jpcrp/2019-02-28/jpcrp_cor_2019-02-28.xsd#jpcrp_cor_IndependentAuditorsReportConsolidatedTextBlock" xlink:label="IndependentAuditorsReportConsolidatedTextBlock" />
    <link:loc xlink:type="locator" xlink:href="http://disclosure.edinet-fsa.go.jp/taxonomy/jpcrp/2019-02-28/jpcrp_cor_2019-02-28.xsd#jpcrp_cor_AuditFirm1Consolidated" xlink:label="AuditFirm1Consolidated_2" />
    <link:presentationArc xlink:type="arc" xlink:arcrole="http://www.xbrl.org/2003/arcrole/parent-child" xlink:from="IndependentAuditorsReportConsolidatedTextBlock" xlink:to="AuditFirm1Consolidated_2" order="1.0" />
    <link:loc xlink:type="locator" xlink:href="http://disclosure.edinet-fsa.go.jp/taxonomy/jpcrp/2019-02-28/jpcrp_cor_2019-02-28.xsd#jpcrp_cor_AuditFirm1Consolidated" xlink:label="AuditFirm1Consolidated" />
    <link:loc xlink:type="locator" xlink:href="http://disclosure.edinet-fsa.go.jp/taxonomy/jpcrp/2019-02-28/jpcrp_cor_2019-02-28.xsd#jpcrp_cor_CPA1AuditFirm1Consolidated" xlink:label="CPA1AuditFirm1Consolidated" />
    <link:presentationArc xlink:type="arc" xlink:arcrole="http://www.xbrl.org/2003/arcrole/parent-child" xlink:from="AuditFirm1Consolidated" xlink:to="CPA1AuditFirm1Consolidated" order="1.0" />
    <link:loc xlink:type="locator" xlink:href="http://disclosure.edinet-fsa.go.jp/taxonomy/jpcrp/2019-02-28/jpcrp_cor_2019-02-28.xsd#jpcrp_cor_CPA2AuditFirm1Consolidated" xlink:label="CPA2AuditFirm1Consolidated" />
    <link:presentationArc xlink:type="arc" xlink:arcrole="http://www.xbrl.org/2003/arcrole/parent-child" xlink:from="AuditFirm1Consolidated" xlink:to="CPA2AuditFirm1Consolidated" order="2.0" />
    <link:loc xlink:type="locator" xlink:href="http://disclosure.edinet-fsa.go.jp/taxonomy/jpcrp/2019-02-28/jpcrp_cor_2019-02-28.xsd#jpcrp_cor_CPA3AuditFirm1Consolidated" xlink:label="CPA3AuditFirm1Consolidated" />
    <link:presentationArc xlink:type="arc" xlink:arcrole="http://www.xbrl.org/2003/arcrole/parent-child" xlink:from="AuditFirm1Consolidated" xlink:to="CPA3AuditFirm1Consolidated" order="3.0" />
  </link:presentationLink>
</link:linkbase>