﻿<?xml version="1.0" encoding="utf-8"?>
<!-- Edited with FutureStage XBRL Solution Library .NET 01-11 -->
<link:linkbase xmlns:xlink="http://www.w3.org/1999/xlink" xmlns:xsi="http://www.w3.org/2001/XMLSchema-instance" xmlns:link="http://www.xbrl.org/2003/linkbase">
  <link:labelLink xlink:type="extended" xlink:role="http://www.xbrl.org/2003/role/link">
    <link:label xml:lang="ja" xlink:type="resource" xlink:label="jpcrp040300-q2r_E27486-000_NotesChangesInAccountingPoliciesQuarterlyFinancialStatementsTextBlock_label" xlink:role="http://www.xbrl.org/2003/role/label">会計方針の変更等</link:label>
    <link:label xml:lang="ja" xlink:type="resource" xlink:label="jpcrp040300-q2r_E27486-000_NotesChangesInAccountingPoliciesQuarterlyFinancialStatementsTextBlock_label_1" xlink:role="http://www.xbrl.org/2003/role/verboseLabel">会計方針の変更等、四半期財務諸表 [テキストブロック]</link:label>
    <link:loc xlink:type="locator" xlink:href="jpcrp040300-q2r-001_E27486-000_2020-06-30_01_2020-08-07.xsd#jpcrp040300-q2r_E27486-000_NotesChangesInAccountingPoliciesQuarterlyFinancialStatementsTextBlock" xlink:label="jpcrp040300-q2r_E27486-000_NotesChangesInAccountingPoliciesQuarterlyFinancialStatementsTextBlock" />
    <link:labelArc xlink:type="arc" xlink:from="jpcrp040300-q2r_E27486-000_NotesChangesInAccountingPoliciesQuarterlyFinancialStatementsTextBlock" xlink:to="jpcrp040300-q2r_E27486-000_NotesChangesInAccountingPoliciesQuarterlyFinancialStatementsTextBlock_label_1" xlink:arcrole="http://www.xbrl.org/2003/arcrole/concept-label" order="1" />
    <link:labelArc xlink:type="arc" xlink:from="jpcrp040300-q2r_E27486-000_NotesChangesInAccountingPoliciesQuarterlyFinancialStatementsTextBlock" xlink:to="jpcrp040300-q2r_E27486-000_NotesChangesInAccountingPoliciesQuarterlyFinancialStatementsTextBlock_label" xlink:arcrole="http://www.xbrl.org/2003/arcrole/concept-label" order="1" />
  </link:labelLink>
</link:linkbase>