<?xml version="1.0" encoding="utf-8"?>
<!-- Generated by PRONEXUS WORKS -->
<link:linkbase xmlns:link="http://www.xbrl.org/2003/linkbase" xmlns:xsi="http://www.w3.org/2001/XMLSchema-instance" xmlns:xbrli="http://www.xbrl.org/2003/instance" xmlns:xlink="http://www.w3.org/1999/xlink">
  <link:roleRef xlink:type="simple" roleURI="http://disclosure.edinet-fsa.go.jp/jppfs/cte/role/label" xlink:href="http://disclosure.edinet-fsa.go.jp/taxonomy/jppfs/2019-11-01/jppfs_rt_2019-11-01.xsd#rol_CTELabel" />
  <link:labelLink xlink:type="extended" xlink:role="http://www.xbrl.org/2003/role/link">
    <link:loc xlink:type="locator" xlink:href="jpcrp030000-asr-001_E04707-000_2020-03-31_01_2020-06-26.xsd#jpcrp030000-asr_E04707-000_InsuranceReceivedAndInsuranceDividendsNOI" xlink:label="InsuranceReceivedAndInsuranceDividendsNOI" />
    <link:loc xlink:type="locator" xlink:href="jpcrp030000-asr-001_E04707-000_2020-03-31_01_2020-06-26.xsd#jpcrp030000-asr_E04707-000_ToshioKagamiMember" xlink:label="ToshioKagamiMember" />
    <link:loc xlink:type="locator" xlink:href="jpcrp030000-asr-001_E04707-000_2020-03-31_01_2020-06-26.xsd#jpcrp030000-asr_E04707-000_KyoichiroUenishiMember" xlink:label="KyoichiroUenishiMember" />
    <link:loc xlink:type="locator" xlink:href="jpcrp030000-asr-001_E04707-000_2020-03-31_01_2020-06-26.xsd#jpcrp030000-asr_E04707-000_YumikoTakanoMember" xlink:label="YumikoTakanoMember" />
    <link:loc xlink:type="locator" xlink:href="jpcrp030000-asr-001_E04707-000_2020-03-31_01_2020-06-26.xsd#jpcrp030000-asr_E04707-000_YuichiKatayamaMember" xlink:label="YuichiKatayamaMember" />
    <link:loc xlink:type="locator" xlink:href="jpcrp030000-asr-001_E04707-000_2020-03-31_01_2020-06-26.xsd#jpcrp030000-asr_E04707-000_AkiyoshiYokotaMember" xlink:label="AkiyoshiYokotaMember" />
    <link:loc xlink:type="locator" xlink:href="jpcrp030000-asr-001_E04707-000_2020-03-31_01_2020-06-26.xsd#jpcrp030000-asr_E04707-000_WataruTakahashiMember" xlink:label="WataruTakahashiMember" />
    <link:loc xlink:type="locator" xlink:href="jpcrp030000-asr-001_E04707-000_2020-03-31_01_2020-06-26.xsd#jpcrp030000-asr_E04707-000_YuichiKanekiMember" xlink:label="YuichiKanekiMember" />
    <link:loc xlink:type="locator" xlink:href="jpcrp030000-asr-001_E04707-000_2020-03-31_01_2020-06-26.xsd#jpcrp030000-asr_E04707-000_RikaKanbaraMember" xlink:label="RikaKanbaraMember" />
    <link:loc xlink:type="locator" xlink:href="jpcrp030000-asr-001_E04707-000_2020-03-31_01_2020-06-26.xsd#jpcrp030000-asr_E04707-000_TsutomuHanadaMember" xlink:label="TsutomuHanadaMember" />
    <link:loc xlink:type="locator" xlink:href="jpcrp030000-asr-001_E04707-000_2020-03-31_01_2020-06-26.xsd#jpcrp030000-asr_E04707-000_YusaburoMogiMember" xlink:label="YusaburoMogiMember" />
    <link:loc xlink:type="locator" xlink:href="jpcrp030000-asr-001_E04707-000_2020-03-31_01_2020-06-26.xsd#jpcrp030000-asr_E04707-000_ShigeruSuzukiMember" xlink:label="ShigeruSuzukiMember" />
    <link:loc xlink:type="locator" xlink:href="jpcrp030000-asr-001_E04707-000_2020-03-31_01_2020-06-26.xsd#jpcrp030000-asr_E04707-000_TatsuoKainakaMember" xlink:label="TatsuoKainakaMember" />
    <link:loc xlink:type="locator" xlink:href="jpcrp030000-asr-001_E04707-000_2020-03-31_01_2020-06-26.xsd#jpcrp030000-asr_E04707-000_CashCompensationExpenseRemunerationEtcByCategoryOfDirectorsAndOtherOfficersAbstract" xlink:label="CashCompensationExpenseRemunerationEtcByCategoryOfDirectorsAndOtherOfficersAbstract" />
    <link:loc xlink:type="locator" xlink:href="jpcrp030000-asr-001_E04707-000_2020-03-31_01_2020-06-26.xsd#jpcrp030000-asr_E04707-000_StockBasedCompensationExpenseRemunerationEtcByCategoryOfDirectorsAndOtherOfficers" xlink:label="StockBasedCompensationExpenseRemunerationEtcByCategoryOfDirectorsAndOtherOfficers" />
    <link:loc xlink:type="locator" xlink:href="jpcrp030000-asr-001_E04707-000_2020-03-31_01_2020-06-26.xsd#jpcrp030000-asr_E04707-000_ThemeParksReportableSegmentsMember" xlink:label="ThemeParksReportableSegmentsMember" />
    <link:loc xlink:type="locator" xlink:href="jpcrp030000-asr-001_E04707-000_2020-03-31_01_2020-06-26.xsd#jpcrp030000-asr_E04707-000_HotelBusinessReportableSegmentsMember" xlink:label="HotelBusinessReportableSegmentsMember" />
    <link:loc xlink:type="locator" xlink:href="jpcrp030000-asr-001_E04707-000_2020-03-31_01_2020-06-26.xsd#jpcrp030000-asr_E04707-000_LossOnTemporaryClosureEL" xlink:label="LossOnTemporaryClosureEL" />
    <link:loc xlink:type="locator" xlink:href="jpcrp030000-asr-001_E04707-000_2020-03-31_01_2020-06-26.xsd#jpcrp030000-asr_E04707-000_KouseiYonekawaMember" xlink:label="KouseiYonekawaMember" />
    <link:loc xlink:type="locator" xlink:href="jpcrp030000-asr-001_E04707-000_2020-03-31_01_2020-06-26.xsd#jpcrp030000-asr_E04707-000_NorioSaigusaMember" xlink:label="NorioSaigusaMember" />
    <link:loc xlink:type="locator" xlink:href="jpcrp030000-asr-001_E04707-000_2020-03-31_01_2020-06-26.xsd#jpcrp030000-asr_E04707-000_NotesCoverPageTextBlock" xlink:label="NotesCoverPageTextBlock" />
    <link:loc xlink:type="locator" xlink:href="jpcrp030000-asr-001_E04707-000_2020-03-31_01_2020-06-26.xsd#jpcrp030000-asr_E04707-000_LossOnTemporaryClosureTextBlock" xlink:label="LossOnTemporaryClosureTextBlock" />
    <link:loc xlink:type="locator" xlink:href="http://disclosure.edinet-fsa.go.jp/taxonomy/jppfs/2019-11-01/jppfs_cor_2019-11-01.xsd#jppfs_cor_VesselsNet" xlink:label="VesselsNet" />
    <link:label xlink:type="resource" xlink:label="label_VesselsNet" xml:lang="ja" xlink:role="http://disclosure.edinet-fsa.go.jp/jppfs/cte/role/label" id="label_VesselsNet">船舶</link:label>
    <link:labelArc xlink:type="arc" xlink:arcrole="http://www.xbrl.org/2003/arcrole/concept-label" xlink:from="VesselsNet" xlink:to="label_VesselsNet" />
    <link:label xlink:type="resource" xlink:label="label_ThemeParksReportableSegmentsMember" xml:lang="ja" xlink:role="http://www.xbrl.org/2003/role/label" id="label_ThemeParksReportableSegmentsMember">テーマパーク</link:label>
    <link:labelArc xlink:type="arc" xlink:arcrole="http://www.xbrl.org/2003/arcrole/concept-label" xlink:from="ThemeParksReportableSegmentsMember" xlink:to="label_ThemeParksReportableSegmentsMember" />
    <link:label xlink:type="resource" xlink:label="label_ThemeParksReportableSegmentsMember_2" xml:lang="ja" xlink:role="http://www.xbrl.org/2003/role/verboseLabel" id="label_ThemeParksReportableSegmentsMember_2">テーマパーク、報告セグメント [メンバー]</link:label>
    <link:labelArc xlink:type="arc" xlink:arcrole="http://www.xbrl.org/2003/arcrole/concept-label" xlink:from="ThemeParksReportableSegmentsMember" xlink:to="label_ThemeParksReportableSegmentsMember_2" />
    <link:label xlink:type="resource" xlink:label="label_HotelBusinessReportableSegmentsMember" xml:lang="ja" xlink:role="http://www.xbrl.org/2003/role/label" id="label_HotelBusinessReportableSegmentsMember">ホテル</link:label>
    <link:labelArc xlink:type="arc" xlink:arcrole="http://www.xbrl.org/2003/arcrole/concept-label" xlink:from="HotelBusinessReportableSegmentsMember" xlink:to="label_HotelBusinessReportableSegmentsMember" />
    <link:label xlink:type="resource" xlink:label="label_HotelBusinessReportableSegmentsMember_2" xml:lang="ja" xlink:role="http://www.xbrl.org/2003/role/verboseLabel" id="label_HotelBusinessReportableSegmentsMember_2">ホテル、報告セグメント [メンバー]</link:label>
    <link:labelArc xlink:type="arc" xlink:arcrole="http://www.xbrl.org/2003/arcrole/concept-label" xlink:from="HotelBusinessReportableSegmentsMember" xlink:to="label_HotelBusinessReportableSegmentsMember_2" />
    <link:label xlink:type="resource" xlink:label="label_CashCompensationExpenseRemunerationEtcByCategoryOfDirectorsAndOtherOfficersAbstract" xml:lang="ja" xlink:role="http://www.xbrl.org/2003/role/label" id="label_CashCompensationExpenseRemunerationEtcByCategoryOfDirectorsAndOtherOfficersAbstract">現金報酬</link:label>
    <link:labelArc xlink:type="arc" xlink:arcrole="http://www.xbrl.org/2003/arcrole/concept-label" xlink:from="CashCompensationExpenseRemunerationEtcByCategoryOfDirectorsAndOtherOfficersAbstract" xlink:to="label_CashCompensationExpenseRemunerationEtcByCategoryOfDirectorsAndOtherOfficersAbstract" />
    <link:label xlink:type="resource" xlink:label="label_CashCompensationExpenseRemunerationEtcByCategoryOfDirectorsAndOtherOfficersAbstract_2" xml:lang="ja" xlink:role="http://www.xbrl.org/2003/role/verboseLabel" id="label_CashCompensationExpenseRemunerationEtcByCategoryOfDirectorsAndOtherOfficersAbstract_2">現金報酬、役員区分ごとの報酬等 [タイトル項目]</link:label>
    <link:labelArc xlink:type="arc" xlink:arcrole="http://www.xbrl.org/2003/arcrole/concept-label" xlink:from="CashCompensationExpenseRemunerationEtcByCategoryOfDirectorsAndOtherOfficersAbstract" xlink:to="label_CashCompensationExpenseRemunerationEtcByCategoryOfDirectorsAndOtherOfficersAbstract_2" />
    <link:label xlink:type="resource" xlink:label="label_StockBasedCompensationExpenseRemunerationEtcByCategoryOfDirectorsAndOtherOfficers" xml:lang="ja" xlink:role="http://www.xbrl.org/2003/role/label" id="label_StockBasedCompensationExpenseRemunerationEtcByCategoryOfDirectorsAndOtherOfficers">株式報酬</link:label>
    <link:labelArc xlink:type="arc" xlink:arcrole="http://www.xbrl.org/2003/arcrole/concept-label" xlink:from="StockBasedCompensationExpenseRemunerationEtcByCategoryOfDirectorsAndOtherOfficers" xlink:to="label_StockBasedCompensationExpenseRemunerationEtcByCategoryOfDirectorsAndOtherOfficers" />
    <link:label xlink:type="resource" xlink:label="label_StockBasedCompensationExpenseRemunerationEtcByCategoryOfDirectorsAndOtherOfficers_2" xml:lang="ja" xlink:role="http://www.xbrl.org/2003/role/verboseLabel" id="label_StockBasedCompensationExpenseRemunerationEtcByCategoryOfDirectorsAndOtherOfficers_2">株式報酬費用、役員区分ごとの報酬等</link:label>
    <link:labelArc xlink:type="arc" xlink:arcrole="http://www.xbrl.org/2003/arcrole/concept-label" xlink:from="StockBasedCompensationExpenseRemunerationEtcByCategoryOfDirectorsAndOtherOfficers" xlink:to="label_StockBasedCompensationExpenseRemunerationEtcByCategoryOfDirectorsAndOtherOfficers_2" />
    <link:label xlink:type="resource" xlink:label="label_ToshioKagamiMember" xml:lang="ja" xlink:role="http://www.xbrl.org/2003/role/verboseLabel" id="label_ToshioKagamiMember">加賀見　俊夫 [メンバー]</link:label>
    <link:labelArc xlink:type="arc" xlink:arcrole="http://www.xbrl.org/2003/arcrole/concept-label" xlink:from="ToshioKagamiMember" xlink:to="label_ToshioKagamiMember" />
    <link:label xlink:type="resource" xlink:label="label_ToshioKagamiMember_2" xml:lang="ja" xlink:role="http://www.xbrl.org/2003/role/label" id="label_ToshioKagamiMember_2">加賀見　俊夫</link:label>
    <link:labelArc xlink:type="arc" xlink:arcrole="http://www.xbrl.org/2003/arcrole/concept-label" xlink:from="ToshioKagamiMember" xlink:to="label_ToshioKagamiMember_2" />
    <link:label xlink:type="resource" xlink:label="label_KyoichiroUenishiMember" xml:lang="ja" xlink:role="http://www.xbrl.org/2003/role/verboseLabel" id="label_KyoichiroUenishiMember">上西　京一郎 [メンバー]</link:label>
    <link:labelArc xlink:type="arc" xlink:arcrole="http://www.xbrl.org/2003/arcrole/concept-label" xlink:from="KyoichiroUenishiMember" xlink:to="label_KyoichiroUenishiMember" />
    <link:label xlink:type="resource" xlink:label="label_KyoichiroUenishiMember_2" xml:lang="ja" xlink:role="http://www.xbrl.org/2003/role/label" id="label_KyoichiroUenishiMember_2">上西　京一郎</link:label>
    <link:labelArc xlink:type="arc" xlink:arcrole="http://www.xbrl.org/2003/arcrole/concept-label" xlink:from="KyoichiroUenishiMember" xlink:to="label_KyoichiroUenishiMember_2" />
    <link:label xlink:type="resource" xlink:label="label_YumikoTakanoMember" xml:lang="ja" xlink:role="http://www.xbrl.org/2003/role/verboseLabel" id="label_YumikoTakanoMember">髙野　由美子 [メンバー]</link:label>
    <link:labelArc xlink:type="arc" xlink:arcrole="http://www.xbrl.org/2003/arcrole/concept-label" xlink:from="YumikoTakanoMember" xlink:to="label_YumikoTakanoMember" />
    <link:label xlink:type="resource" xlink:label="label_YumikoTakanoMember_2" xml:lang="ja" xlink:role="http://www.xbrl.org/2003/role/label" id="label_YumikoTakanoMember_2">髙野　由美子</link:label>
    <link:labelArc xlink:type="arc" xlink:arcrole="http://www.xbrl.org/2003/arcrole/concept-label" xlink:from="YumikoTakanoMember" xlink:to="label_YumikoTakanoMember_2" />
    <link:label xlink:type="resource" xlink:label="label_YuichiKatayamaMember" xml:lang="ja" xlink:role="http://www.xbrl.org/2003/role/verboseLabel" id="label_YuichiKatayamaMember">片山　雄一 [メンバー]</link:label>
    <link:labelArc xlink:type="arc" xlink:arcrole="http://www.xbrl.org/2003/arcrole/concept-label" xlink:from="YuichiKatayamaMember" xlink:to="label_YuichiKatayamaMember" />
    <link:label xlink:type="resource" xlink:label="label_YuichiKatayamaMember_2" xml:lang="ja" xlink:role="http://www.xbrl.org/2003/role/label" id="label_YuichiKatayamaMember_2">片山　雄一</link:label>
    <link:labelArc xlink:type="arc" xlink:arcrole="http://www.xbrl.org/2003/arcrole/concept-label" xlink:from="YuichiKatayamaMember" xlink:to="label_YuichiKatayamaMember_2" />
    <link:label xlink:type="resource" xlink:label="label_AkiyoshiYokotaMember" xml:lang="ja" xlink:role="http://www.xbrl.org/2003/role/verboseLabel" id="label_AkiyoshiYokotaMember">横田　明宜 [メンバー]</link:label>
    <link:labelArc xlink:type="arc" xlink:arcrole="http://www.xbrl.org/2003/arcrole/concept-label" xlink:from="AkiyoshiYokotaMember" xlink:to="label_AkiyoshiYokotaMember" />
    <link:label xlink:type="resource" xlink:label="label_AkiyoshiYokotaMember_2" xml:lang="ja" xlink:role="http://www.xbrl.org/2003/role/label" id="label_AkiyoshiYokotaMember_2">横田　明宜</link:label>
    <link:labelArc xlink:type="arc" xlink:arcrole="http://www.xbrl.org/2003/arcrole/concept-label" xlink:from="AkiyoshiYokotaMember" xlink:to="label_AkiyoshiYokotaMember_2" />
    <link:label xlink:type="resource" xlink:label="label_WataruTakahashiMember" xml:lang="ja" xlink:role="http://www.xbrl.org/2003/role/verboseLabel" id="label_WataruTakahashiMember">高橋　渉 [メンバー]</link:label>
    <link:labelArc xlink:type="arc" xlink:arcrole="http://www.xbrl.org/2003/arcrole/concept-label" xlink:from="WataruTakahashiMember" xlink:to="label_WataruTakahashiMember" />
    <link:label xlink:type="resource" xlink:label="label_WataruTakahashiMember_2" xml:lang="ja" xlink:role="http://www.xbrl.org/2003/role/label" id="label_WataruTakahashiMember_2">高橋　渉</link:label>
    <link:labelArc xlink:type="arc" xlink:arcrole="http://www.xbrl.org/2003/arcrole/concept-label" xlink:from="WataruTakahashiMember" xlink:to="label_WataruTakahashiMember_2" />
    <link:label xlink:type="resource" xlink:label="label_YuichiKanekiMember" xml:lang="ja" xlink:role="http://www.xbrl.org/2003/role/label" id="label_YuichiKanekiMember">金木　有一</link:label>
    <link:labelArc xlink:type="arc" xlink:arcrole="http://www.xbrl.org/2003/arcrole/concept-label" xlink:from="YuichiKanekiMember" xlink:to="label_YuichiKanekiMember" />
    <link:label xlink:type="resource" xlink:label="label_YuichiKanekiMember_2" xml:lang="ja" xlink:role="http://www.xbrl.org/2003/role/verboseLabel" id="label_YuichiKanekiMember_2">金木　有一 [メンバー]</link:label>
    <link:labelArc xlink:type="arc" xlink:arcrole="http://www.xbrl.org/2003/arcrole/concept-label" xlink:from="YuichiKanekiMember" xlink:to="label_YuichiKanekiMember_2" />
    <link:label xlink:type="resource" xlink:label="label_RikaKanbaraMember" xml:lang="ja" xlink:role="http://www.xbrl.org/2003/role/label" id="label_RikaKanbaraMember">神原　里佳</link:label>
    <link:labelArc xlink:type="arc" xlink:arcrole="http://www.xbrl.org/2003/arcrole/concept-label" xlink:from="RikaKanbaraMember" xlink:to="label_RikaKanbaraMember" />
    <link:label xlink:type="resource" xlink:label="label_RikaKanbaraMember_2" xml:lang="ja" xlink:role="http://www.xbrl.org/2003/role/verboseLabel" id="label_RikaKanbaraMember_2">神原　里佳 [メンバー]</link:label>
    <link:labelArc xlink:type="arc" xlink:arcrole="http://www.xbrl.org/2003/arcrole/concept-label" xlink:from="RikaKanbaraMember" xlink:to="label_RikaKanbaraMember_2" />
    <link:label xlink:type="resource" xlink:label="label_TsutomuHanadaMember" xml:lang="ja" xlink:role="http://www.xbrl.org/2003/role/verboseLabel" id="label_TsutomuHanadaMember">花田　力 [メンバー]</link:label>
    <link:labelArc xlink:type="arc" xlink:arcrole="http://www.xbrl.org/2003/arcrole/concept-label" xlink:from="TsutomuHanadaMember" xlink:to="label_TsutomuHanadaMember" />
    <link:label xlink:type="resource" xlink:label="label_TsutomuHanadaMember_2" xml:lang="ja" xlink:role="http://www.xbrl.org/2003/role/label" id="label_TsutomuHanadaMember_2">花田　力</link:label>
    <link:labelArc xlink:type="arc" xlink:arcrole="http://www.xbrl.org/2003/arcrole/concept-label" xlink:from="TsutomuHanadaMember" xlink:to="label_TsutomuHanadaMember_2" />
    <link:label xlink:type="resource" xlink:label="label_YusaburoMogiMember" xml:lang="ja" xlink:role="http://www.xbrl.org/2003/role/verboseLabel" id="label_YusaburoMogiMember">茂木　友三郎 [メンバー]</link:label>
    <link:labelArc xlink:type="arc" xlink:arcrole="http://www.xbrl.org/2003/arcrole/concept-label" xlink:from="YusaburoMogiMember" xlink:to="label_YusaburoMogiMember" />
    <link:label xlink:type="resource" xlink:label="label_YusaburoMogiMember_2" xml:lang="ja" xlink:role="http://www.xbrl.org/2003/role/label" id="label_YusaburoMogiMember_2">茂木　友三郎</link:label>
    <link:labelArc xlink:type="arc" xlink:arcrole="http://www.xbrl.org/2003/arcrole/concept-label" xlink:from="YusaburoMogiMember" xlink:to="label_YusaburoMogiMember_2" />
    <link:label xlink:type="resource" xlink:label="label_ShigeruSuzukiMember" xml:lang="ja" xlink:role="http://www.xbrl.org/2003/role/verboseLabel" id="label_ShigeruSuzukiMember">鈴木　茂 [メンバー]</link:label>
    <link:labelArc xlink:type="arc" xlink:arcrole="http://www.xbrl.org/2003/arcrole/concept-label" xlink:from="ShigeruSuzukiMember" xlink:to="label_ShigeruSuzukiMember" />
    <link:label xlink:type="resource" xlink:label="label_ShigeruSuzukiMember_2" xml:lang="ja" xlink:role="http://www.xbrl.org/2003/role/label" id="label_ShigeruSuzukiMember_2">鈴木　茂</link:label>
    <link:labelArc xlink:type="arc" xlink:arcrole="http://www.xbrl.org/2003/arcrole/concept-label" xlink:from="ShigeruSuzukiMember" xlink:to="label_ShigeruSuzukiMember_2" />
    <link:label xlink:type="resource" xlink:label="label_TatsuoKainakaMember" xml:lang="ja" xlink:role="http://www.xbrl.org/2003/role/verboseLabel" id="label_TatsuoKainakaMember">甲斐中　辰夫 [メンバー]</link:label>
    <link:labelArc xlink:type="arc" xlink:arcrole="http://www.xbrl.org/2003/arcrole/concept-label" xlink:from="TatsuoKainakaMember" xlink:to="label_TatsuoKainakaMember" />
    <link:label xlink:type="resource" xlink:label="label_TatsuoKainakaMember_2" xml:lang="ja" xlink:role="http://www.xbrl.org/2003/role/label" id="label_TatsuoKainakaMember_2">甲斐中　辰夫</link:label>
    <link:labelArc xlink:type="arc" xlink:arcrole="http://www.xbrl.org/2003/arcrole/concept-label" xlink:from="TatsuoKainakaMember" xlink:to="label_TatsuoKainakaMember_2" />
    <link:label xlink:type="resource" xlink:label="label_KouseiYonekawaMember" xml:lang="ja" xlink:role="http://www.xbrl.org/2003/role/label" id="label_KouseiYonekawaMember">米川　公誠</link:label>
    <link:labelArc xlink:type="arc" xlink:arcrole="http://www.xbrl.org/2003/arcrole/concept-label" xlink:from="KouseiYonekawaMember" xlink:to="label_KouseiYonekawaMember" />
    <link:label xlink:type="resource" xlink:label="label_KouseiYonekawaMember_2" xml:lang="ja" xlink:role="http://www.xbrl.org/2003/role/verboseLabel" id="label_KouseiYonekawaMember_2">米川　公誠 [メンバー]</link:label>
    <link:labelArc xlink:type="arc" xlink:arcrole="http://www.xbrl.org/2003/arcrole/concept-label" xlink:from="KouseiYonekawaMember" xlink:to="label_KouseiYonekawaMember_2" />
    <link:label xlink:type="resource" xlink:label="label_NorioSaigusaMember" xml:lang="ja" xlink:role="http://www.xbrl.org/2003/role/label" id="label_NorioSaigusaMember">三枝　紀生</link:label>
    <link:labelArc xlink:type="arc" xlink:arcrole="http://www.xbrl.org/2003/arcrole/concept-label" xlink:from="NorioSaigusaMember" xlink:to="label_NorioSaigusaMember" />
    <link:label xlink:type="resource" xlink:label="label_NorioSaigusaMember_2" xml:lang="ja" xlink:role="http://www.xbrl.org/2003/role/verboseLabel" id="label_NorioSaigusaMember_2">三枝　紀生 [メンバー]</link:label>
    <link:labelArc xlink:type="arc" xlink:arcrole="http://www.xbrl.org/2003/arcrole/concept-label" xlink:from="NorioSaigusaMember" xlink:to="label_NorioSaigusaMember_2" />
    <link:label xlink:type="resource" xlink:label="label_NotesCoverPageTextBlock" xml:lang="ja" xlink:role="http://www.xbrl.org/2003/role/label" id="label_NotesCoverPageTextBlock">脚注</link:label>
    <link:labelArc xlink:type="arc" xlink:arcrole="http://www.xbrl.org/2003/arcrole/concept-label" xlink:from="NotesCoverPageTextBlock" xlink:to="label_NotesCoverPageTextBlock" />
    <link:label xlink:type="resource" xlink:label="label_NotesCoverPageTextBlock_2" xml:lang="ja" xlink:role="http://www.xbrl.org/2003/role/verboseLabel" id="label_NotesCoverPageTextBlock_2">脚注、表紙 [テキストブロック]</link:label>
    <link:labelArc xlink:type="arc" xlink:arcrole="http://www.xbrl.org/2003/arcrole/concept-label" xlink:from="NotesCoverPageTextBlock" xlink:to="label_NotesCoverPageTextBlock_2" />
    <link:label xlink:type="resource" xlink:label="label_InsuranceReceivedAndInsuranceDividendsNOI" xml:lang="ja" xlink:role="http://www.xbrl.org/2003/role/label" id="label_InsuranceReceivedAndInsuranceDividendsNOI">受取保険金・保険配当金</link:label>
    <link:labelArc xlink:type="arc" xlink:arcrole="http://www.xbrl.org/2003/arcrole/concept-label" xlink:from="InsuranceReceivedAndInsuranceDividendsNOI" xlink:to="label_InsuranceReceivedAndInsuranceDividendsNOI" />
    <link:label xlink:type="resource" xlink:label="label_InsuranceReceivedAndInsuranceDividendsNOI_2" xml:lang="ja" xlink:role="http://www.xbrl.org/2003/role/verboseLabel" id="label_InsuranceReceivedAndInsuranceDividendsNOI_2">受取保険金・保険配当金、営業外収益</link:label>
    <link:labelArc xlink:type="arc" xlink:arcrole="http://www.xbrl.org/2003/arcrole/concept-label" xlink:from="InsuranceReceivedAndInsuranceDividendsNOI" xlink:to="label_InsuranceReceivedAndInsuranceDividendsNOI_2" />
    <link:label xlink:type="resource" xlink:label="label_LossOnTemporaryClosureEL_2" xml:lang="ja" xlink:role="http://www.xbrl.org/2003/role/label" id="label_LossOnTemporaryClosureEL_2">臨時休園による損失</link:label>
    <link:labelArc xlink:type="arc" xlink:arcrole="http://www.xbrl.org/2003/arcrole/concept-label" xlink:from="LossOnTemporaryClosureEL" xlink:to="label_LossOnTemporaryClosureEL_2" />
    <link:label xlink:type="resource" xlink:label="label_LossOnTemporaryClosureEL" xml:lang="ja" xlink:role="http://www.xbrl.org/2003/role/verboseLabel" id="label_LossOnTemporaryClosureEL">臨時休園による損失、特別損失</link:label>
    <link:labelArc xlink:type="arc" xlink:arcrole="http://www.xbrl.org/2003/arcrole/concept-label" xlink:from="LossOnTemporaryClosureEL" xlink:to="label_LossOnTemporaryClosureEL" />
    <link:label xlink:type="resource" xlink:label="label_LossOnTemporaryClosureTextBlock" xml:lang="ja" xlink:role="http://www.xbrl.org/2003/role/label" id="label_LossOnTemporaryClosureTextBlock">臨時休園による損失</link:label>
    <link:labelArc xlink:type="arc" xlink:arcrole="http://www.xbrl.org/2003/arcrole/concept-label" xlink:from="LossOnTemporaryClosureTextBlock" xlink:to="label_LossOnTemporaryClosureTextBlock" />
    <link:label xlink:type="resource" xlink:label="label_LossOnTemporaryClosureTextBlock_2" xml:lang="ja" xlink:role="http://www.xbrl.org/2003/role/verboseLabel" id="label_LossOnTemporaryClosureTextBlock_2">臨時休園による損失 [テキストブロック]</link:label>
    <link:labelArc xlink:type="arc" xlink:arcrole="http://www.xbrl.org/2003/arcrole/concept-label" xlink:from="LossOnTemporaryClosureTextBlock" xlink:to="label_LossOnTemporaryClosureTextBlock_2" />
  </link:labelLink>
</link:linkbase>