<?xml version="1.0" encoding="utf-8"?>
<!-- Generated by PRONEXUS WORKS -->
<link:linkbase xmlns:link="http://www.xbrl.org/2003/linkbase" xmlns:xsi="http://www.w3.org/2001/XMLSchema-instance" xmlns:xbrli="http://www.xbrl.org/2003/instance" xmlns:xlink="http://www.w3.org/1999/xlink">
  <link:roleRef xlink:type="simple" roleURI="http://disclosure.edinet-fsa.go.jp/jppfs/cte/role/label" xlink:href="http://disclosure.edinet-fsa.go.jp/taxonomy/jppfs/2019-11-01/jppfs_rt_2019-11-01.xsd#rol_CTELabel" />
  <link:labelLink xlink:type="extended" xlink:role="http://www.xbrl.org/2003/role/link">
    <link:loc xlink:type="locator" xlink:href="jpcrp030000-asr-001_E04707-000_2020-03-31_01_2020-06-26.xsd#jpcrp030000-asr_E04707-000_InsuranceReceivedAndInsuranceDividendsNOI" xlink:label="InsuranceReceivedAndInsuranceDividendsNOI" />
    <link:loc xlink:type="locator" xlink:href="jpcrp030000-asr-001_E04707-000_2020-03-31_01_2020-06-26.xsd#jpcrp030000-asr_E04707-000_ToshioKagamiMember" xlink:label="ToshioKagamiMember" />
    <link:loc xlink:type="locator" xlink:href="jpcrp030000-asr-001_E04707-000_2020-03-31_01_2020-06-26.xsd#jpcrp030000-asr_E04707-000_KyoichiroUenishiMember" xlink:label="KyoichiroUenishiMember" />
    <link:loc xlink:type="locator" xlink:href="jpcrp030000-asr-001_E04707-000_2020-03-31_01_2020-06-26.xsd#jpcrp030000-asr_E04707-000_YumikoTakanoMember" xlink:label="YumikoTakanoMember" />
    <link:loc xlink:type="locator" xlink:href="jpcrp030000-asr-001_E04707-000_2020-03-31_01_2020-06-26.xsd#jpcrp030000-asr_E04707-000_YuichiKatayamaMember" xlink:label="YuichiKatayamaMember" />
    <link:loc xlink:type="locator" xlink:href="jpcrp030000-asr-001_E04707-000_2020-03-31_01_2020-06-26.xsd#jpcrp030000-asr_E04707-000_AkiyoshiYokotaMember" xlink:label="AkiyoshiYokotaMember" />
    <link:loc xlink:type="locator" xlink:href="jpcrp030000-asr-001_E04707-000_2020-03-31_01_2020-06-26.xsd#jpcrp030000-asr_E04707-000_WataruTakahashiMember" xlink:label="WataruTakahashiMember" />
    <link:loc xlink:type="locator" xlink:href="jpcrp030000-asr-001_E04707-000_2020-03-31_01_2020-06-26.xsd#jpcrp030000-asr_E04707-000_YuichiKanekiMember" xlink:label="YuichiKanekiMember" />
    <link:loc xlink:type="locator" xlink:href="jpcrp030000-asr-001_E04707-000_2020-03-31_01_2020-06-26.xsd#jpcrp030000-asr_E04707-000_RikaKanbaraMember" xlink:label="RikaKanbaraMember" />
    <link:loc xlink:type="locator" xlink:href="jpcrp030000-asr-001_E04707-000_2020-03-31_01_2020-06-26.xsd#jpcrp030000-asr_E04707-000_TsutomuHanadaMember" xlink:label="TsutomuHanadaMember" />
    <link:loc xlink:type="locator" xlink:href="jpcrp030000-asr-001_E04707-000_2020-03-31_01_2020-06-26.xsd#jpcrp030000-asr_E04707-000_YusaburoMogiMember" xlink:label="YusaburoMogiMember" />
    <link:loc xlink:type="locator" xlink:href="jpcrp030000-asr-001_E04707-000_2020-03-31_01_2020-06-26.xsd#jpcrp030000-asr_E04707-000_ShigeruSuzukiMember" xlink:label="ShigeruSuzukiMember" />
    <link:loc xlink:type="locator" xlink:href="jpcrp030000-asr-001_E04707-000_2020-03-31_01_2020-06-26.xsd#jpcrp030000-asr_E04707-000_TatsuoKainakaMember" xlink:label="TatsuoKainakaMember" />
    <link:loc xlink:type="locator" xlink:href="jpcrp030000-asr-001_E04707-000_2020-03-31_01_2020-06-26.xsd#jpcrp030000-asr_E04707-000_CashCompensationExpenseRemunerationEtcByCategoryOfDirectorsAndOtherOfficersAbstract" xlink:label="CashCompensationExpenseRemunerationEtcByCategoryOfDirectorsAndOtherOfficersAbstract" />
    <link:loc xlink:type="locator" xlink:href="jpcrp030000-asr-001_E04707-000_2020-03-31_01_2020-06-26.xsd#jpcrp030000-asr_E04707-000_StockBasedCompensationExpenseRemunerationEtcByCategoryOfDirectorsAndOtherOfficers" xlink:label="StockBasedCompensationExpenseRemunerationEtcByCategoryOfDirectorsAndOtherOfficers" />
    <link:loc xlink:type="locator" xlink:href="jpcrp030000-asr-001_E04707-000_2020-03-31_01_2020-06-26.xsd#jpcrp030000-asr_E04707-000_ThemeParksReportableSegmentsMember" xlink:label="ThemeParksReportableSegmentsMember" />
    <link:loc xlink:type="locator" xlink:href="jpcrp030000-asr-001_E04707-000_2020-03-31_01_2020-06-26.xsd#jpcrp030000-asr_E04707-000_HotelBusinessReportableSegmentsMember" xlink:label="HotelBusinessReportableSegmentsMember" />
    <link:loc xlink:type="locator" xlink:href="jpcrp030000-asr-001_E04707-000_2020-03-31_01_2020-06-26.xsd#jpcrp030000-asr_E04707-000_LossOnTemporaryClosureEL" xlink:label="LossOnTemporaryClosureEL" />
    <link:loc xlink:type="locator" xlink:href="jpcrp030000-asr-001_E04707-000_2020-03-31_01_2020-06-26.xsd#jpcrp030000-asr_E04707-000_KouseiYonekawaMember" xlink:label="KouseiYonekawaMember" />
    <link:loc xlink:type="locator" xlink:href="jpcrp030000-asr-001_E04707-000_2020-03-31_01_2020-06-26.xsd#jpcrp030000-asr_E04707-000_NorioSaigusaMember" xlink:label="NorioSaigusaMember" />
    <link:loc xlink:type="locator" xlink:href="jpcrp030000-asr-001_E04707-000_2020-03-31_01_2020-06-26.xsd#jpcrp030000-asr_E04707-000_NotesCoverPageTextBlock" xlink:label="NotesCoverPageTextBlock" />
    <link:loc xlink:type="locator" xlink:href="jpcrp030000-asr-001_E04707-000_2020-03-31_01_2020-06-26.xsd#jpcrp030000-asr_E04707-000_LossOnTemporaryClosureTextBlock" xlink:label="LossOnTemporaryClosureTextBlock" />
    <link:loc xlink:type="locator" xlink:href="http://disclosure.edinet-fsa.go.jp/taxonomy/jppfs/2019-11-01/jppfs_cor_2019-11-01.xsd#jppfs_cor_VesselsNet" xlink:label="VesselsNet" />
    <link:label xlink:type="resource" xlink:label="label_VesselsNet" xml:lang="en" xlink:role="http://disclosure.edinet-fsa.go.jp/jppfs/cte/role/label" id="label_VesselsNet">Vessels</link:label>
    <link:labelArc xlink:type="arc" xlink:arcrole="http://www.xbrl.org/2003/arcrole/concept-label" xlink:from="VesselsNet" xlink:to="label_VesselsNet" />
    <link:label xlink:type="resource" xlink:label="label_ThemeParksReportableSegmentsMember" xml:lang="en" xlink:role="http://www.xbrl.org/2003/role/label" id="label_ThemeParksReportableSegmentsMember">Theme Parks</link:label>
    <link:labelArc xlink:type="arc" xlink:arcrole="http://www.xbrl.org/2003/arcrole/concept-label" xlink:from="ThemeParksReportableSegmentsMember" xlink:to="label_ThemeParksReportableSegmentsMember" />
    <link:label xlink:type="resource" xlink:label="label_ThemeParksReportableSegmentsMember_2" xml:lang="en" xlink:role="http://www.xbrl.org/2003/role/verboseLabel" id="label_ThemeParksReportableSegmentsMember_2">Theme Parks, Reportable segments [member]</link:label>
    <link:labelArc xlink:type="arc" xlink:arcrole="http://www.xbrl.org/2003/arcrole/concept-label" xlink:from="ThemeParksReportableSegmentsMember" xlink:to="label_ThemeParksReportableSegmentsMember_2" />
    <link:label xlink:type="resource" xlink:label="label_HotelBusinessReportableSegmentsMember" xml:lang="en" xlink:role="http://www.xbrl.org/2003/role/label" id="label_HotelBusinessReportableSegmentsMember">Hotel</link:label>
    <link:labelArc xlink:type="arc" xlink:arcrole="http://www.xbrl.org/2003/arcrole/concept-label" xlink:from="HotelBusinessReportableSegmentsMember" xlink:to="label_HotelBusinessReportableSegmentsMember" />
    <link:label xlink:type="resource" xlink:label="label_HotelBusinessReportableSegmentsMember_2" xml:lang="en" xlink:role="http://www.xbrl.org/2003/role/verboseLabel" id="label_HotelBusinessReportableSegmentsMember_2">Hotel Business, Reportable segments [member]</link:label>
    <link:labelArc xlink:type="arc" xlink:arcrole="http://www.xbrl.org/2003/arcrole/concept-label" xlink:from="HotelBusinessReportableSegmentsMember" xlink:to="label_HotelBusinessReportableSegmentsMember_2" />
    <link:label xlink:type="resource" xlink:label="label_CashCompensationExpenseRemunerationEtcByCategoryOfDirectorsAndOtherOfficersAbstract" xml:lang="en" xlink:role="http://www.xbrl.org/2003/role/label" id="label_CashCompensationExpenseRemunerationEtcByCategoryOfDirectorsAndOtherOfficersAbstract">Cash compensation expense</link:label>
    <link:labelArc xlink:type="arc" xlink:arcrole="http://www.xbrl.org/2003/arcrole/concept-label" xlink:from="CashCompensationExpenseRemunerationEtcByCategoryOfDirectorsAndOtherOfficersAbstract" xlink:to="label_CashCompensationExpenseRemunerationEtcByCategoryOfDirectorsAndOtherOfficersAbstract" />
    <link:label xlink:type="resource" xlink:label="label_CashCompensationExpenseRemunerationEtcByCategoryOfDirectorsAndOtherOfficersAbstract_2" xml:lang="en" xlink:role="http://www.xbrl.org/2003/role/verboseLabel" id="label_CashCompensationExpenseRemunerationEtcByCategoryOfDirectorsAndOtherOfficersAbstract_2">Cash compensation expense, Remuneration, etc. by category of directors (and other officers) [abstract]</link:label>
    <link:labelArc xlink:type="arc" xlink:arcrole="http://www.xbrl.org/2003/arcrole/concept-label" xlink:from="CashCompensationExpenseRemunerationEtcByCategoryOfDirectorsAndOtherOfficersAbstract" xlink:to="label_CashCompensationExpenseRemunerationEtcByCategoryOfDirectorsAndOtherOfficersAbstract_2" />
    <link:label xlink:type="resource" xlink:label="label_StockBasedCompensationExpenseRemunerationEtcByCategoryOfDirectorsAndOtherOfficers" xml:lang="en" xlink:role="http://www.xbrl.org/2003/role/label" id="label_StockBasedCompensationExpenseRemunerationEtcByCategoryOfDirectorsAndOtherOfficers">Stock based compensation expense</link:label>
    <link:labelArc xlink:type="arc" xlink:arcrole="http://www.xbrl.org/2003/arcrole/concept-label" xlink:from="StockBasedCompensationExpenseRemunerationEtcByCategoryOfDirectorsAndOtherOfficers" xlink:to="label_StockBasedCompensationExpenseRemunerationEtcByCategoryOfDirectorsAndOtherOfficers" />
    <link:label xlink:type="resource" xlink:label="label_StockBasedCompensationExpenseRemunerationEtcByCategoryOfDirectorsAndOtherOfficers_2" xml:lang="en" xlink:role="http://www.xbrl.org/2003/role/verboseLabel" id="label_StockBasedCompensationExpenseRemunerationEtcByCategoryOfDirectorsAndOtherOfficers_2">Stock based compensation expense, Remuneration, etc. by category of directors (and other officers)</link:label>
    <link:labelArc xlink:type="arc" xlink:arcrole="http://www.xbrl.org/2003/arcrole/concept-label" xlink:from="StockBasedCompensationExpenseRemunerationEtcByCategoryOfDirectorsAndOtherOfficers" xlink:to="label_StockBasedCompensationExpenseRemunerationEtcByCategoryOfDirectorsAndOtherOfficers_2" />
    <link:label xlink:type="resource" xlink:label="label_ToshioKagamiMember" xml:lang="en" xlink:role="http://www.xbrl.org/2003/role/verboseLabel" id="label_ToshioKagamiMember">Toshio Kagami [member]</link:label>
    <link:labelArc xlink:type="arc" xlink:arcrole="http://www.xbrl.org/2003/arcrole/concept-label" xlink:from="ToshioKagamiMember" xlink:to="label_ToshioKagamiMember" />
    <link:label xlink:type="resource" xlink:label="label_ToshioKagamiMember_2" xml:lang="en" xlink:role="http://www.xbrl.org/2003/role/label" id="label_ToshioKagamiMember_2">Toshio Kagami</link:label>
    <link:labelArc xlink:type="arc" xlink:arcrole="http://www.xbrl.org/2003/arcrole/concept-label" xlink:from="ToshioKagamiMember" xlink:to="label_ToshioKagamiMember_2" />
    <link:label xlink:type="resource" xlink:label="label_KyoichiroUenishiMember" xml:lang="en" xlink:role="http://www.xbrl.org/2003/role/verboseLabel" id="label_KyoichiroUenishiMember">Kyoichiro Uenishi [member]</link:label>
    <link:labelArc xlink:type="arc" xlink:arcrole="http://www.xbrl.org/2003/arcrole/concept-label" xlink:from="KyoichiroUenishiMember" xlink:to="label_KyoichiroUenishiMember" />
    <link:label xlink:type="resource" xlink:label="label_KyoichiroUenishiMember_2" xml:lang="en" xlink:role="http://www.xbrl.org/2003/role/label" id="label_KyoichiroUenishiMember_2">Kyoichiro Uenishi</link:label>
    <link:labelArc xlink:type="arc" xlink:arcrole="http://www.xbrl.org/2003/arcrole/concept-label" xlink:from="KyoichiroUenishiMember" xlink:to="label_KyoichiroUenishiMember_2" />
    <link:label xlink:type="resource" xlink:label="label_YumikoTakanoMember" xml:lang="en" xlink:role="http://www.xbrl.org/2003/role/verboseLabel" id="label_YumikoTakanoMember">Yumiko Takano [member]</link:label>
    <link:labelArc xlink:type="arc" xlink:arcrole="http://www.xbrl.org/2003/arcrole/concept-label" xlink:from="YumikoTakanoMember" xlink:to="label_YumikoTakanoMember" />
    <link:label xlink:type="resource" xlink:label="label_YumikoTakanoMember_2" xml:lang="en" xlink:role="http://www.xbrl.org/2003/role/label" id="label_YumikoTakanoMember_2">Yumiko Takano</link:label>
    <link:labelArc xlink:type="arc" xlink:arcrole="http://www.xbrl.org/2003/arcrole/concept-label" xlink:from="YumikoTakanoMember" xlink:to="label_YumikoTakanoMember_2" />
    <link:label xlink:type="resource" xlink:label="label_YuichiKatayamaMember" xml:lang="en" xlink:role="http://www.xbrl.org/2003/role/verboseLabel" id="label_YuichiKatayamaMember">Yuichi Katayama [member]</link:label>
    <link:labelArc xlink:type="arc" xlink:arcrole="http://www.xbrl.org/2003/arcrole/concept-label" xlink:from="YuichiKatayamaMember" xlink:to="label_YuichiKatayamaMember" />
    <link:label xlink:type="resource" xlink:label="label_YuichiKatayamaMember_2" xml:lang="en" xlink:role="http://www.xbrl.org/2003/role/label" id="label_YuichiKatayamaMember_2">Yuichi Katayama</link:label>
    <link:labelArc xlink:type="arc" xlink:arcrole="http://www.xbrl.org/2003/arcrole/concept-label" xlink:from="YuichiKatayamaMember" xlink:to="label_YuichiKatayamaMember_2" />
    <link:label xlink:type="resource" xlink:label="label_AkiyoshiYokotaMember" xml:lang="en" xlink:role="http://www.xbrl.org/2003/role/verboseLabel" id="label_AkiyoshiYokotaMember">Akiyoshi Yokota [member]</link:label>
    <link:labelArc xlink:type="arc" xlink:arcrole="http://www.xbrl.org/2003/arcrole/concept-label" xlink:from="AkiyoshiYokotaMember" xlink:to="label_AkiyoshiYokotaMember" />
    <link:label xlink:type="resource" xlink:label="label_AkiyoshiYokotaMember_2" xml:lang="en" xlink:role="http://www.xbrl.org/2003/role/label" id="label_AkiyoshiYokotaMember_2">Akiyoshi Yokota</link:label>
    <link:labelArc xlink:type="arc" xlink:arcrole="http://www.xbrl.org/2003/arcrole/concept-label" xlink:from="AkiyoshiYokotaMember" xlink:to="label_AkiyoshiYokotaMember_2" />
    <link:label xlink:type="resource" xlink:label="label_WataruTakahashiMember" xml:lang="en" xlink:role="http://www.xbrl.org/2003/role/verboseLabel" id="label_WataruTakahashiMember">Wataru Takahashi [member]</link:label>
    <link:labelArc xlink:type="arc" xlink:arcrole="http://www.xbrl.org/2003/arcrole/concept-label" xlink:from="WataruTakahashiMember" xlink:to="label_WataruTakahashiMember" />
    <link:label xlink:type="resource" xlink:label="label_WataruTakahashiMember_2" xml:lang="en" xlink:role="http://www.xbrl.org/2003/role/label" id="label_WataruTakahashiMember_2">Wataru Takahashi</link:label>
    <link:labelArc xlink:type="arc" xlink:arcrole="http://www.xbrl.org/2003/arcrole/concept-label" xlink:from="WataruTakahashiMember" xlink:to="label_WataruTakahashiMember_2" />
    <link:label xlink:type="resource" xlink:label="label_YuichiKanekiMember" xml:lang="en" xlink:role="http://www.xbrl.org/2003/role/label" id="label_YuichiKanekiMember">Yuichi kaneki</link:label>
    <link:labelArc xlink:type="arc" xlink:arcrole="http://www.xbrl.org/2003/arcrole/concept-label" xlink:from="YuichiKanekiMember" xlink:to="label_YuichiKanekiMember" />
    <link:label xlink:type="resource" xlink:label="label_YuichiKanekiMember_2" xml:lang="en" xlink:role="http://www.xbrl.org/2003/role/verboseLabel" id="label_YuichiKanekiMember_2">Yuichi kaneki [member]</link:label>
    <link:labelArc xlink:type="arc" xlink:arcrole="http://www.xbrl.org/2003/arcrole/concept-label" xlink:from="YuichiKanekiMember" xlink:to="label_YuichiKanekiMember_2" />
    <link:label xlink:type="resource" xlink:label="label_RikaKanbaraMember" xml:lang="en" xlink:role="http://www.xbrl.org/2003/role/label" id="label_RikaKanbaraMember">Rika Kanbara</link:label>
    <link:labelArc xlink:type="arc" xlink:arcrole="http://www.xbrl.org/2003/arcrole/concept-label" xlink:from="RikaKanbaraMember" xlink:to="label_RikaKanbaraMember" />
    <link:label xlink:type="resource" xlink:label="label_RikaKanbaraMember_2" xml:lang="en" xlink:role="http://www.xbrl.org/2003/role/verboseLabel" id="label_RikaKanbaraMember_2">Rika Kanbara [member]</link:label>
    <link:labelArc xlink:type="arc" xlink:arcrole="http://www.xbrl.org/2003/arcrole/concept-label" xlink:from="RikaKanbaraMember" xlink:to="label_RikaKanbaraMember_2" />
    <link:label xlink:type="resource" xlink:label="label_TsutomuHanadaMember" xml:lang="en" xlink:role="http://www.xbrl.org/2003/role/verboseLabel" id="label_TsutomuHanadaMember">Tsutomu Hanada [member]</link:label>
    <link:labelArc xlink:type="arc" xlink:arcrole="http://www.xbrl.org/2003/arcrole/concept-label" xlink:from="TsutomuHanadaMember" xlink:to="label_TsutomuHanadaMember" />
    <link:label xlink:type="resource" xlink:label="label_TsutomuHanadaMember_2" xml:lang="en" xlink:role="http://www.xbrl.org/2003/role/label" id="label_TsutomuHanadaMember_2">Tsutomu Hanada</link:label>
    <link:labelArc xlink:type="arc" xlink:arcrole="http://www.xbrl.org/2003/arcrole/concept-label" xlink:from="TsutomuHanadaMember" xlink:to="label_TsutomuHanadaMember_2" />
    <link:label xlink:type="resource" xlink:label="label_YusaburoMogiMember" xml:lang="en" xlink:role="http://www.xbrl.org/2003/role/verboseLabel" id="label_YusaburoMogiMember">Yusaburo Mogi [member]</link:label>
    <link:labelArc xlink:type="arc" xlink:arcrole="http://www.xbrl.org/2003/arcrole/concept-label" xlink:from="YusaburoMogiMember" xlink:to="label_YusaburoMogiMember" />
    <link:label xlink:type="resource" xlink:label="label_YusaburoMogiMember_2" xml:lang="en" xlink:role="http://www.xbrl.org/2003/role/label" id="label_YusaburoMogiMember_2">Yusaburo Mogi</link:label>
    <link:labelArc xlink:type="arc" xlink:arcrole="http://www.xbrl.org/2003/arcrole/concept-label" xlink:from="YusaburoMogiMember" xlink:to="label_YusaburoMogiMember_2" />
    <link:label xlink:type="resource" xlink:label="label_ShigeruSuzukiMember" xml:lang="en" xlink:role="http://www.xbrl.org/2003/role/verboseLabel" id="label_ShigeruSuzukiMember">Shigeru Suzuki [member]</link:label>
    <link:labelArc xlink:type="arc" xlink:arcrole="http://www.xbrl.org/2003/arcrole/concept-label" xlink:from="ShigeruSuzukiMember" xlink:to="label_ShigeruSuzukiMember" />
    <link:label xlink:type="resource" xlink:label="label_ShigeruSuzukiMember_2" xml:lang="en" xlink:role="http://www.xbrl.org/2003/role/label" id="label_ShigeruSuzukiMember_2">Shigeru Suzuki</link:label>
    <link:labelArc xlink:type="arc" xlink:arcrole="http://www.xbrl.org/2003/arcrole/concept-label" xlink:from="ShigeruSuzukiMember" xlink:to="label_ShigeruSuzukiMember_2" />
    <link:label xlink:type="resource" xlink:label="label_TatsuoKainakaMember" xml:lang="en" xlink:role="http://www.xbrl.org/2003/role/verboseLabel" id="label_TatsuoKainakaMember">Tatsuo Kainaka [member]</link:label>
    <link:labelArc xlink:type="arc" xlink:arcrole="http://www.xbrl.org/2003/arcrole/concept-label" xlink:from="TatsuoKainakaMember" xlink:to="label_TatsuoKainakaMember" />
    <link:label xlink:type="resource" xlink:label="label_TatsuoKainakaMember_2" xml:lang="en" xlink:role="http://www.xbrl.org/2003/role/label" id="label_TatsuoKainakaMember_2">Tatsuo Kainaka</link:label>
    <link:labelArc xlink:type="arc" xlink:arcrole="http://www.xbrl.org/2003/arcrole/concept-label" xlink:from="TatsuoKainakaMember" xlink:to="label_TatsuoKainakaMember_2" />
    <link:label xlink:type="resource" xlink:label="label_KouseiYonekawaMember" xml:lang="en" xlink:role="http://www.xbrl.org/2003/role/label" id="label_KouseiYonekawaMember">Kousei Yonekawa</link:label>
    <link:labelArc xlink:type="arc" xlink:arcrole="http://www.xbrl.org/2003/arcrole/concept-label" xlink:from="KouseiYonekawaMember" xlink:to="label_KouseiYonekawaMember" />
    <link:label xlink:type="resource" xlink:label="label_KouseiYonekawaMember_2" xml:lang="en" xlink:role="http://www.xbrl.org/2003/role/verboseLabel" id="label_KouseiYonekawaMember_2">Kousei Yonekawa [member]</link:label>
    <link:labelArc xlink:type="arc" xlink:arcrole="http://www.xbrl.org/2003/arcrole/concept-label" xlink:from="KouseiYonekawaMember" xlink:to="label_KouseiYonekawaMember_2" />
    <link:label xlink:type="resource" xlink:label="label_NorioSaigusaMember" xml:lang="en" xlink:role="http://www.xbrl.org/2003/role/label" id="label_NorioSaigusaMember">Norio Saigusa</link:label>
    <link:labelArc xlink:type="arc" xlink:arcrole="http://www.xbrl.org/2003/arcrole/concept-label" xlink:from="NorioSaigusaMember" xlink:to="label_NorioSaigusaMember" />
    <link:label xlink:type="resource" xlink:label="label_NorioSaigusaMember_2" xml:lang="en" xlink:role="http://www.xbrl.org/2003/role/verboseLabel" id="label_NorioSaigusaMember_2">Norio Saigusa [member]</link:label>
    <link:labelArc xlink:type="arc" xlink:arcrole="http://www.xbrl.org/2003/arcrole/concept-label" xlink:from="NorioSaigusaMember" xlink:to="label_NorioSaigusaMember_2" />
    <link:label xlink:type="resource" xlink:label="label_NotesCoverPageTextBlock" xml:lang="en" xlink:role="http://www.xbrl.org/2003/role/label" id="label_NotesCoverPageTextBlock">Notes</link:label>
    <link:labelArc xlink:type="arc" xlink:arcrole="http://www.xbrl.org/2003/arcrole/concept-label" xlink:from="NotesCoverPageTextBlock" xlink:to="label_NotesCoverPageTextBlock" />
    <link:label xlink:type="resource" xlink:label="label_NotesCoverPageTextBlock_2" xml:lang="en" xlink:role="http://www.xbrl.org/2003/role/verboseLabel" id="label_NotesCoverPageTextBlock_2">Notes, Cover page [text block]</link:label>
    <link:labelArc xlink:type="arc" xlink:arcrole="http://www.xbrl.org/2003/arcrole/concept-label" xlink:from="NotesCoverPageTextBlock" xlink:to="label_NotesCoverPageTextBlock_2" />
    <link:label xlink:type="resource" xlink:label="label_InsuranceReceivedAndInsuranceDividendsNOI" xml:lang="en" xlink:role="http://www.xbrl.org/2003/role/label" id="label_InsuranceReceivedAndInsuranceDividendsNOI">Insurance received and insurance dividends</link:label>
    <link:labelArc xlink:type="arc" xlink:arcrole="http://www.xbrl.org/2003/arcrole/concept-label" xlink:from="InsuranceReceivedAndInsuranceDividendsNOI" xlink:to="label_InsuranceReceivedAndInsuranceDividendsNOI" />
    <link:label xlink:type="resource" xlink:label="label_InsuranceReceivedAndInsuranceDividendsNOI_2" xml:lang="en" xlink:role="http://www.xbrl.org/2003/role/verboseLabel" id="label_InsuranceReceivedAndInsuranceDividendsNOI_2">Insurance received and insurance dividends-NOI</link:label>
    <link:labelArc xlink:type="arc" xlink:arcrole="http://www.xbrl.org/2003/arcrole/concept-label" xlink:from="InsuranceReceivedAndInsuranceDividendsNOI" xlink:to="label_InsuranceReceivedAndInsuranceDividendsNOI_2" />
    <link:label xlink:type="resource" xlink:label="label_LossOnTemporaryClosureEL" xml:lang="en" xlink:role="http://www.xbrl.org/2003/role/label" id="label_LossOnTemporaryClosureEL">Loss on temporary closure</link:label>
    <link:labelArc xlink:type="arc" xlink:arcrole="http://www.xbrl.org/2003/arcrole/concept-label" xlink:from="LossOnTemporaryClosureEL" xlink:to="label_LossOnTemporaryClosureEL" />
    <link:label xlink:type="resource" xlink:label="label_LossOnTemporaryClosureEL_2" xml:lang="en" xlink:role="http://www.xbrl.org/2003/role/verboseLabel" id="label_LossOnTemporaryClosureEL_2">Loss on temporary closure-EL</link:label>
    <link:labelArc xlink:type="arc" xlink:arcrole="http://www.xbrl.org/2003/arcrole/concept-label" xlink:from="LossOnTemporaryClosureEL" xlink:to="label_LossOnTemporaryClosureEL_2" />
    <link:label xlink:type="resource" xlink:label="label_LossOnTemporaryClosureTextBlock" xml:lang="en" xlink:role="http://www.xbrl.org/2003/role/label" id="label_LossOnTemporaryClosureTextBlock">Loss on temporary closure</link:label>
    <link:labelArc xlink:type="arc" xlink:arcrole="http://www.xbrl.org/2003/arcrole/concept-label" xlink:from="LossOnTemporaryClosureTextBlock" xlink:to="label_LossOnTemporaryClosureTextBlock" />
    <link:label xlink:type="resource" xlink:label="label_LossOnTemporaryClosureTextBlock_2" xml:lang="en" xlink:role="http://www.xbrl.org/2003/role/verboseLabel" id="label_LossOnTemporaryClosureTextBlock_2">Loss on temporary closure [text block]</link:label>
    <link:labelArc xlink:type="arc" xlink:arcrole="http://www.xbrl.org/2003/arcrole/concept-label" xlink:from="LossOnTemporaryClosureTextBlock" xlink:to="label_LossOnTemporaryClosureTextBlock_2" />
  </link:labelLink>
</link:linkbase>